time_min	eps_a	eps_v	sigmaP_3_kPa	sigma_3_kPa	sigma_d_kPa
0	-0.004624	-0.0022	99.74	169.4	2.671
0.0166666666666667	0.00151	-0.0022	99.84	169.2	2.031
0.0333333333333333	0.01	-0.0022	100.2	169.6	0.7377
0.05	0.01142	-0.01797	99.74	169.4	0.42
0.0666666666666667	0.01661	-0.0022	95.53	169.8	13.4
0.0833333333333333	0.01897	0.007261	91.74	170.4	23.48
0.1	0.01755	0.004108	89.32	170.2	31.27
0.116666666666667	0.01519	0.0009541	87.11	170.4	38.27
0.133333333333333	0.01614	-0.0022	85.69	171.3	44.94
0.15	0.02133	-0.0022	84.17	171.1	50.66
0.166666666666667	0.03077	-0.0022	83.69	170.2	54.34
0.183333333333333	0.04209	-0.0022	82.69	169.4	58.07
0.2	0.05341	-0.0022	81.91	169.6	60.51
0.216666666666667	0.06096	0.0009541	80.59	169.4	61.86
0.233333333333333	0.06332	-0.0022	79.59	169	62.89
0.25	0.06332	0.004108	79.01	169.8	63.52
0.266666666666667	0.05577	0.004108	78.07	170.2	64.61
0.283333333333333	0.05153	0.0009541	77.7	170.9	65.43
0.3	0.04351	0.0009541	77.64	170.4	67.18
0.316666666666667	0.04209	0.004108	77.85	171.3	67.24
0.333333333333333	0.04303	-0.005353	78.22	170.4	66.99
0.35	0.052	-0.0022	78.91	170	66.54
0.366666666666667	0.05955	-0.005353	79.59	169.8	65.44
0.383333333333333	0.06238	-0.0022	79.7	169.6	63.65
0.4	0.06615	-0.0022	79.91	169.2	59.22
0.416666666666667	0.05719	-0.005353	83.22	169.6	41.09
0.433333333333333	0.04964	0.0009541	84.59	170.2	32.67
0.45	0.03548	0.0009541	85.85	170	26.25
0.466666666666667	0.02605	0.004108	87.11	170.4	20.39
0.483333333333333	0.01614	0.004108	88.48	171.1	14.86
0.5	0.009532	0.0009541	90.69	170.9	9.459
0.516666666666667	0.008588	-0.0022	92.74	170	3.238
0.533333333333333	0.007644	-0.005353	94.9	170.4	-3.392
0.55	0.007172	-0.0022	96.79	169.8	-11.16
0.566666666666667	0.008116	-0.0022	98.27	169.6	-18.62
0.583333333333333	0.004813	0.0009541	99	169.2	-24.97
0.6	-0.006983	0.0009541	99.74	169.6	-33.41
0.616666666666667	-0.02114	0.0009541	99.95	169.6	-39.33
0.633333333333333	-0.0386	0.004108	100.2	170.2	-43.79
0.65	-0.06172	0.004108	100.1	170.6	-47.6
0.666666666666667	-0.08059	0.004108	100.9	170.9	-51.16
0.683333333333333	-0.1004	0.0009541	101.4	170.6	-53.86
0.7	-0.1183	-0.005353	102.1	170.2	-56.7
0.716666666666667	-0.133	-0.0022	103	170	-59.21
0.733333333333333	-0.1448	-0.005353	104.1	169.6	-61.98
0.75	-0.1566	0.0009541	104.5	169.4	-64.56
0.766666666666667	-0.1651	0.0009541	104.4	169.4	-66.11
0.783333333333333	-0.1754	0.004108	104.1	169.6	-67.61
0.8	-0.1844	0.0009541	103.6	170.2	-67.88
0.816666666666667	-0.191	0.004108	103.2	170.2	-66.73
0.833333333333333	-0.2019	0.0009541	102.7	170.6	-65
0.85	-0.2061	0.0009541	102.3	170.6	-62.88
0.866666666666667	-0.2071	0.0009541	102.5	170.6	-61.78
0.883333333333333	-0.2004	-0.005353	102.7	170.9	-60.94
0.9	-0.1957	-0.005353	102.6	169.8	-59.05
0.916666666666667	-0.1754	-0.0022	95.32	169.8	-43.9
0.933333333333333	-0.157	-0.0022	90.53	169.4	-35.06
0.95	-0.1481	0.0009541	87.22	169.2	-29.2
0.966666666666667	-0.1419	0.0009541	83.38	169.2	-23.08
0.983333333333333	-0.141	0.004108	80.06	169.8	-16.65
1	-0.1382	0.0009541	77.17	170	-9.958
1.01666666666667	-0.1358	0.004108	73.86	170.6	-2.307
1.03333333333333	-0.132	0.0009541	70.86	170.9	6.125
1.05	-0.1212	0.0009541	68.12	170.6	13.92
1.06666666666667	-0.1056	0.0009541	65.49	170.2	21.58
1.08333333333333	-0.08626	-0.0022	63.65	170	27.25
1.1	-0.06974	-0.0022	61.6	169.2	32.98
1.11666666666667	-0.05275	-0.0022	59.92	169.4	37.73
1.13333333333333	-0.05323	-0.0022	58.44	170	44.48
1.15	-0.03482	0.004108	55.39	169.8	46.21
1.16666666666667	-0.03294	0.0009541	54.71	170.6	50.76
1.18333333333333	-0.02916	0.0009541	53.55	171.1	55.45
1.2	-0.02822	0.0009541	53	170.9	59.89
1.21666666666667	-0.0235	0.0009541	52.89	170.6	63.88
1.23333333333333	-0.01831	-0.005353	53.24	170.6	66.38
1.25	-0.00368	0.0009541	53.24	169.8	67.48
1.26666666666667	0.005757	-0.005353	53.58	169	67.23
1.28333333333333	0.01189	0.0009541	53.42	169.4	66.45
1.3	0.01472	0.0009541	52.82	169.6	64.9
1.31666666666667	0.01189	0.0009541	52.76	170	63.29
1.33333333333333	0.006229	-0.0022	52.47	170.2	63.16
1.35	9.451e-05	0.0009541	52.47	170.4	63.1
1.36666666666667	-0.006983	0.0009541	52.53	170.4	64.07
1.38333333333333	-0.01076	0.0009541	52.76	170.2	64.14
1.4	-0.008399	-0.0022	53.92	170.4	62.39
1.41666666666667	-0.01406	-0.005353	57.76	170.2	44.07
1.43333333333333	-0.01217	-0.005353	59.76	169.6	35.21
1.45	-0.007455	0.0009541	61.23	169.6	27.49
1.46666666666667	-0.01029	-0.0022	62.39	169.4	20.1
1.48333333333333	-0.01689	0.0009541	63.34	170	12.69
1.5	-0.02963	0.0009541	64.76	169.8	5.43
1.51666666666667	-0.04284	0.0009541	66.02	170.2	-0.4312
1.53333333333333	-0.05794	0.004108	67.75	170.9	-5.654
1.55	-0.06738	-0.0022	69.39	170.6	-10.99
1.56666666666667	-0.0754	-0.0022	71.81	170	-17.16
1.58333333333333	-0.07871	-0.0022	73.75	170	-22.63
1.6	-0.07965	0.0009541	76.38	169.8	-30.22
1.61666666666667	-0.08578	-0.0022	78.7	169.4	-36.71
1.63333333333333	-0.09239	0.0009541	80.43	169.4	-43.47
1.65	-0.1056	-0.0022	82.12	169.6	-48.63
1.66666666666667	-0.1245	0.0009541	84.01	169.8	-53.28
1.68333333333333	-0.1481	0.004108	85.69	170.9	-56.6
1.7	-0.1693	0.004108	87.9	170.9	-59
1.71666666666667	-0.1905	0.0009541	90.22	170.4	-60.16
1.73333333333333	-0.2042	-0.005353	92.64	170.6	-61.07
1.75	-0.217	-0.0022	94.85	170.4	-62.62
1.76666666666667	-0.2226	-0.0022	96.16	169.6	-63.83
1.78333333333333	-0.2217	-0.0022	96.69	169	-65.24
1.8	-0.2222	-0.0022	96.58	169.2	-66.66
1.81666666666667	-0.2255	0.004108	96.27	169.2	-67.05
1.83333333333333	-0.2292	0.0009541	95.53	169.6	-66.42
1.85	-0.241	0.004108	94.69	170.9	-64.84
1.86666666666667	-0.2448	0.0009541	94.16	170.6	-63.61
1.88333333333333	-0.25	0.0009541	94.06	170.6	-62.32
1.9	-0.2481	0.0009541	93.69	170.4	-58.77
1.91666666666667	-0.2292	-0.0022	86.11	170.6	-42.52
1.93333333333333	-0.2127	-0.0022	81.27	170	-33.36
1.95	-0.1934	-0.005353	78.07	169.2	-27.41
1.96666666666667	-0.1816	-0.0022	74.91	169.2	-22.06
1.98333333333333	-0.1721	0.0009541	71.33	169.8	-16.59
2	-0.1702	0.0009541	67.39	170.2	-10.61
2.01666666666667	-0.1641	0.0009541	63.76	170.4	-3.141
2.03333333333333	-0.1599	0.004108	60.44	170.4	4.395
2.05	-0.1542	0.0009541	55.37	170.9	13.4
2.06666666666667	-0.1424	-0.0022	54.81	170.9	20.87
2.08333333333333	-0.1216	-0.0022	52.89	170.4	28.15
2.1	-0.1037	-0.0022	51.08	169.4	33.57
2.11666666666667	-0.08578	-0.0022	49.58	169.2	38.52
2.13333333333333	-0.0688	-0.005353	48.11	169	42.83
2.15	-0.0537	-0.0022	46.82	169.4	46.61
2.16666666666667	-0.0452	0.0009541	44.92	169.4	51.11
2.18333333333333	-0.04426	0.0009541	44.27	169.8	55.03
2.2	-0.0419	0.004108	43.64	170.6	58.62
2.21666666666667	-0.04001	0.0009541	43.61	171.1	63.11
2.23333333333333	-0.03529	-0.0022	43.77	171.1	65.94
2.25	-0.02869	-0.005353	44.42	170.4	67.55
2.26666666666667	-0.01972	-0.0022	44.56	170.4	68.06
2.28333333333333	-0.007927	-0.005353	44.95	169.8	67.22
2.3	-0.002265	-0.0022	44.98	169.8	66.26
2.31666666666667	0.001038	-0.0022	45.06	169.4	64.4
2.33333333333333	9.451e-05	0.0009541	44.45	169.8	63.24
2.35	-0.005568	0.004108	43.98	170.2	62.21
2.36666666666667	-0.015	0.0009541	44.03	170.4	62.66
2.38333333333333	-0.02161	0.0009541	44.27	170.6	62.91
2.4	-0.02586	0.0009541	44.58	171.1	61.11
2.41666666666667	-0.01972	0.0009541	47.82	170.2	40.92
2.43333333333333	-0.03482	-0.005353	50.45	170	35.72
2.45	-0.03246	-0.0022	52.29	169.6	28.72
2.46666666666667	-0.02869	-0.0022	53.34	169.4	20.87
2.48333333333333	-0.03152	-0.0022	54.76	169.2	13.67
2.5	-0.04096	0.0009541	55.39	169.6	5.82
2.51666666666667	-0.05181	0.004108	56.71	170.2	-1.268
2.53333333333333	-0.06738	0.004108	57.97	170.9	-7.199
2.55	-0.08531	0.0009541	59.76	170.9	-12.67
2.56666666666667	-0.09664	0.0009541	61.6	170.6	-18.14
2.58333333333333	-0.107	-0.0022	63.65	171.1	-23.04
2.6	-0.1169	-0.0022	66.28	170.4	-29.47
2.61666666666667	-0.1216	-0.0022	69.02	170	-35.58
2.63333333333333	-0.1259	-0.0022	71.38	169.4	-41.81
2.65	-0.1391	-0.0022	73.91	169.2	-47.42
2.66666666666667	-0.1566	0.0009541	76.38	169.2	-52.9
2.68333333333333	-0.1835	0.0009541	79.22	169.8	-57.24
2.7	-0.2089	0.0009541	81.85	170.4	-60.1
2.71666666666667	-0.2344	0.0009541	84.64	171.1	-61.81
2.73333333333333	-0.259	0.004108	87.38	170.6	-62.65
2.75	-0.2778	-0.0022	90.16	170.6	-62.86
2.76666666666667	-0.2873	-0.005353	91.9	170.4	-63.44
2.78333333333333	-0.284	-0.005353	93.16	169.8	-64.39
2.8	-0.2849	-0.0022	93.27	169	-65.22
2.81666666666667	-0.2835	-0.0022	92.16	169.4	-65.93
2.83333333333333	-0.2825	-0.0022	92.37	169.6	-66
2.85	-0.2877	0.0009541	91.53	169.4	-65.94
2.86666666666667	-0.2925	0.004108	90.9	170	-64.99
2.88333333333333	-0.3043	0.004108	90.53	170.4	-63.26
2.9	-0.3038	0.0009541	88.53	170.9	-57.72
2.91666666666667	-0.2877	0.0009541	80.7	170.9	-41.52
2.93333333333333	-0.2712	-0.0022	76.07	170.4	-32.74
2.95	-0.2566	-0.0022	72.65	170	-26.67
2.96666666666667	-0.2401	-0.005353	68.91	169.6	-20.72
2.98333333333333	-0.225	0.0009541	65.07	169.6	-16.21
3	-0.2127	0.0009541	61.07	169.4	-9.761
3.01666666666667	-0.2066	0.004108	56.66	169.8	-3.26
3.03333333333333	-0.1981	0.0009541	52.82	170.2	3.692
3.05	-0.1882	0.004108	48.87	170.4	12
3.06666666666667	-0.1778	0.0009541	45.92	170.6	19.92
3.08333333333333	-0.1613	0.0009541	43.69	170.6	27.9
3.1	-0.14	-0.005353	42.06	170	34.34
3.11666666666667	-0.1146	-0.0022	40.85	169.2	39.11
3.13333333333333	-0.09569	-0.0022	39.95	169.6	43.54
3.15	-0.0754	-0.0022	39.06	169.2	47.53
3.16666666666667	-0.0603	-0.0022	38.06	169.4	50.86
3.18333333333333	-0.05087	0.004108	37.3	170.2	54.77
3.2	-0.04568	0.004108	37.06	170.4	58.11
3.21666666666667	-0.04756	0.0009541	36.95	170.6	61.19
3.23333333333333	-0.04379	-0.0022	37.19	171.1	64.59
3.25	-0.03907	0.0009541	37.64	170.9	66.97
3.26666666666667	-0.0301	-0.0022	38.59	170.4	68.13
3.28333333333333	-0.02067	-0.0022	38.9	170	67.94
3.3	-0.006512	0.0009541	38.95	169.6	66.97
3.31666666666667	-0.004624	0.0009541	39.16	169.2	65.05
3.33333333333333	-0.005096	0.0009541	38.87	169.4	63.05
3.35	-0.009343	0.004108	38.32	169.8	62.34
3.36666666666667	-0.01736	0.0009541	37.98	170.4	62.14
3.38333333333333	-0.02727	0.004108	38.06	170.6	63.11
3.4	-0.03152	0.0009541	38.51	171.3	61.04
3.41666666666667	-0.04096	-0.005353	41.85	170.6	44.27
3.43333333333333	-0.04332	-0.0022	43.92	170.2	35.85
3.45	-0.03813	-0.005353	45.53	169.8	28.59
3.46666666666667	-0.03718	-0.0022	46.74	169.2	21.65
3.48333333333333	-0.04001	-0.0022	47.77	169.2	13.48
3.5	-0.04709	0.004108	48.24	169.6	6.207
3.51666666666667	-0.06172	0.004108	49.21	170	-0.9422
3.53333333333333	-0.08012	0.0009541	50.24	170.6	-6.617
3.55	-0.09805	0.0009541	51.84	171.1	-12.35
3.56666666666667	-0.1127	-0.0022	53.45	170.9	-17.69
3.58333333333333	-0.1235	-0.0022	56.02	170.6	-23.1
3.6	-0.1358	-0.0022	58.23	170	-29.79
3.61666666666667	-0.1462	-0.0022	61.23	169.6	-36.29
3.63333333333333	-0.1608	-0.0022	64.23	169.4	-42.6
3.65	-0.182	-0.0022	67.28	169.6	-48.15
3.66666666666667	-0.2127	0.004108	71.07	169.6	-53.33
3.68333333333333	-0.2462	0.0009541	74.91	170.2	-57.54
3.7	-0.2604	-0.0022	79.33	169.4	-60.11
3.71666666666667	-0.308	-0.0022	81.96	170.6	-60.23
3.73333333333333	-0.3321	-0.0022	85.54	170.2	-61.66
3.75	-0.3467	-0.005353	88.38	170.2	-62.57
3.76666666666667	-0.3505	-0.0022	90.16	170.2	-63.86
3.78333333333333	-0.3514	-0.0022	91.16	169.8	-65.15
3.8	-0.35	0.0009541	90.9	169	-66.03
3.81666666666667	-0.3519	0.0009541	90.53	169.4	-67.01
3.83333333333333	-0.3547	0.007261	89.53	169.8	-66.57
3.85	-0.367	0.004108	88.8	170.4	-65.24
3.86666666666667	-0.3717	0.004108	88.38	170.6	-63.82
3.88333333333333	-0.3769	0.004108	88.06	170.9	-62.28
3.9	-0.3698	-0.0022	84.59	170.9	-53.56
3.91666666666667	-0.35	0.0009541	77.22	170.4	-40.06
3.93333333333333	-0.3335	-0.005353	72.7	170	-32.81
3.95	-0.3123	-0.0022	68.54	169.4	-27.89
3.96666666666667	-0.2991	-0.0022	64.44	169.2	-22.47
3.98333333333333	-0.2877	0.0009541	59.97	169.2	-16.73
4	-0.2811	0.0009541	55.1	170	-10.36
4.01666666666667	-0.2703	0.004108	49.84	170.2	-2.882
4.03333333333333	-0.2585	0.004108	45.79	170.9	5.037
4.05	-0.2406	0.0009541	41.53	170.9	13.48
4.06666666666667	-0.2165	-0.005353	38.53	170.9	21.59
4.08333333333333	-0.1929	-0.005353	36.14	170.2	27.72
4.1	-0.1561	0.0009541	33.35	170.9	33.63
4.11666666666667	-0.1292	0.0009541	33.54	169.2	38.8
4.13333333333333	-0.1042	-0.0022	32.72	169.2	42.65
4.15	-0.08909	0.0009541	31.56	169.6	45.92
4.16666666666667	-0.0754	0.0009541	31.27	170	50.67
4.18333333333333	-0.06927	0.004108	31.3	170.6	55.42
4.2	-0.06172	0.0009541	31.77	170.9	59.78
4.21666666666667	-0.05417	-0.0022	32.35	170.6	63.25
4.23333333333333	-0.04237	-0.005353	33.11	170.6	66.14
4.25	-0.02869	-0.0022	34.22	170.2	67.62
4.26666666666667	-0.01689	0.0009541	34.59	169.8	66.91
4.28333333333333	-0.008399	-0.0022	34.85	169.2	66.53
4.3	-0.002737	0.0009541	34.56	169.2	65.11
4.31666666666667	-0.002737	0.0009541	34.35	169.6	63.44
4.33333333333333	-0.01453	0.004108	33.69	170.2	63.05
4.35	-0.01972	0.0009541	33.67	170.6	63.11
4.36666666666667	-0.02633	0.004108	33.9	170.9	63.75
4.38333333333333	-0.02822	0.0009541	34.27	170.9	64.39
4.4	-0.02869	-0.0022	35.43	170.2	57.71
4.41666666666667	-0.03152	-0.005353	38.03	170	43.12
4.43333333333333	-0.02727	-0.0022	39.69	169.2	34.19
4.45	-0.02916	-0.0022	40.32	169.4	26.86
4.46666666666667	-0.03199	0.0009541	41.16	169.2	19.66
4.48333333333333	-0.04568	0.0009541	41.35	169.8	12.57
4.5	-0.05794	0.004108	41.82	170.4	5.935
4.51666666666667	-0.0754	0.004108	42.61	170.9	0.3295
4.53333333333333	-0.09428	-0.0022	43.82	170.9	-4.948
4.55	-0.1075	-0.0022	45.37	170.4	-10.86
4.56666666666667	-0.1179	-0.0022	46.9	170.4	-17.24
4.58333333333333	-0.1334	0.0009541	48.71	169.8	-23.41
4.6	-0.1528	-0.005353	50.95	169.4	-30.62
4.61666666666667	-0.1773	0.0009541	53.95	169.6	-37.65
4.63333333333333	-0.2141	0.0009541	57.71	169.8	-43.73
4.65	-0.2505	0.0009541	62.49	170.2	-48.46
4.66666666666667	-0.2948	0.0009541	68.02	170.4	-53.45
4.68333333333333	-0.3491	0.0009541	74.86	170.9	-57.62
4.7	-0.3821	0.0009541	79.33	171.1	-59.7
4.71666666666667	-0.4033	-0.0022	83.17	170.9	-60.36
4.73333333333333	-0.4156	-0.005353	85.8	170	-61.7
4.75	-0.4241	-0.0022	88.27	169.8	-63.77
4.76666666666667	-0.4274	-0.0022	89.48	168.8	-65.76
4.78333333333333	-0.4298	-0.005353	90.06	169.4	-67.19
4.8	-0.435	0.0009541	90.06	169.6	-67.91
4.81666666666667	-0.443	0.0009541	88.8	170	-67.47
4.83333333333333	-0.451	0.0009541	88.17	170.4	-66.06
4.85	-0.459	0.0009541	87.69	170.9	-64.14
4.86666666666667	-0.4609	-0.0022	87.48	170.4	-62.58
4.88333333333333	-0.4553	-0.0022	85.11	170.6	-56.06
4.9	-0.4368	-0.0022	78.49	170.2	-45.25
4.91666666666667	-0.4166	-0.0022	74.12	169.4	-39.29
4.93333333333333	-0.4015	-0.0022	69.75	169.4	-34.12
4.95	-0.3897	0.0009541	65.44	169.4	-29.47
4.96666666666667	-0.3821	0.004108	60.5	169.8	-23.73
4.98333333333333	-0.3717	0.0009541	54.66	170.2	-16.37
5	-0.3651	-0.0022	49.55	170.6	-8.249
5.01666666666667	-0.3491	-0.0022	44.58	170.9	-0.702
5.03333333333333	-0.326	-0.0022	39.98	170.9	6.717
5.05	-0.292	-0.0022	35.8	170.2	13.88
5.06666666666667	-0.2495	-0.0022	32.06	169.6	20.4
5.08333333333333	-0.2052	0.0009541	29.04	169.2	26.52
5.1	-0.1698	-0.0022	27.41	169.2	31.15
5.11666666666667	-0.1405	0.004108	26.35	169.6	35.96
5.13333333333333	-0.1231	0.0009541	25.86	170	41.1
5.15	-0.1065	0.0009541	26.22	170.4	47.46
5.16666666666667	-0.08909	0.0009541	26.75	170.9	53.23
5.18333333333333	-0.07257	-0.0022	28.3	170.9	58.63
5.2	-0.05323	-0.0022	29.38	170.6	61.64
5.21666666666667	-0.03624	-0.0022	30.38	170	63.83
5.23333333333333	-0.01831	-0.0022	31.12	169.6	64.92
5.25	-0.003209	0.004108	31.54	169.2	64.99
5.26666666666667	0.003869	0.0009541	31.56	169.6	64.78
5.28333333333333	0.002454	0.0009541	31.43	169.8	64.59
5.3	-0.005568	0.0009541	31.04	170.2	65.1
5.31666666666667	-0.01217	0.004108	30.88	170.6	64.77
5.33333333333333	-0.01689	0.0009541	31.19	171.1	65.35
5.35	-0.01548	-0.0022	31.85	170.4	66
5.36666666666667	-0.01029	-0.005353	32.25	170	65.61
5.38333333333333	-0.01972	-0.0022	31.51	170.6	63.17
5.4	-0.004152	0.0009541	34.56	169.6	47.75
5.41666666666667	-0.006512	0.0009541	35.51	169.2	38.69
5.43333333333333	-0.015	0.004108	35.25	169.6	31.42
5.45	-0.02633	0.004108	35.67	170.2	26.01
5.46666666666667	-0.03954	0.0009541	36.4	170.4	19.96
5.48333333333333	-0.05511	0.0009541	36.9	170.9	15.13
5.5	-0.06691	0.0009541	37.85	170.6	9.084
5.51666666666667	-0.0721	0.0009541	39.09	170.4	2.654
5.53333333333333	-0.07776	-0.005353	39.93	169.8	-4.413
5.55	-0.08956	-0.0022	40.19	169.6	-12.07
5.56666666666667	-0.1103	-0.0022	40.58	169.4	-19.86
5.58333333333333	-0.1443	0.0009541	41.24	169.4	-26.95
5.6	-0.1986	0.0009541	44	170	-33.42
5.61666666666667	-0.2599	0.0009541	48.74	170.4	-38.41
5.63333333333333	-0.3146	0.004108	54.81	170.9	-42.63
5.65	-0.3585	0.0009541	61.39	170.9	-46.26
5.66666666666667	-0.3915	-0.0022	67.65	170.2	-49.56
5.68333333333333	-0.4189	-0.0022	73.23	169.8	-54.08
5.7	-0.4411	-0.005353	77.64	169.4	-58.09
5.71666666666667	-0.4548	-0.005353	80.91	169.2	-62.16
5.73333333333333	-0.4746	0.0009541	83.27	169.4	-64.96
5.75	-0.4954	0.0009541	85.22	170	-67.05
5.76666666666667	-0.5171	0.004108	86.38	170.2	-67.14
5.78333333333333	-0.5331	0.004108	87.01	170.9	-66.39
5.8	-0.5407	0.0009541	87.27	170.9	-65.29
5.81666666666667	-0.5421	-0.0022	87.64	170.4	-63.66
5.83333333333333	-0.5369	-0.0022	87.59	170.4	-62.76
5.85	-0.5303	-0.005353	87.53	169.6	-62.73
5.86666666666667	-0.519	0.0009541	87.22	169.2	-64.02
5.88333333333333	-0.5095	0.004108	82.01	169.2	-55.8
5.9	-0.5001	0.0009541	75.75	169.2	-47.78
5.91666666666667	-0.4991	0.004108	70.54	170	-41.79
5.93333333333333	-0.4977	0.0009541	66.18	170.6	-35.4
5.95	-0.4935	0.004108	61.76	170.9	-28.17
5.96666666666667	-0.4826	-0.0022	57.5	170.6	-20.6
5.98333333333333	-0.4619	-0.0022	51.76	170.4	-13.03
6	-0.4335	-0.0022	46.16	170	-6.241
6.01666666666667	-0.3972	-0.0022	40.35	169.4	-0.6111
6.03333333333333	-0.3609	-0.0022	34.11	169.6	5.064
6.05	-0.3217	0.004108	28.49	169.4	10.1
6.06666666666667	-0.2755	0.0009541	23.49	170	17.24
6.08333333333333	-0.2259	0.0009541	21.23	170.2	24.57
6.1	-0.1971	0.0009541	20.62	171.1	32.15
6.11666666666667	-0.1636	0.0009541	21.36	170.9	38.85
6.13333333333333	-0.132	0.0009541	22.41	170.9	44.63
6.15	-0.09192	-0.0022	24.41	170	50.67
6.16666666666667	-0.06361	-0.008507	25.86	169.6	53.82
6.18333333333333	-0.04001	-0.005353	26.78	169.4	56.25
6.2	-0.01972	0.0009541	27.17	169.2	57.79
6.21666666666667	-0.008399	0.0009541	27.78	169.4	59.91
6.23333333333333	-0.003209	0.004108	27.78	170	62.21
6.25	-0.00368	0.0009541	28.46	170.4	64.96
6.26666666666667	-0.004152	0.0009541	28.77	170.9	66.76
6.28333333333333	-0.004624	0.0009541	29.09	171.1	67.65
6.3	0.003398	-0.0022	29.98	170.2	68.05
6.31666666666667	0.009532	-0.005353	30.41	170	67.14
6.33333333333333	0.01708	-0.005353	30.64	169.6	65.35
6.35	0.02416	0.0009541	30.62	169.4	63.16
6.36666666666667	0.02369	0.0009541	30.35	169.6	61.68
6.38333333333333	0.01991	0.004108	29.98	169.8	59.95
6.4	0.003869	0.004108	31.4	170	45.48
6.41666666666667	-0.0117	0.0009541	32.04	170.6	39.11
6.43333333333333	-0.02161	0.004108	32.64	170.9	34.03
6.45	-0.02633	-0.0022	33.61	170.9	29.79
6.46666666666667	-0.02822	-0.0022	34.8	170	23.37
6.48333333333333	-0.02963	-0.005353	35.53	169.6	15.72
6.5	-0.02869	-0.0022	35.9	169.2	7.949
6.51666666666667	-0.04049	0.0009541	35.43	169.2	0.1024
6.53333333333333	-0.05794	0.004108	34.9	169.2	-7.168
6.55	-0.08956	0.004108	33.67	170	-14.07
6.56666666666667	-0.1372	0.004108	32.67	170.4	-20.08
6.58333333333333	-0.2061	0.0009541	34.14	170.6	-24.93
6.6	-0.2859	0.0009541	39.82	170.4	-29.52
6.61666666666667	-0.3481	-0.0022	47.27	170.2	-35.34
6.63333333333333	-0.393	-0.0022	54.47	169.8	-41.03
6.65	-0.4298	-0.0022	61.28	169.4	-46.72
6.66666666666667	-0.4821	0.0009541	66.18	170.6	-49.93
6.68333333333333	-0.4963	0.0009541	71.86	169.4	-57.29
6.7	-0.5293	0.007261	75.65	169.8	-61.26
6.71666666666667	-0.5586	0.004108	79.01	169.8	-63.28
6.73333333333333	-0.5864	0.0009541	81.96	170.2	-64.47
6.75	-0.6081	0.0009541	83.9	170.9	-64.36
6.76666666666667	-0.6185	0.0009541	85.38	171.1	-64.31
6.78333333333333	-0.6195	-0.005353	86.64	169.8	-64.15
6.8	-0.6171	-0.005353	87.32	170	-64.48
6.81666666666667	-0.6095	-0.0022	87.17	169.4	-65.05
6.83333333333333	-0.6053	0.0009541	86.32	169.6	-65.7
6.85	-0.6048	0.004108	85.64	169.4	-66.02
6.86666666666667	-0.6095	0.004108	84.75	169.8	-65.19
6.88333333333333	-0.6105	0.0009541	78.59	170.2	-54.78
6.9	-0.5982	0.0009541	69.07	170.4	-40.41
6.91666666666667	-0.6006	0.0009541	68.75	170.9	-39.71
6.93333333333333	-0.5926	0.0009541	66.18	170.4	-33.56
6.95	-0.5756	-0.0022	61.28	169.8	-27.39
6.96666666666667	-0.552	-0.0022	55.34	169.6	-21.44
6.98333333333333	-0.527	-0.0022	49.58	169.4	-15.22
7	-0.493	0.004108	40.87	169.4	-8.237
7.01666666666667	-0.4713	0.004108	34.96	169.8	-3.72
7.03333333333333	-0.4383	0.004108	28.09	169.8	2.61
7.05	-0.3807	0.0009541	20.57	170.4	10.99
7.06666666666667	-0.3038	0.004108	17.02	170.6	19.36
7.08333333333333	-0.2373	-0.0022	16.86	170.9	27.14
7.1	-0.1839	-0.005353	18.49	170.2	34.48
7.11666666666667	-0.1386	-0.0022	19.78	170	39.56
7.13333333333333	-0.09758	-0.005353	21.41	169.4	43.29
7.15	-0.06455	0.0009541	22.75	169.4	47.39
7.16666666666667	-0.03907	0.0009541	23.75	169.2	51.24
7.18333333333333	-0.02208	0.0009541	24.36	169.8	54.44
7.2	-0.01029	0.004108	24.99	170.2	57.84
7.21666666666667	-0.004624	0.0009541	25.88	170.6	61.49
7.23333333333333	-0.0008492	0.0009541	26.59	171.1	64.69
7.25	0.004341	0.0009541	27.7	170.4	66.76
7.26666666666667	0.01378	-0.0022	28.46	170.6	67.9
7.28333333333333	0.02369	0.0009541	28.99	169.8	67.85
7.3	0.03501	-0.0022	29.38	169.2	66.57
7.31666666666667	0.04067	-0.005353	29.43	169.2	65.02
7.33333333333333	0.0402	0.0009541	28.7	169.6	63.02
7.35	0.03643	0.0009541	28.46	170	61.8
7.36666666666667	0.02793	0.0009541	28.25	170.2	61.73
7.38333333333333	0.01614	0.0009541	28.43	170.9	59.09
7.4	0.003869	0.0009541	29.96	171.1	46.88
7.41666666666667	-0.0003773	-0.0022	30.83	170.9	40.97
7.43333333333333	0.00151	-0.005353	32.06	170	35.19
7.45	0.00151	-0.0022	32.72	170	28.96
7.46666666666667	0.0005664	-0.0022	33.09	169.4	22.09
7.48333333333333	-0.001793	0.0009541	33.09	169.4	13.28
7.5	-0.01453	0.0009541	32.64	169.4	5.951
7.51666666666667	-0.03246	0.0009541	31.75	170	-1.071
7.53333333333333	-0.05936	0.0009541	30.54	170	-7.441
7.55	-0.1018	0.0009541	28.56	170.4	-12.54
7.56666666666667	-0.1698	0.004108	26.96	171.1	-17.07
7.58333333333333	-0.2816	-0.0022	30.98	170.6	-23.01
7.6	-0.3783	-0.0022	40.16	170.4	-30.19
7.61666666666667	-0.4373	-0.005353	48.05	170	-36.59
7.63333333333333	-0.4774	-0.0022	54.63	169.4	-43.32
7.65	-0.5199	0.0009541	60.55	169.4	-48.64
7.66666666666667	-0.5605	0.0009541	66.12	169.6	-53.64
7.68333333333333	-0.6039	0.0009541	70.75	170.4	-57.82
7.7	-0.636	0.004108	74.75	170.4	-60.04
7.71666666666667	-0.6681	0.0009541	78.59	171.3	-61.82
7.73333333333333	-0.6921	0.0009541	81.85	170.4	-62.27
7.75	-0.7044	-0.0022	84.69	170.6	-63.38
7.76666666666667	-0.7105	0.0009541	86.38	170.4	-64.16
7.78333333333333	-0.7077	-0.0022	87.01	169.6	-65.18
7.8	-0.7049	-0.0022	87.38	169.4	-66.14
7.81666666666667	-0.703	0.0009541	86.8	169.4	-67.12
7.83333333333333	-0.7058	0.0009541	85.64	169.6	-66.8
7.85	-0.7115	0.004108	84.69	170.2	-66.04
7.86666666666667	-0.7143	0.0009541	80.85	170.4	-59.11
7.88333333333333	-0.7115	0.004108	75.91	170.9	-50.57
7.9	-0.7049	-0.0022	72.17	170.9	-43.96
7.91666666666667	-0.695	-0.0022	68.18	170.6	-38
7.93333333333333	-0.677	0.0009541	63.97	170.2	-32.48
7.95	-0.6747	0.0009541	57.92	170.6	-28.15
7.96666666666667	-0.635	0.0009541	53.76	169	-22.28
7.98333333333333	-0.6143	0.0009541	46.56	169.6	-16.98
8	-0.5874	0.0009541	38.59	169.6	-10.25
8.01666666666667	-0.5576	0.0009541	30.56	170	-3.727
8.03333333333333	-0.5128	0.004108	22.09	170.9	3.627
8.05	-0.4156	0.0009541	14.68	170.9	11.63
8.06666666666667	-0.2929	0.0009541	13.28	170.9	20.65
8.08333333333333	-0.2141	-0.0022	15.33	170.4	28.5
8.1	-0.1618	-0.005353	17.15	170	33.96
8.11666666666667	-0.1169	0.0009541	18.57	169.6	38.85
8.13333333333333	-0.0754	-0.0022	20.25	169	42.71
8.15	-0.04426	0.0009541	21.46	169.4	46.87
8.16666666666667	-0.02208	-0.0022	22.54	169.4	50.33
8.18333333333333	-0.009343	0.0009541	23.04	170	54.69
8.2	0.001982	0.004108	24.28	170.4	58.72
8.21666666666667	0.007644	0.01041	25.2	170.9	62.9
8.23333333333333	0.01755	0.0009541	25.99	170.6	65.46
8.25	0.02746	0.004108	27.09	170.6	67
8.26666666666667	0.04067	-0.008507	28.06	170	67.38
8.28333333333333	0.05011	-0.0022	28.49	169.2	66.94
8.3	0.05861	-0.005353	28.51	169.4	66.09
8.31666666666667	0.06285	-0.0022	28.3	169.4	64.23
8.33333333333333	0.05861	0.0009541	27.88	169.4	62.76
8.35	0.05247	0.004108	27.64	169.6	61.6
8.36666666666667	0.04303	0.0009541	27.35	170.6	62.23
8.38333333333333	0.03737	0.0009541	27.7	170.6	59.21
8.4	0.02416	0.0009541	29.06	170.9	46.87
8.41666666666667	0.0185	0.0009541	30.01	170.9	40.96
8.43333333333333	0.02086	-0.005353	31.04	170	35.19
8.45	0.0218	-0.0022	31.54	169.2	29.03
8.46666666666667	0.02416	-0.0022	31.83	169.2	21.51
8.48333333333333	0.01614	-0.0022	31.48	169.2	13.09
8.5	0.003398	0.0009541	30.77	169.2	5.889
8.51666666666667	-0.015	0.0009541	29.62	169.6	-0.9985
8.53333333333333	-0.04709	0.0009541	27.38	170.2	-6.993
8.55	-0.09569	0.0009541	24.36	170.9	-12.16
8.56666666666667	-0.2014	-0.0022	22.25	170.6	-15.84
8.58333333333333	-0.3779	-0.0022	30.2	170.9	-23.55
8.6	-0.4807	-0.0022	40.3	170.2	-30.93
8.61666666666667	-0.5312	-0.005353	47.66	170	-36.82
8.63333333333333	-0.5723	-0.0022	54.13	169.4	-42.52
8.65	-0.6143	-0.0022	60.5	169.4	-48.49
8.66666666666667	-0.6567	0.0009541	66.12	169.4	-54.08
8.68333333333333	-0.6917	0.0009541	70.81	170	-57.93
8.7	-0.7256	0.004108	74.59	170.2	-60.8
8.71666666666667	-0.7605	0.004108	77.8	170.6	-61.74
8.73333333333333	-0.7822	0.0009541	81.22	170.4	-62.98
8.75	-0.7964	0.0009541	83.54	170.2	-63.5
8.76666666666667	-0.803	-0.005353	85.38	170	-63.88
8.78333333333333	-0.803	-0.0022	86.11	169.6	-64.4
8.8	-0.8002	0.0009541	86.48	169.6	-65.37
8.81666666666667	-0.7945	0.0009541	86.27	168.8	-66.39
8.83333333333333	-0.7945	0.0009541	85.64	169.2	-66.2
8.85	-0.7955	0.0009541	84.75	169.4	-66.01
8.86666666666667	-0.7983	0.004108	80.01	170.4	-58.84
8.88333333333333	-0.7964	0.0009541	75.12	170.6	-51.97
8.9	-0.7926	0.0009541	71.02	170.9	-45.43
8.91666666666667	-0.7879	-0.0022	67.23	171.1	-38.75
8.93333333333333	-0.7756	0.004108	62.65	170.6	-32.46
8.95	-0.7568	-0.0022	58.18	170	-26.86
8.96666666666667	-0.7294	-0.005353	51.92	169.4	-21.47
8.98333333333333	-0.703	-0.0022	44.92	169.2	-15.57
9	-0.6699	0.0009541	36.51	169.4	-9.676
9.01666666666667	-0.6303	0.0009541	27.17	169.8	-4.114
9.03333333333333	-0.5576	0.0009541	16.99	170.4	2.408
9.05	-0.3977	0.0009541	10.1	170.6	10.15
9.06666666666667	-0.2656	0.0009541	11.23	170.9	20.45
9.08333333333333	-0.199	-0.0022	13.41	170.6	27.72
9.1	-0.1509	-0.0022	15.36	170.4	34.28
9.11666666666667	-0.1028	-0.0022	17.6	170	39.35
9.13333333333333	-0.06078	0.0009541	19.36	169.6	44.23
9.15	-0.02727	-0.0022	21.02	169.4	48.02
9.16666666666667	-0.0003773	0.004108	22.09	169.2	50.65
9.18333333333333	0.02086	0.0009541	23.17	169.4	54.55
9.2	0.03029	0.004108	23.62	170	58.14
9.21666666666667	0.0369	0.0009541	24.51	170.4	61.4
9.23333333333333	0.06521	0.004108	26.38	169.6	62.88
9.25	0.04728	0.0009541	25.93	170.9	66.34
9.26666666666667	0.05341	0.0009541	26.99	170.4	67.88
9.28333333333333	0.06096	-0.0022	27.56	170.2	67.82
9.3	0.0737	0.0009541	28.04	169.4	66.67
9.31666666666667	0.07984	-0.0022	28.01	169.6	65.31
9.33333333333333	0.08173	0.0009541	27.75	169.2	63.45
9.35	0.08125	0.004108	27.51	169.2	62.11
9.36666666666667	0.07418	0.0009541	26.78	170	61.19
9.38333333333333	0.06521	0.0009541	27.17	170.4	57.79
9.4	0.05011	0.004108	27.99	171.1	45.64
9.41666666666667	0.03879	0.0009541	28.72	170.6	40.19
9.43333333333333	0.03407	0.0009541	29.41	170.4	34.98
9.45	0.03218	-0.005353	30.25	170.2	29.65
9.46666666666667	0.03501	-0.005353	30.43	169.6	22.66
9.48333333333333	0.03077	-0.0022	30.3	169.4	15.27
9.5	0.02274	0.0009541	29.59	169.4	6.977
9.51666666666667	0.005757	0.0009541	27.96	169.4	-0.5444
9.53333333333333	-0.02397	0.0009541	25.28	169.8	-7.37
9.55	-0.08484	0.004108	21.12	169.8	-13.04
9.56666666666667	-0.2594	0.004108	18.57	170.2	-16.87
9.58333333333333	-0.485	0.0009541	30.59	170.6	-26.42
9.6	-0.5779	0.0009541	40.01	170.4	-31.87
9.61666666666667	-0.6256	-0.0022	46.61	170.6	-36.09
9.63333333333333	-0.669	0.0009541	53.37	169.6	-41.14
9.65	-0.7105	-0.0022	59.92	169.6	-46.79
9.66666666666667	-0.7445	-0.0022	66.12	169.4	-52.7
9.68333333333333	-0.7775	0.0009541	70.54	169.4	-56.93
9.7	-0.8096	0.0009541	74.33	170	-60.91
9.71666666666667	-0.8398	0.0009541	77.96	170.2	-63.27
9.73333333333333	-0.8653	0.0009541	80.43	170.2	-64.65
9.75	-0.8851	0.004108	82.8	170.6	-64.8
9.76666666666667	-0.8974	-0.0022	84.38	170.4	-64.15
9.78333333333333	-0.8993	-0.0022	85.06	170.2	-63.89
9.8	-0.8983	-0.005353	85.64	170.2	-63.95
9.81666666666667	-0.8889	-0.005353	85.75	169.6	-64.58
9.83333333333333	-0.8832	0.0009541	84.9	169.4	-64.84
9.85	-0.8813	0.0009541	84.22	169.4	-65.29
9.86666666666667	-0.8795	0.004108	79.85	170	-59.79
9.88333333333333	-0.8757	0.004108	74.38	169.8	-52.52
9.9	-0.8766	0.004108	69.81	170.6	-46.3
9.91666666666667	-0.8757	0.0009541	65.55	170.9	-39.43
9.93333333333333	-0.8653	-0.0022	61.02	170.6	-32.94
9.95	-0.8464	-0.0022	55.39	170.4	-27.03
9.96666666666667	-0.8238	-0.0022	50.4	169.8	-20.39
9.98333333333333	-0.7936	-0.0022	42.93	169.6	-14.68
10	-0.7549	0.0009541	34.53	169.6	-9.623
10.0166666666667	-0.7068	0.0009541	24.62	169.6	-3.984
10.0333333333333	-0.6081	0.004108	13.78	169.8	1.45
10.05	-0.3632	0.0009541	8.101	170.6	9.498
10.0666666666667	-0.2368	0.004108	10.36	170.9	19.47
10.0833333333333	-0.1797	0.004108	12.2	171.1	26.48
10.1	-0.1377	0.0009541	13.97	171.1	33.17
10.1166666666667	-0.09192	-0.0022	16.75	170.6	39.59
10.1333333333333	-0.04945	-0.0022	18.75	170.2	44.92
10.15	-0.01217	-0.0022	20.59	169.6	48.46
10.1666666666667	0.01897	-0.0022	21.8	169.4	51.92
10.1833333333333	0.04398	0.0009541	23.28	169	55.58
10.2	0.05719	0.0009541	23.83	169.8	58.06
10.2166666666667	0.06615	0.0009541	24.3	170.4	60.48
10.2333333333333	0.06757	0.0009541	24.91	170.6	63.18
10.25	0.06615	0.0009541	25.43	170.4	65.5
10.2666666666667	0.06946	-0.0022	25.83	170.2	66.85
10.2833333333333	0.07418	-0.0022	26.43	170.2	67.81
10.3	0.08125	-0.0022	26.88	169.6	67.56
10.3166666666667	0.09069	-0.0022	27.43	169.8	66.33
10.3333333333333	0.09871	-0.0022	27.35	169.6	64.2
10.35	0.1011	0.0009541	27.01	169.6	62.66
10.3666666666667	0.09824	0.0009541	26.57	169.4	61.06
10.3833333333333	0.09352	0.0009541	26.35	169.6	59.2
10.4	0.07654	0.004108	27.41	170.2	45.32
10.4166666666667	0.06096	0.0009541	27.96	170.4	39.41
10.4333333333333	0.05341	0.0009541	28.46	170.6	34.52
10.45	0.04775	-0.0022	28.96	170.6	29.25
10.4666666666667	0.04728	-0.005353	29.46	170	23.22
10.4833333333333	0.04681	-0.005353	29.43	169.6	15.97
10.5	0.03926	-0.005353	28.28	169.2	7.237
10.5166666666667	0.008588	-0.0022	26.67	170	2.852
10.5333333333333	-0.007455	0.0009541	23.46	169.8	-7.433
10.55	-0.0721	0.007261	18.28	169.8	-12.46
10.5666666666667	-0.3278	0.0009541	16.68	170.4	-16.76
10.5833333333333	-0.5888	0.004108	32.14	171.5	-28.46
10.6	-0.6662	0.0009541	39.82	170.9	-33.07
10.6166666666667	-0.7115	-0.0022	45.56	170.9	-35.67
10.6333333333333	-0.7549	-0.0022	52.21	170	-40.6
10.65	-0.7973	-0.005353	59.08	170	-46.19
10.6666666666667	-0.8285	-0.0022	65.34	169.4	-52.22
10.6833333333333	-0.8653	0.0009541	70.49	169	-56.84
10.7	-0.8927	0.0009541	74.44	169.8	-60.57
10.7166666666667	-0.9276	0.004108	77.54	170	-63.32
10.7333333333333	-0.954	0.004108	80.38	170.9	-64.98
10.75	-0.9729	0.0009541	82.33	170.9	-65.38
10.7666666666667	-0.9851	0.0009541	84.01	170.6	-64.41
10.7833333333333	-0.988	-0.0022	84.48	170.2	-63.88
10.8	-0.9851	-0.0022	84.8	170.4	-63.82
10.8166666666667	-0.9748	0.0009541	84.85	170	-64.45
10.8333333333333	-0.9691	-0.0022	84.33	169.6	-64.83
10.85	-0.9663	0.0009541	83.48	169.2	-64.95
10.8666666666667	-0.9616	0.0009541	79.59	169.4	-59.17
10.8833333333333	-0.9616	0.004108	73.96	170.2	-52.57
10.9	-0.9597	0.004108	68.96	170.6	-46.54
10.9166666666667	-0.9587	0.0009541	65.6	169.8	-39.77
10.9333333333333	-0.9502	0.0009541	60.34	170.6	-33.22
10.95	-0.9351	0.0009541	55.02	170.4	-26.73
10.9666666666667	-0.9097	-0.0022	49.08	169.6	-20.47
10.9833333333333	-0.8776	-0.0022	41.43	169.2	-14.62
11	-0.837	-0.0022	32.93	169	-8.97
11.0166666666667	-0.7775	-0.0022	22.04	169.8	-3.667
11.0333333333333	-0.6501	0.0009541	10.31	169.8	0.6094
11.05	-0.3283	0.004108	7.496	170.2	9.826
11.0666666666667	-0.2146	0.004108	9.89	170.4	19.09
11.0833333333333	-0.1665	0.004108	11.55	170.6	26.36
11.1	-0.1183	0.0009541	13.78	170.4	33.24
11.1166666666667	-0.07304	0.0009541	16.49	170.2	39.53
11.1333333333333	-0.03105	-0.0022	18.6	170	44.6
11.15	0.00906	-0.0022	20.25	169.8	49.21
11.1666666666667	0.04162	0.0009541	21.73	169.2	51.59
11.1833333333333	0.06191	0.004108	22.54	169.6	54.66
11.2	0.07606	0.0009541	23.25	169.6	57.73
11.2166666666667	0.08031	0.004108	23.8	170.4	60.93
11.2333333333333	0.08597	0.004108	24.25	170.9	63.62
11.25	0.08692	0.0009541	25.01	170.2	65.68
11.2666666666667	0.08975	0.004108	25.54	170.6	67.09
11.2833333333333	0.09919	-0.0022	26.41	170	68.11
11.3	0.1086	0.0009541	26.96	169.2	67.42
11.3166666666667	0.1157	-0.0022	27.09	169.4	65.67
11.3333333333333	0.1218	-0.0022	26.85	169	63.69
11.35	0.1209	0.004108	26.54	169.4	62.14
11.3666666666667	0.1138	0.0009541	26.17	170.2	61.04
11.3833333333333	0.1053	0.004108	25.93	170.9	59.43
11.4	0.08928	0.004108	26.99	171.1	46.01
11.4166666666667	0.07984	0.0009541	27.56	170.9	40.55
11.4333333333333	0.07465	0.0009541	28.33	170.4	35.55
11.45	0.07418	-0.0022	28.46	170	29.96
11.4666666666667	0.07701	-0.005353	29.12	169.2	22.46
11.4833333333333	0.07135	-0.005353	28.59	169	14.5
11.5	0.06002	-0.0022	27.3	169	6.532
11.5166666666667	0.03926	0.004108	24.86	169.6	-0.7409
11.5333333333333	9.451e-05	0.004108	20.81	170.2	-7.183
11.55	-0.08814	0.0009541	14.62	170.4	-11.57
11.5666666666667	-0.4345	0.0009541	16.99	171.1	-16.98
11.5833333333333	-0.6869	0.004108	33.56	171.3	-27.84
11.6	-0.7483	0.0009541	40.16	170.4	-31.34
11.6166666666667	-0.7889	-0.0022	45.79	170.2	-35.56
11.6333333333333	-0.8332	0.0009541	52.84	169.4	-41.72
11.65	-0.8738	-0.0022	59.44	169	-47.57
11.6666666666667	-0.9134	-0.0022	65.12	169.4	-52.98
11.6833333333333	-0.9512	0.004108	69.86	169.4	-57.68
11.7	-0.987	0.0009541	73.59	170.2	-60.63
11.7166666666667	-1.016	0.0009541	77.33	170.4	-62.73
11.7333333333333	-1.043	0.004108	80.01	170.9	-63.8
11.75	-1.06	0.0009541	82.33	170.9	-63.74
11.7666666666667	-1.066	0.0009541	84.06	170.2	-63.6
11.7833333333333	-1.063	-0.005353	85.01	169.6	-64.17
11.8	-1.06	-0.0022	85.32	169.2	-64.94
11.8166666666667	-1.054	0.0009541	84.9	169.6	-65.6
11.8333333333333	-1.053	0.004108	83.64	170	-66.13
11.85	-1.056	0.0009541	83.01	170	-66
11.8666666666667	-1.056	0.0009541	78.28	170.6	-58.47
11.8833333333333	-1.059	0.007261	73.02	170.9	-50.94
11.9	-1.054	0.0009541	68.86	170.9	-44.44
11.9166666666667	-1.046	0.0009541	64.91	170.4	-38.39
11.9333333333333	-1.027	-0.0022	60.44	170	-32.52
11.95	-1.008	-0.0022	54.95	170	-27.45
11.9666666666667	-0.9823	-0.0022	48.19	169.2	-21.78
11.9833333333333	-0.9512	0.0009541	39.85	169	-16.58
12	-0.9163	0.0009541	30.35	169.2	-10.73
12.0166666666667	-0.8615	0.004108	19.36	170	-4.647
12.0333333333333	-0.7039	0.004108	6.891	170.9	0.7849
12.05	-0.317	0.004108	6.786	171.1	12
12.0666666666667	-0.2099	-0.0022	9.443	170.9	20.95
12.0833333333333	-0.1495	0.0009541	11.99	170.4	27.84
12.1	-0.09145	-0.0022	14.33	169.8	33.56
12.1166666666667	-0.04332	-0.005353	16.65	169.8	38.56
12.1333333333333	0.002454	-0.0022	18.12	169.4	42.41
12.15	0.03407	0.0009541	19.6	169.4	46.7
12.1666666666667	0.0553	0.004108	20.81	169.6	50.42
12.1833333333333	0.06474	0.0009541	21.3	170.4	54.89
12.2	0.09824	0.0009541	23.78	169.6	59.52
12.2166666666667	0.08786	0.0009541	23.62	171.3	63.15
12.2333333333333	0.1006	-0.0022	24.75	170.4	66.05
12.25	0.1138	-0.0022	25.7	170	67.4
12.2666666666667	0.1275	-0.0022	26.51	169.4	67.01
12.2833333333333	0.1393	-0.005353	26.54	169.4	65.27
12.3	0.1412	0.0009541	26.38	169	64.7
12.3166666666667	0.1369	0.004108	25.93	169.8	63.15
12.3333333333333	0.1289	0.0009541	25.67	170.2	62.7
12.35	0.1204	0.0009541	25.49	170.4	63.73
12.3666666666667	0.1152	0.0009541	25.64	170.4	64.18
12.3833333333333	0.1157	0.0009541	26.3	170	63.8
12.4	0.1133	-0.005353	27.93	169.6	48.59
12.4166666666667	0.1162	-0.005353	28.62	169.2	40.56
12.4333333333333	0.119	0.0009541	28.72	169.4	32.6
12.45	0.111	0.0009541	27.96	169.8	26.23
12.4666666666667	0.09966	0.004108	27.38	170.2	19.68
12.4833333333333	0.07559	0.004108	26.17	170.9	13.44
12.5	0.05294	0.004108	24.86	170.6	7.531
12.5166666666667	0.03171	0.0009541	23.01	170.9	2.386
12.5333333333333	0.002926	-0.0022	20.23	170	-3.449
12.55	-0.08673	-0.0022	13.84	169.8	-7.889
12.5666666666667	-0.4991	0.0009541	18.15	170	-16.65
12.5833333333333	-0.7436	0.0009541	35.06	169	-31.18
12.6	-0.7983	0.004108	39.37	170	-35.56
12.6166666666667	-0.8426	0.007261	43.27	170.4	-39.09
12.6333333333333	-0.9115	0.0009541	49.87	170.6	-42.88
12.65	-0.9729	-0.0022	57.23	170.9	-47.06
12.6666666666667	-1.014	-0.0022	63.7	170.6	-50.59
12.6833333333333	-1.046	-0.0022	69.07	170.4	-53.65
12.7	-1.064	-0.0022	73.91	169.6	-57.74
12.7166666666667	-1.081	0.0009541	77.59	169	-61.58
12.7333333333333	-1.096	0.0009541	80.43	169	-64.58
12.75	-1.113	0.0009541	81.43	169.8	-67.14
12.7666666666667	-1.13	0.004108	82.27	170.4	-67.75
12.7833333333333	-1.148	0.004108	82.75	170.9	-65.75
12.8	-1.152	0.0009541	82.9	170.6	-64.64
12.8166666666667	-1.152	-0.0022	83.17	170.9	-63.41
12.8333333333333	-1.141	-0.005353	83.17	170	-63.32
12.85	-1.131	-0.0022	82.8	169.2	-63.3
12.8666666666667	-1.12	-0.0022	78.75	169.2	-57.83
12.8833333333333	-1.114	0.0009541	72.91	170	-52.12
12.9	-1.116	0.004108	68.44	170	-46.99
12.9166666666667	-1.116	0.004108	64.13	170.6	-41.54
12.9333333333333	-1.11	0.0009541	58.65	170.9	-34.39
12.95	-1.097	0.0009541	53.42	170.6	-26.84
12.9666666666667	-1.072	0.0009541	47.03	170.2	-20.58
12.9833333333333	-1.036	-0.0022	39.3	169.6	-14.85
13	-0.9927	-0.0022	30.27	169.4	-9.317
13.0166666666667	-0.9153	0.0009541	17.41	169	-3.527
13.0333333333333	-0.6888	0.0009541	5.208	170	-0.7539
13.05	-0.2868	0.004108	6.549	170.2	11.37
13.0666666666667	-0.1953	0.0009541	8.759	170.9	19.47
13.0833333333333	-0.1367	0.0009541	11.13	171.3	26.66
13.1	-0.08248	-0.005353	13.91	170.4	33.54
13.1166666666667	-0.03058	-0.005353	16.1	170	39.06
13.1333333333333	0.01378	0.0009541	18.2	169	43.63
13.15	0.05106	0.0009541	19.49	169.4	46.82
13.1666666666667	0.07465	0.0009541	20.46	169.8	50.47
13.1833333333333	0.09116	0.007261	21.52	170.6	54.82
13.2	0.09824	0.004108	22.25	171.1	59.36
13.2166666666667	0.1077	0.0009541	23.59	170.2	63.03
13.2333333333333	0.1166	0.0009541	24.54	170.6	65.65
13.25	0.1327	-0.0022	25.62	169.6	67.14
13.2666666666667	0.1473	-0.0022	26.28	169	67.01
13.2833333333333	0.1577	0.0009541	26.43	169.6	65.9
13.3	0.1591	0.0009541	25.62	169.6	64.42
13.3166666666667	0.1539	0.004108	25.41	170.2	63.33
13.3333333333333	0.1464	0.004108	25.15	169.8	63.02
13.35	0.1365	0.0009541	25.12	170.4	64.36
13.3666666666667	0.1341	-0.0022	25.51	171.1	64.73
13.3833333333333	0.1388	-0.005353	26.12	170.4	63.9
13.4	0.1402	0.0009541	27.88	169.8	48.12
13.4166666666667	0.1412	-0.0022	28.14	169.2	39.33
13.4333333333333	0.1374	0.0009541	27.93	169.4	32.33
13.45	0.1275	0.0009541	27.59	169.4	25.92
13.4666666666667	0.1082	0.004108	26.43	170.9	20.37
13.4833333333333	0.111	0.0009541	26.64	169.2	12.43
13.5	0.07087	0.0009541	24.62	171.1	9.193
13.5166666666667	0.05389	0.0009541	22.7	170.4	3.036
13.5333333333333	0.0251	-0.0022	19.23	169.8	-3.766
13.55	-0.0754	-0.0022	11.99	169.6	-8.914
13.5666666666667	-0.5822	0.0009541	18.41	169.4	-19.17
13.5833333333333	-0.8342	0.0009541	35.53	169.8	-32.52
13.6	-0.8832	0.004108	38.82	170.4	-35.28
13.6166666666667	-0.9361	0.0009541	43.21	171.1	-37.19
13.6333333333333	-0.9974	0.0009541	50.45	171.3	-41.17
13.65	-1.046	-0.0022	58.23	170.6	-45.67
13.6666666666667	-1.083	-0.0022	65.02	170.4	-50.55
13.6833333333333	-1.11	-0.0022	70.28	169.2	-55.35
13.7	-1.131	0.0009541	73.8	169	-60.11
13.7166666666667	-1.157	0.0009541	76.91	169.4	-63.58
13.7333333333333	-1.184	0.004108	79.17	170.2	-65.5
13.75	-1.209	0.004108	80.85	171.1	-65.21
13.7666666666667	-1.221	0.0009541	82.27	170.4	-64.55
13.7833333333333	-1.225	0.0009541	83.38	170.2	-63.77
13.8	-1.217	-0.005353	83.9	169.6	-64.27
13.8166666666667	-1.211	-0.0022	84.01	169	-64.58
13.8333333333333	-1.203	-0.005353	83.12	169.4	-65.49
13.85	-1.208	0.004108	81.85	170	-65.45
13.8666666666667	-1.208	0.0009541	77.01	170.2	-58.29
13.8833333333333	-1.208	0.0009541	72.28	170.9	-51.14
13.9	-1.21	0.0009541	68.28	170.6	-44.24
13.9166666666667	-1.197	0.0009541	64.02	170.2	-38.24
13.9333333333333	-1.177	-0.0022	59.34	169.6	-32.76
13.95	-1.152	0.0009541	53.79	169.2	-28.58
13.9666666666667	-1.127	0.0009541	46.21	169.2	-23.11
13.9833333333333	-1.098	0.0009541	37.03	169.2	-17.19
14	-1.069	0.0009541	27.22	170	-10.9
14.0166666666667	-1.011	0.004108	15.33	170.6	-3.626
14.0333333333333	-0.7549	0.0009541	3.682	170.9	0.9796
14.05	-0.2797	0.0009541	7.128	170	14.47
14.0666666666667	-0.1745	-0.0022	10.02	169.8	21.09
14.0833333333333	-0.1032	-0.0022	12.05	169.8	26.42
14.1	-0.04426	0.0009541	13.68	169.6	30.72
14.1166666666667	-0.002265	0.004108	15.31	169.4	35.79
14.1333333333333	0.02746	0.007261	16.73	170.2	41.23
14.15	0.04822	0.004108	18.12	170.9	46.8
14.1666666666667	0.06757	0.0009541	19.96	170.4	53.48
14.1833333333333	0.09305	-0.005353	21.73	170.2	58.41
14.2	0.1232	-0.0022	23.25	169.8	61.1
14.2166666666667	0.1454	0.0009541	24.38	169.4	62.38
14.2333333333333	0.1601	-0.0022	25.04	169.4	63.14
14.25	0.1624	0.0009541	24.72	169.4	63.46
14.2666666666667	0.1596	0.0009541	24.62	170.9	64.4
14.2833333333333	0.1539	0.004108	24.62	171.1	65.69
14.3	0.1516	0.0009541	25.15	171.3	67.03
14.3166666666667	0.1568	-0.0022	25.93	170.6	67.36
14.3333333333333	0.1648	-0.0022	26.57	169.6	65.89
14.35	0.1756	-0.0022	26.54	169.4	63.64
14.3666666666667	0.1789	0.0009541	26.07	168.8	61.86
14.3833333333333	0.1752	0.0009541	25.78	170	60.3
14.4	0.1516	0.004108	26.07	170.6	46.43
14.4166666666667	0.1374	0.0009541	26.46	170.6	40.02
14.4333333333333	0.1303	0.004108	26.83	171.1	34.94
14.45	0.1294	-0.0022	27.67	170	29.69
14.4666666666667	0.1299	-0.0022	27.49	169.6	22.76
14.4833333333333	0.1266	-0.0022	26.83	169.4	14.1
14.5	0.1129	0.0009541	24.43	169.6	5.683
14.5166666666667	0.08928	0.0009541	21.91	169.8	-0.68
14.5333333333333	0.04303	0.0009541	17.31	170.2	-6.537
14.55	-0.1004	0.0009541	8.995	170.9	-8.103
14.5666666666667	-0.7247	0.0009541	20.2	170.9	-18.13
14.5833333333333	-0.9304	-0.0022	36.46	169.8	-28.85
14.6	-0.9455	-0.0022	39.37	169	-32.02
14.6166666666667	-0.987	0.0009541	44.56	169.6	-37.5
14.6333333333333	-1.046	0.0009541	51.47	169.8	-43.96
14.65	-1.109	0.0009541	57.71	170	-49.45
14.6666666666667	-1.161	0.0009541	63.44	170.6	-53.07
14.6833333333333	-1.204	0.004108	68.75	170.4	-55.3
14.7	-1.231	-0.0022	73.44	170.6	-56.94
14.7166666666667	-1.245	-0.005353	77.38	170	-59.54
14.7333333333333	-1.258	-0.0022	80.7	169.2	-62.66
14.75	-1.265	-0.0022	82.59	169.4	-65.28
14.7666666666667	-1.279	0.0009541	83.9	169.8	-64.77
14.7833333333333	-1.284	0.004108	83.27	170	-67.84
14.8	-1.3	0.004108	83.01	170.9	-66.37
14.8166666666667	-1.308	0.004108	82.69	170.6	-64.35
14.8333333333333	-1.306	0.0009541	82.64	170.6	-62.85
14.85	-1.297	-0.0022	82.33	169.8	-60.68
14.8666666666667	-1.278	-0.0022	78.38	169.4	-55.91
14.8833333333333	-1.264	0.0009541	73.33	169.6	-51.15
14.9	-1.259	0.0009541	68.49	169.2	-47.17
14.9166666666667	-1.263	0.004108	63.34	170.2	-42.05
14.9333333333333	-1.259	0.0009541	58.08	170.6	-35.02
14.95	-1.248	0.0009541	52.34	171.1	-28.19
14.9666666666667	-1.225	0.0009541	45.21	170.4	-20.29
14.9833333333333	-1.186	0.0009541	36.88	169.4	-13.76
15	-1.138	-0.0022	27.62	169.4	-8.355
15.0166666666667	-1.062	0.0009541	15.7	169.8	-4.522
15.0333333333333	-0.7379	0.0009541	3.156	170.2	-2.507
15.05	-0.2571	0.004108	6.05	170.4	10.46
15.0666666666667	-0.1731	0.0009541	8.443	171.1	19.2
15.0833333333333	-0.1075	0.0009541	10.84	170.4	26.86
15.1	-0.05323	-0.0022	13.39	170.9	33.85
15.1166666666667	0.001038	-0.0022	15.65	170	39.25
15.1333333333333	0.04917	0.0009541	17.73	169.4	43.1
15.15	0.08267	0.0009541	18.94	169.6	46.61
15.1666666666667	0.1034	0.0009541	19.75	170.2	50.44
15.1833333333333	0.1171	0.004108	20.81	170.4	55.25
15.2	0.127	0.0009541	22.12	170.6	59.54
15.2166666666667	0.1393	0.0009541	23.62	170.4	64.04
15.2333333333333	0.1572	0.0009541	24.72	169.8	66.15
15.25	0.1733	-0.0022	25.67	169.8	66.33
15.2666666666667	0.186	-0.005353	25.96	169.4	65.5
15.2833333333333	0.1912	0.0009541	25.36	169.4	64.21
15.3	0.1879	0.004108	25.2	169.8	63.95
15.3166666666667	0.1799	0.0009541	24.83	170.6	64.2
15.3333333333333	0.1685	0.0009541	24.88	171.1	64.97
15.35	0.169	0.0009541	25.46	171.1	65.42
15.3666666666667	0.1794	-0.0022	26.33	169.8	64.73
15.3833333333333	0.186	-0.0022	26.54	169.4	63.12
15.4	0.1841	-0.005353	27.38	169	47.47
15.4166666666667	0.1761	0.0009541	27.3	169.2	38.1
15.4333333333333	0.161	0.004108	26.41	170.2	31.99
15.45	0.1464	0.0009541	26.09	170.9	27.1
15.4666666666667	0.1303	0.0009541	25.88	171.1	22.61
15.4833333333333	0.1199	-0.0022	25.54	170	16.08
15.5	0.1124	-0.0022	24.38	169.6	9.215
15.5166666666667	0.1034	-0.005353	21.83	169.6	1.251
15.5333333333333	0.06663	0.004108	16.78	169.6	-6.139
15.55	-0.08578	0.004108	8.285	169.4	-10.07
15.5666666666667	-0.8077	0.0009541	21.49	170.6	-22.87
15.5833333333333	-0.9984	0.004108	35.06	170.9	-30.84
15.6	-1.035	0.0009541	38.3	171.1	-32.09
15.6166666666667	-1.076	0.0009541	43.71	170	-34.88
15.6333333333333	-1.125	-0.0022	51.39	169.6	-40.67
15.65	-1.171	-0.0022	58.81	169.2	-47.32
15.6666666666667	-1.214	0.0009541	64.76	169.6	-52.82
15.6833333333333	-1.253	0.004108	69.7	169.6	-57.98
15.7	-1.291	0.007261	72.86	170.2	-60.49
15.7166666666667	-1.323	0.004108	76.07	170.9	-61.11
15.7333333333333	-1.345	0.0009541	79.43	170.6	-61.96
15.75	-1.353	-0.0022	82.06	169.6	-62.53
15.7666666666667	-1.355	-0.0022	83.54	169.4	-64.29
15.7833333333333	-1.349	0.0009541	84.48	169.4	-66.24
15.8	-1.351	0.004108	84.17	169.4	-67.42
15.8166666666667	-1.357	0.0009541	83.33	170	-67.37
15.8333333333333	-1.37	0.004108	82.17	171.1	-65.51
15.85	-1.375	0.004108	81.33	171.3	-62.52
15.8666666666667	-1.369	0.0009541	76.8	171.5	-54.69
15.8833333333333	-1.354	-0.0022	73.02	170.2	-48.53
15.9	-1.334	0.0009541	68.7	169.8	-44.15
15.9166666666667	-1.32	0.0009541	64.18	168.8	-40.35
15.9333333333333	-1.308	0.004108	58.29	169.4	-36.64
15.95	-1.299	0.0009541	51.76	169.8	-30.72
15.9666666666667	-1.289	0.0009541	43.85	170.2	-23.1
15.9833333333333	-1.267	0.0009541	35.14	170.6	-14.7
16	-1.226	-0.0022	25.7	170.9	-7.282
16.0166666666667	-1.143	0.0009541	14.36	170.4	-1.415
16.0333333333333	-0.7605	-0.0022	3.419	169.6	0.03072
16.05	-0.2623	0.0009541	6.549	170.6	13.81
16.0666666666667	-0.1396	0.0009541	8.995	169.6	17.35
16.0833333333333	-0.07776	0.0009541	10.68	170	23.7
16.1	-0.03624	0.0009541	12.49	170.6	31.47
16.1166666666667	0.003398	0.0009541	14.76	171.1	38.58
16.1333333333333	0.04445	-0.0022	17.39	170	45.08
16.15	0.08361	-0.005353	19.23	169.8	49.5
16.1666666666667	0.119	0.0009541	20.88	169.4	52.83
16.1833333333333	0.1464	0.0009541	21.86	169.4	55.19
16.2	0.1624	0.0009541	22.36	169.8	57.55
16.2166666666667	0.1681	0.0009541	22.99	170.2	60.81
16.2333333333333	0.1676	0.0009541	23.44	171.1	64.07
16.25	0.1728	0.0009541	24.22	171.1	66.89
16.2666666666667	0.1813	0.0009541	25.15	170.4	68.05
16.2833333333333	0.1964	0.0009541	25.83	169.4	67.16
16.3	0.2072	-0.0022	26.09	169.4	65.93
16.3166666666667	0.2101	0.0009541	25.83	169.6	63.81
16.3333333333333	0.2025	0.007261	24.93	170.2	62.27
16.35	0.1931	0.004108	24.57	170.9	62.39
16.3666666666667	0.186	0.0009541	24.57	170.4	63.17
16.3833333333333	0.1832	0.0009541	25.2	170.9	63.87
16.4	0.1789	-0.0022	26.72	170	50.28
16.4166666666667	0.1822	-0.0022	27.49	170	41.36
16.4333333333333	0.1841	0.0009541	27.33	169.6	33.73
16.45	0.1799	-0.0022	26.83	169.4	26.41
16.4666666666667	0.1667	0.007261	25.64	170.2	19.34
16.4833333333333	0.1445	0.004108	24.09	170.4	12.79
16.5	0.1185	0.0009541	22.44	170.9	7.908
16.5166666666667	0.09494	0.0009541	20.25	170.6	2.838
16.5333333333333	0.05436	-0.0022	15.57	170.2	-3.258
16.55	-0.1023	0.0009541	8.101	169.6	-6.728
16.5666666666667	-0.8776	-0.0022	23.99	169.6	-22.8
16.5833333333333	-1.042	0.0009541	36.32	169.2	-32.32
16.6	-1.075	0.004108	37.72	170	-34.36
16.6166666666667	-1.129	0.004108	42.43	170	-37.82
16.6333333333333	-1.2	0.0009541	49.79	170.6	-42.03
16.65	-1.261	0.0009541	57.55	170.6	-46.28
16.6666666666667	-1.299	-0.0022	64.07	170.2	-50.01
16.6833333333333	-1.324	-0.0022	69.81	169.8	-54.44
16.7	-1.344	0.0009541	74.07	169.4	-59.27
16.7166666666667	-1.368	0.0009541	76.75	169.8	-63
16.7333333333333	-1.391	0.0009541	79.06	170.2	-65.5
16.75	-1.417	0.004108	80.64	170.2	-65.46
16.7666666666667	-1.432	0.0009541	81.91	170.6	-65.08
16.7833333333333	-1.439	-0.0022	82.96	170.9	-64.31
16.8	-1.431	-0.0022	83.64	170.2	-64.09
16.8166666666667	-1.425	0.0009541	83.59	169.8	-64.61
16.8333333333333	-1.42	0.004108	83.33	169.6	-65.12
16.85	-1.417	0.0009541	81.38	169.8	-64.21
16.8666666666667	-1.417	0.004108	76.33	170	-58.22
16.8833333333333	-1.417	0.007261	71.44	170.4	-51.44
16.9	-1.419	0.0009541	67.23	170.4	-44.27
16.9166666666667	-1.41	-0.0022	63.07	170.6	-38.27
16.9333333333333	-1.391	-0.0022	58.08	170.2	-32.84
16.95	-1.365	-0.005353	52.26	169.6	-27.67
16.9666666666667	-1.335	0.0009541	44.45	169.4	-22.64
16.9833333333333	-1.306	0.0009541	34.98	169.4	-16.97
17	-1.274	0.007261	24.88	170.6	-10.93
17.0166666666667	-1.202	0.0009541	12.13	170.2	-4.015
17.0333333333333	-0.7907	0.0009541	1.604	170.4	-0.6975
17.05	-0.2542	0.0009541	5.997	170.2	13.62
17.0666666666667	-0.1419	-0.0022	9.495	169.8	21.08
17.0833333333333	-0.06549	-0.0022	11.84	169.4	26.22
17.1	-0.004152	-0.0022	13.81	169.4	31.16
17.1166666666667	0.04162	-0.0022	15.12	169.4	36.03
17.1333333333333	0.07135	0.0009541	16.52	169.8	41.22
17.15	0.09305	0.004108	17.83	170.6	47.04
17.1666666666667	0.1119	0.0009541	19.38	171.1	53.7
17.1833333333333	0.1365	-0.0022	21.25	170.4	58.26
17.2	0.1657	0.0009541	23.28	169.8	61.08
17.2166666666667	0.1893	-0.005353	24.22	169.2	62.74
17.2333333333333	0.2068	0.0009541	24.54	169.2	63.18
17.25	0.2115	0.0009541	24.59	169.6	63.24
17.2666666666667	0.2087	0.004108	24.3	170.4	64.12
17.2833333333333	0.2016	0.0009541	24.2	170.6	65.34
17.3	0.1969	0.0009541	24.72	170.6	67.46
17.3166666666667	0.2021	-0.0022	25.46	170	67.4
17.3333333333333	0.1987	0.0009541	24.78	170.9	65.98
17.35	0.2205	-0.0022	26.04	169.2	64.13
17.3666666666667	0.2238	0.0009541	25.83	169.2	61.95
17.3833333333333	0.22	0.004108	25.04	169.6	60.28
17.4	0.2011	0.004108	25.62	170	47.06
17.4166666666667	0.1841	0.0009541	25.62	171.1	40.06
17.4333333333333	0.1747	0.0009541	26.01	171.1	34.73
17.45	0.1733	-0.0022	26.51	169.6	29.88
17.4666666666667	0.1742	-0.0022	26.35	169.6	22.95
17.4833333333333	0.1695	0.0009541	25.3	169.6	14.22
17.5	0.1591	0.0009541	23.2	169.4	6.454
17.5166666666667	0.1284	0.004108	19.73	170.2	-1.008
17.5333333333333	0.07654	0.0009541	14.05	170.2	-6.535
17.55	-0.1198	0.004108	5.576	170.6	-8.165
17.5666666666667	-0.9644	0.0009541	23.07	170.9	-21.22
17.5833333333333	-1.131	-0.0022	36.53	170	-29.43
17.6	-1.145	0.0009541	39.01	169.8	-31.39
17.6166666666667	-1.173	0.0009541	43.21	169.8	-36.67
17.6333333333333	-1.236	0.0009541	50.47	169.4	-43.58
17.65	-1.3	0.0009541	57.29	169.8	-49.35
17.6666666666667	-1.359	0.004108	63.28	170.4	-53.3
17.6833333333333	-1.401	0.0009541	68.39	170.6	-55.74
17.7	-1.432	0.0009541	73.02	171.3	-57.59
17.7166666666667	-1.451	-0.0022	76.43	170	-59.21
17.7333333333333	-1.457	0.004108	78.59	170.6	-62.1
17.75	-1.465	0.0009541	82.17	169.4	-64.88
17.7666666666667	-1.472	0.004108	82.75	169.6	-67.37
17.7833333333333	-1.483	0.0009541	82.9	170	-67.97
17.8	-1.495	0.004108	82.38	170.9	-67.28
17.8166666666667	-1.506	0.0009541	82.12	170.9	-64.94
17.8333333333333	-1.506	0.0009541	81.8	170.4	-63.04
17.85	-1.5	-0.0022	81.59	170.2	-59.89
17.8666666666667	-1.482	-0.0022	77.12	169.6	-54.52
17.8833333333333	-1.466	0.004108	72.75	169.4	-50.73
17.9	-1.457	0.0009541	67.81	169.4	-46.94
17.9166666666667	-1.455	0.004108	62.34	170.2	-42.19
17.9333333333333	-1.453	0.0009541	56.87	170.6	-36
17.95	-1.446	0.004108	50.34	170.6	-28.43
17.9666666666667	-1.425	0.0009541	42.93	170.2	-19.87
17.9833333333333	-1.387	0.0009541	34.53	170.2	-13.74
18	-1.336	0.0009541	25.78	169.6	-8.375
18.0166666666667	-1.242	0.0009541	12.81	169.4	-3.741
18.0333333333333	-0.8002	0.0009541	1.894	169.8	-3.473
18.05	-0.2368	0.007261	5.445	170.2	9.43
18.0666666666667	-0.1344	0.0009541	8.233	170.6	18.88
18.0833333333333	-0.07257	0.0009541	10.34	170.9	26.46
18.1	-0.01406	-0.005353	12.99	170.9	33.83
18.1166666666667	0.04067	-0.0022	15.41	169.8	38.98
18.1333333333333	0.08786	0.0009541	17.6	169.2	43.4
18.15	0.1237	-0.0022	19.1	169.2	47.24
18.1666666666667	0.1473	0.004108	19.75	169.8	50.56
18.1833333333333	0.1638	0.004108	20.54	170.6	54.58
18.2	0.1723	0.004108	21.46	170.9	59.26
18.2166666666667	0.1832	0.0009541	22.96	170.9	63.55
18.2333333333333	0.1973	-0.0022	24.15	170.4	66.11
18.25	0.2124	-0.0022	25.17	169.8	66.76
18.2666666666667	0.2313	0.0009541	25.38	169.4	65.66
18.2833333333333	0.2346	0.0009541	25.41	169	64.84
18.3	0.2332	0.004108	24.8	169.6	63.99
18.3166666666667	0.22	0.004108	24.51	170.6	64.11
18.3333333333333	0.2138	0.0009541	24.51	170.6	64.69
18.35	0.2138	0.0009541	24.91	170.9	65.39
18.3666666666667	0.2209	-0.0022	25.83	170	64.82
18.3833333333333	0.2299	0.0009541	25.99	169.4	63.1
18.4	0.2271	0.0009541	26.67	169.2	47.96
18.4166666666667	0.2181	0.0009541	26.28	169.6	38.21
18.4333333333333	0.2054	0.0009541	25.8	170.4	32.16
18.45	0.1898	0.004108	25.25	170.4	27.42
18.4666666666667	0.1742	0.0009541	24.88	170.9	22.22
18.4833333333333	0.1643	-0.0022	24.43	170.6	16.12
18.5	0.1591	-0.0022	23.12	169.8	9.271
18.5166666666667	0.145	0.0009541	20.09	169	0.8765
18.5333333333333	0.1015	0.0009541	14.49	169.2	-6.193
18.55	-0.09239	0.0009541	5.865	170	-9.76
18.5666666666667	-1.015	0.004108	22.75	170.9	-24.22
18.5833333333333	-1.196	0.004108	35.88	171.1	-31.3
18.6	-1.215	0.0009541	37.4	170.6	-30.97
18.6166666666667	-1.248	-0.0022	42.71	169.8	-34.48
18.6333333333333	-1.301	0.0009541	50.79	169.8	-41.08
18.65	-1.355	0.0009541	58.08	169.6	-48.33
18.6666666666667	-1.406	0.004108	63.6	169.6	-54.09
18.6833333333333	-1.446	0.004108	68.02	170.4	-57.65
18.7	-1.487	0.0009541	72.28	171.3	-59.52
18.7166666666667	-1.516	0.0009541	75.8	170.9	-60.37
18.7333333333333	-1.529	0.0009541	79.33	170	-61.28
18.75	-1.536	-0.0022	81.91	169.4	-63.03
18.7666666666667	-1.534	0.0009541	83.06	169	-65.51
18.7833333333333	-1.538	0.004108	83.12	169.4	-67.41
18.8	-1.549	0.0009541	82.9	169.8	-67.82
18.8166666666667	-1.559	0.007261	82.06	170.6	-67
18.8333333333333	-1.566	0.0009541	81.75	171.3	-64.2
18.85	-1.565	0.0009541	80.96	171.1	-60.41
18.8666666666667	-1.555	0.0009541	76.8	170.6	-53.73
18.8833333333333	-1.534	0.0009541	72.54	169.6	-49.33
18.9	-1.517	-0.0022	68.39	169.4	-45.92
18.9166666666667	-1.51	0.004108	62.92	169.8	-41.81
18.9333333333333	-1.506	0.004108	56.92	170	-36.6
18.95	-1.5	0.004108	50.16	170.4	-29.49
18.9666666666667	-1.485	0.0009541	42.43	170.6	-21.52
18.9833333333333	-1.451	-0.0022	34.04	170.4	-13.29
19	-1.4	-0.0022	24.51	170	-7.54
19.0166666666667	-1.321	0.0009541	10.92	171.1	-2.276
19.0333333333333	-0.8049	-0.0022	2.209	169.6	-2.562
19.05	-0.2203	0.004108	5.918	169.4	9.572
19.0666666666667	-0.1155	0.007261	8.233	170.4	17.53
19.0833333333333	-0.05936	0.0009541	10.07	171.1	25.74
19.1	-0.005096	-0.0022	12.73	170.6	33.51
19.1166666666667	0.04303	-0.0022	14.91	170.2	39.42
19.1333333333333	0.09635	0.0009541	17.36	169.8	44.1
19.15	0.135	0.0009541	19.02	169.2	47.75
19.1666666666667	0.1648	0.0009541	20.17	169.6	51.07
19.1833333333333	0.1789	0.004108	20.7	170	54.65
19.2	0.1893	0.004108	21.49	170.6	58.61
19.2166666666667	0.1954	0.0009541	22.28	170.6	62.52
19.2333333333333	0.2072	-0.005353	23.96	170.6	65.91
19.25	0.2238	0.0009541	24.88	170.4	67.06
19.2666666666667	0.2379	-0.0022	25.28	169.6	67.13
19.2833333333333	0.2492	0.0009541	25.38	169.2	65.27
19.3	0.2488	0.0009541	24.8	169.8	64.04
19.3166666666667	0.2412	0.007261	24.38	170.4	63.4
19.3333333333333	0.2318	0.004108	24.09	170.6	63.65
19.35	0.2256	0.004108	24.49	170.6	64.75
19.3666666666667	0.228	-0.0022	24.96	170.4	65.13
19.3833333333333	0.2398	-0.0022	25.72	169.6	63.47
19.4	0.2398	-0.005353	26.72	169.4	49.04
19.4166666666667	0.2351	0.0009541	26.57	169.2	38.72
19.4333333333333	0.2209	0.0009541	25.88	170	31.72
19.45	0.2049	0.004108	25.25	170.6	26.39
19.4666666666667	0.1898	0.004108	24.41	171.1	21.57
19.4833333333333	0.1761	0.0009541	23.86	170.9	16.06
19.5	0.1643	-0.0022	22.59	170	9.46
19.5166666666667	0.1506	-0.0022	19.83	169.6	2.021
19.5333333333333	0.1133	0.0009541	14.23	169	-5.996
19.55	-0.06408	-0.0022	5.813	168.8	-9.027
19.5666666666667	-1.064	0.007261	22.99	170.2	-22.6
19.5833333333333	-1.259	0.0009541	36.88	170.4	-33.39
19.6	-1.282	0.0009541	38.03	170.9	-31.58
19.6166666666667	-1.315	0.0009541	42.48	170.4	-34.32
19.6333333333333	-1.37	-0.0022	51.18	169.2	-40.57
19.65	-1.421	0.004108	58.34	169.6	-47.19
19.6666666666667	-1.461	0.0009541	64.02	169.4	-53.07
19.6833333333333	-1.5	0.0009541	68.54	170	-57.67
19.7	-1.54	0.004108	72.59	170.4	-60.58
19.7166666666667	-1.572	0.004108	75.96	170.6	-61.52
19.7333333333333	-1.597	0.0009541	78.75	170.9	-62.12
19.75	-1.604	0.0009541	81.91	170	-62.83
19.7666666666667	-1.604	-0.0022	83.27	169.4	-64.51
19.7833333333333	-1.6	0.0009541	83.8	168.8	-65.81
19.8	-1.6	-0.0022	83.12	169.2	-67.77
19.8166666666667	-1.61	0.004108	82.12	170	-67.28
19.8333333333333	-1.619	0.0009541	81.22	170.6	-65.33
19.85	-1.627	0.0009541	80.06	170.9	-60.9
19.8666666666667	-1.619	0.0009541	75.96	170.4	-53.89
19.8833333333333	-1.602	-0.0022	72.07	170.2	-48.46
19.9	-1.583	-0.0022	68.02	169.4	-44.64
19.9166666666667	-1.568	0.0009541	62.92	169.2	-40.91
19.9333333333333	-1.557	0.004108	56.97	169.2	-36.53
19.95	-1.553	0.004108	49.92	170	-30.54
19.9666666666667	-1.538	0.004108	41.87	170.6	-22.71
19.9833333333333	-1.514	0.0009541	33.35	170.2	-14.54
20	-1.465	-0.005353	23.94	170.6	-7.36
20.0166666666667	-1.363	0.0009541	11.13	170.2	-1.936
20.0333333333333	-0.8634	-0.0022	2.157	169.8	-1.724
20.05	-0.2094	-0.0022	6.47	169	10.16
20.0666666666667	-0.09616	0.004108	8.548	170	17.53
20.0833333333333	-0.03624	0.0009541	10.05	170.4	24.27
20.1	0.01048	0.0009541	12.34	170.9	32.67
20.1166666666667	0.05577	0.0009541	14.65	170.9	39.6
20.1333333333333	0.09635	-0.0022	16.89	170.4	44.98
20.15	0.1412	0.0009541	18.89	169.6	48.45
20.1666666666667	0.1775	-0.0022	20.36	169.2	51.64
20.1833333333333	0.1992	0.0009541	21.52	169.2	54.91
20.2	0.2091	0.004108	21.8	170	58.16
20.2166666666667	0.2143	0.004108	22.38	170.6	61.36
20.2333333333333	0.2205	0.0009541	23.09	170.6	64.69
20.25	0.2308	0.0009541	24.25	170.9	67.5
20.2666666666667	0.2459	0.0009541	25.25	169.4	67.58
20.2833333333333	0.2587	0.0009541	25.78	169.8	66.73
20.3	0.2488	0.0009541	25.33	170.2	67.75
20.3166666666667	0.261	0.0009541	24.83	169.4	63.14
20.3333333333333	0.254	0.0009541	24.36	169.6	62.89
20.35	0.2403	0.0009541	24.38	170.2	64.1
20.3666666666667	0.2393	0.004108	24.67	170.4	64.62
20.3833333333333	0.2436	0.0009541	25.51	170.2	64.17
20.4	0.245	0.0009541	26.59	169.6	50.51
20.4166666666667	0.2464	0.0009541	26.85	168.8	39.88
20.4333333333333	0.2417	-0.0022	26.46	169.6	32.55
20.45	0.2247	0.004108	25.22	170.6	26
20.4666666666667	0.2072	0.004108	24.25	170.4	20.61
20.4833333333333	0.1893	0.0009541	23.22	170.4	14.46
20.5	0.1723	-0.0022	21.67	170.9	9.251
20.5166666666667	0.1586	-0.0022	19.41	170.2	2.715
20.5333333333333	0.119	0.0009541	13.84	170	-4.088
20.55	-0.09239	0.0009541	5.839	169.4	-7.56
20.5666666666667	-1.146	0.004108	25.67	170	-26.71
20.5833333333333	-1.304	0.004108	36.48	170.6	-33.86
20.6	-1.324	0.007261	36.82	170.4	-33.02
20.6166666666667	-1.37	0.0009541	41.87	170.6	-35.12
20.6333333333333	-1.432	0.0009541	49.95	170	-39.76
20.65	-1.489	0.0009541	57.92	169.8	-45.66
20.6666666666667	-1.521	0.0009541	64.34	169	-52.05
20.6833333333333	-1.553	0.0009541	68.86	169.4	-56.91
20.7	-1.587	0.004108	72.96	169.4	-61.04
20.7166666666667	-1.623	0.004108	75.54	170.4	-62.46
20.7333333333333	-1.65	0.004108	78.7	170.6	-63.59
20.75	-1.667	0.0009541	80.91	171.3	-63.81
20.7666666666667	-1.668	0.0009541	82.85	170.2	-63.79
20.7833333333333	-1.665	-0.0022	83.38	169.6	-64.56
20.8	-1.659	0.0009541	83.22	169.2	-65.66
20.8166666666667	-1.661	0.004108	82.22	169.6	-66.78
20.8333333333333	-1.665	0.0009541	81.17	170.2	-66.14
20.85	-1.674	0.0009541	79.91	170.6	-62.95
20.8666666666667	-1.674	0.0009541	75.33	170.9	-54.45
20.8833333333333	-1.667	0.0009541	71.12	170.9	-48.04
20.9	-1.653	0.0009541	67.44	170.2	-43.19
20.9166666666667	-1.629	-0.0022	63.34	169.4	-39.7
20.9333333333333	-1.61	0.0009541	57.44	169.2	-35.64
20.95	-1.599	0.004108	50.47	169.8	-30.88
20.9666666666667	-1.585	0.004108	41.82	170	-23.69
20.9833333333333	-1.565	0.004108	32.83	170.6	-16.12
21	-1.525	0.0009541	22.54	170.9	-8.348
21.0166666666667	-1.429	0.0009541	10.13	170.6	-1.945
21.0333333333333	-0.9351	0.0009541	2.078	169.8	-1.076
21.05	-0.2118	0.0009541	6.313	169.4	11.31
21.0666666666667	-0.08012	0.0009541	9.232	169.6	17.86
21.0833333333333	-0.01595	0.004108	10.6	169.8	23.69
21.1	0.03501	0.004108	12.28	170.6	30.61
21.1166666666667	0.06757	0.004108	14.07	170.9	38.37
21.1333333333333	0.1034	0.0009541	16.15	171.1	44.58
21.15	0.1421	-0.0022	18.44	170	49.98
21.1666666666667	0.1789	-0.0022	20.31	169.4	53.44
21.1833333333333	0.2134	0.0009541	21.65	169.2	56.12
21.2	0.2332	0.004108	22.46	169.2	57.97
21.2166666666667	0.2417	0.004108	22.75	169.8	60.01
21.2333333333333	0.2407	0.0009541	23.01	170.4	63.33
21.25	0.2422	0.0009541	23.54	170.6	65.76
21.2666666666667	0.2469	0.0009541	24.43	170.4	67.56
21.2833333333333	0.2577	-0.005353	25.2	169.8	68.14
21.3	0.2691	0.0009541	25.49	169.4	66.99
21.3166666666667	0.2761	0.0009541	25.7	169.6	64.8
21.3333333333333	0.2761	0.004108	24.86	169.4	62.56
21.35	0.27	0.007261	24.43	169.8	61.79
21.3666666666667	0.262	0.007261	24.17	170	61.92
21.3833333333333	0.2511	0.0009541	24.49	170.6	63.32
21.4	0.2445	-0.0022	25.72	170.4	51.27
21.4166666666667	0.2422	0.0009541	26.46	169.8	42.04
21.4333333333333	0.2502	0.0009541	26.67	169.2	34.55
21.45	0.2483	0.0009541	26.22	169.4	27.04
21.4666666666667	0.2374	0.004108	25.15	169.8	19.59
21.4833333333333	0.2148	0.004108	22.91	169.8	12.41
21.5	0.1888	0.004108	20.54	170.6	6.943
21.5166666666667	0.1596	0.0009541	17.65	170.9	1.934
21.5333333333333	0.111	0.0009541	12.49	170.4	-2.939
21.55	-0.1245	-0.0022	5.234	169.8	-5.253
21.5666666666667	-1.23	0.0009541	28.14	169.4	-25.35
21.5833333333333	-1.37	0.0009541	37.95	170	-30.42
21.6	-1.363	0.004108	37.51	169.6	-34.19
21.6166666666667	-1.41	0.007261	41.93	170.4	-38.07
21.6333333333333	-1.485	0.004108	49.42	171.1	-42.74
21.65	-1.553	0.0009541	57.29	170.6	-46.29
21.6666666666667	-1.597	0.004108	63.44	170.4	-49.9
21.6833333333333	-1.625	0.0009541	69.02	170.2	-54.09
21.7	-1.644	-0.0022	73.86	169.2	-58.52
21.7166666666667	-1.659	0.0009541	76.75	169.2	-61.93
21.7333333333333	-1.682	0.0009541	79.28	169.8	-65.16
21.75	-1.702	0.007261	81.06	170.2	-66.95
21.7666666666667	-1.729	0.004108	81.8	170.9	-66.39
21.7833333333333	-1.736	0.004108	82.38	170.9	-65.02
21.8	-1.738	0.0009541	82.96	170.6	-63.84
21.8166666666667	-1.729	-0.0022	82.8	169.8	-63.62
21.8333333333333	-1.721	0.0009541	82.75	169.6	-63.81
21.85	-1.712	0.0009541	80.96	169	-63.01
21.8666666666667	-1.706	0.007261	75.49	170	-56.94
21.8833333333333	-1.708	0.004108	70.33	170.2	-51.39
21.9	-1.708	0.007261	66.23	170.4	-46.23
21.9166666666667	-1.706	0.004108	61.49	170.6	-39.43
21.9333333333333	-1.691	0.0009541	56.81	170.4	-32.94
21.95	-1.665	0.0009541	51	169.8	-27.43
21.9666666666667	-1.636	-0.0022	42.79	169.4	-21.73
21.9833333333333	-1.599	-0.0022	33.61	169.6	-16.3
22	-1.559	0.0009541	22.46	170.2	-11.41
22.0166666666667	-1.468	0.004108	9.127	170.2	-5.527
22.0333333333333	-0.9729	0.007261	0.4997	170.6	-3.365
22.05	-0.224	0.0009541	5.129	171.3	12.44
22.0666666666667	-0.09381	0.0009541	8.627	170.9	21.25
22.0833333333333	-0.01359	-0.0022	11.31	170.2	27.61
22.1	0.05058	-0.0022	13.68	169.8	32.61
22.1166666666667	0.1044	-0.0022	15.31	169.2	36.91
22.1333333333333	0.1393	0.0009541	16.54	169.2	41.07
22.15	0.1615	0.004108	17.62	170	46.31
22.1666666666667	0.1818	0.0009541	18.67	170.6	52
22.1833333333333	0.2006	0.0009541	20.28	170.9	57.44
22.2	0.2228	0.004108	22.12	170.2	61.74
22.2166666666667	0.2436	0.0009541	23.49	170	63.98
22.2333333333333	0.2639	0.0009541	24.59	169.2	65.01
22.25	0.278	0.004108	24.62	169.2	64.04
22.2666666666667	0.2837	0.0009541	24.41	169.2	64.16
22.2833333333333	0.2794	0.007261	24.12	169.8	64.22
22.3	0.2714	0.004108	24.12	170.4	65.36
22.3166666666667	0.2653	0.0009541	24.33	170.4	65.88
22.3333333333333	0.2672	0.0009541	24.49	170.6	66.19
22.35	0.2714	0.0009541	25.15	169.8	65.69
22.3666666666667	0.2827	0.0009541	25.67	169.4	63.9
22.3833333333333	0.2889	-0.0022	25.57	169.2	61.85
22.4	0.2813	0.0009541	25.78	169.2	48
22.4166666666667	0.2667	0.007261	25.41	170	38.5
22.4333333333333	0.2507	0.007261	24.88	171.1	32.65
22.45	0.2337	0.0009541	24.8	171.3	28.36
22.4666666666667	0.2256	0.0009541	24.49	170.6	23.11
22.4833333333333	0.219	0.0009541	23.59	170.4	15.93
22.5	0.2087	0.0009541	21.91	169.6	8.757
22.5166666666667	0.194	-0.0022	18.39	169.2	0.8081
22.5333333333333	0.1468	0.0009541	12.31	169.4	-6.194
22.55	-0.1018	0.004108	3.919	170	-8.667
22.5666666666667	-1.296	0.007261	26.93	170.9	-27.35
22.5833333333333	-1.434	0.0009541	37.35	170.9	-32.47
22.6	-1.446	0.004108	37.66	170.9	-31.24
22.6166666666667	-1.472	-0.0022	42.74	170.6	-34.11
22.6333333333333	-1.531	0.0009541	50.61	169.6	-40.77
22.65	-1.583	0.004108	58.02	169.6	-47.07
22.6666666666667	-1.623	0.004108	63.91	169.6	-52.64
22.6833333333333	-1.668	0.004108	68.28	169.8	-57.64
22.7	-1.706	0.007261	72.17	170.2	-60.68
22.7166666666667	-1.738	0.007261	75.28	171.1	-61.23
22.7333333333333	-1.763	0.0009541	78.64	170.6	-62.15
22.75	-1.772	0.0009541	81.38	170.2	-63.07
22.7666666666667	-1.774	-0.0022	83.06	169.8	-64.56
22.7833333333333	-1.767	-0.0022	83.38	169.8	-65.67
22.8	-1.765	-0.0022	83.27	169	-66.96
22.8166666666667	-1.774	0.004108	82.01	169.8	-67.12
22.8333333333333	-1.78	0.004108	81.01	170.4	-66.02
22.85	-1.789	0.0009541	79.54	170.9	-61.85
22.8666666666667	-1.767	0.004108	75.01	170.2	-57.05
22.8833333333333	-1.77	-0.0022	70.96	170.4	-47.69
22.9	-1.755	-0.0022	67.33	169.6	-43.48
22.9166666666667	-1.734	0.0009541	62.86	169.2	-40.65
22.9333333333333	-1.721	0.004108	56.81	169.4	-36.27
22.95	-1.71	0.004108	49.87	169.6	-31.1
22.9666666666667	-1.697	0.004108	41.43	170.4	-23.79
22.9833333333333	-1.676	0.0009541	31.93	170.6	-15.42
23	-1.633	0.0009541	21.91	170.6	-7.961
23.0166666666667	-1.529	0.0009541	9.416	170.4	-1.682
23.0333333333333	-0.9936	-0.0022	1.815	169.8	-1.661
23.05	-0.1938	0.0009541	6.128	169.6	10.92
23.0666666666667	-0.05889	0.004108	8.995	169.2	18.18
23.0833333333333	0.006701	0.007261	10.18	170	24.14
23.1	0.0553	0.007261	12.1	170.2	30.74
23.1166666666667	0.09022	0.004108	13.76	170.6	37.72
23.1333333333333	0.127	-0.0022	16.2	170.4	44.58
23.15	0.1657	0.0009541	18.49	170	50.1
23.1666666666667	0.2016	0.0009541	20.38	169.8	53.93
23.1833333333333	0.2365	0.0009541	21.57	169	55.98
23.2	0.2573	0.004108	22.2	169.8	58.14
23.2166666666667	0.2672	0.004108	22.73	170.2	60.3
23.2333333333333	0.2672	0.004108	23.04	170.2	62.93
23.25	0.2672	0.004108	23.46	170.6	65.56
23.2666666666667	0.2714	0.004108	24.12	170.6	67.28
23.2833333333333	0.2823	-0.0022	25.07	170.4	67.73
23.3	0.2945	-0.005353	25.51	169.2	66.97
23.3166666666667	0.3007	-0.0022	25.38	169.2	64.91
23.3333333333333	0.303	0.004108	24.88	169.6	62.73
23.35	0.2997	0.0009541	24.2	169.6	61.83
23.3666666666667	0.2884	0.004108	23.91	170.2	61.32
23.3833333333333	0.2785	0.004108	23.91	170.9	62.79
23.4	0.2691	0.0009541	25.22	170.6	51.96
23.4166666666667	0.2662	-0.005353	25.88	170.2	42.47
23.4333333333333	0.2714	-0.0022	26.35	169	34.99
23.45	0.2719	-0.0022	25.96	169.2	27.42
23.4666666666667	0.2634	0.004108	24.72	169.6	19.85
23.4833333333333	0.2417	0.004108	22.36	170	12.28
23.5	0.2157	0.004108	19.99	170.4	6.624
23.5166666666667	0.1832	0.004108	16.83	170.6	1.424
23.5333333333333	0.1341	0.0009541	11.52	170.6	-2.942
23.55	-0.1183	0.0009541	4.392	170	-4.612
23.5666666666667	-1.348	0.0009541	29.17	170	-26.31
23.5833333333333	-1.463	0.0009541	38.66	169.2	-33.37
23.6	-1.47	0.007261	38.24	169.6	-34.42
23.6166666666667	-1.506	0.004108	41.66	170	-38.03
23.6333333333333	-1.582	0.004108	48.76	170.2	-43.03
23.65	-1.651	0.0009541	56.29	170.6	-46.07
23.6666666666667	-1.702	0.0009541	63.07	170.6	-49.89
23.6833333333333	-1.733	0.0009541	68.7	170	-53.75
23.7	-1.75	-0.0022	73.44	169.4	-58.19
23.7166666666667	-1.767	0.0009541	77.12	169.2	-62.06
23.7333333333333	-1.787	0.004108	79.43	169.4	-65.35
23.75	-1.812	0.007261	80.33	170.2	-66.7
23.7666666666667	-1.829	0.007261	81.27	170.9	-66.2
23.7833333333333	-1.842	0.0009541	81.91	171.3	-64.96
23.8	-1.84	-0.0022	82.9	170.4	-63.9
23.8166666666667	-1.836	0.0009541	82.85	169.8	-63.43
23.8333333333333	-1.827	0.0009541	82.48	169.4	-63.61
23.85	-1.818	0.0009541	80.49	169.6	-62.56
23.8666666666667	-1.812	0.007261	75.38	169.6	-57.26
23.8833333333333	-1.812	0.004108	70.28	170	-51.76
23.9	-1.816	0.007261	65.6	170.9	-45.37
23.9166666666667	-1.812	0.004108	61.07	171.3	-39.09
23.9333333333333	-1.795	0.0009541	56.5	170.4	-33.17
23.95	-1.77	-0.0022	50.47	169.6	-27.13
23.9666666666667	-1.738	0.0009541	42.37	169.4	-21.88
23.9833333333333	-1.702	0.004108	32.98	169.4	-16.71
24	-1.659	0.004108	21.65	170	-11.48
24.0166666666667	-1.565	0.004108	8.127	170.4	-5.667
24.0333333333333	-1.037	0.004108	0.3419	170.6	-3.692
24.05	-0.2127	0.0009541	4.708	170.9	11.54
24.0666666666667	-0.07116	0.0009541	8.627	170.2	21.51
24.0833333333333	0.007644	-0.0022	11.28	169.6	27.74
24.1	0.07937	-0.0022	13.47	169.4	32.16
24.1166666666667	0.1251	0.0009541	14.91	169.2	36.39
24.1333333333333	0.1591	0.004108	16.28	169.4	40.87
24.15	0.1818	0.004108	17.33	170.2	46.68
24.1666666666667	0.2044	0.004108	18.96	170.9	52.63
24.1833333333333	0.2238	0.0009541	20.31	170.9	57.82
24.2	0.2492	0.0009541	22.33	170.2	61.6
24.2166666666667	0.2728	-0.0022	23.49	169.8	63.58
24.2333333333333	0.2898	0.0009541	24.15	169.6	64.34
24.25	0.304	0.004108	24.46	169.4	64.27
24.2666666666667	0.3049	0.0009541	24.36	170	64
24.2833333333333	0.2997	0.004108	23.65	170.2	64.52
24.3	0.2922	0.004108	23.65	170.9	66.11
24.3166666666667	0.2893	0.0009541	24.04	170.9	66.56
24.3333333333333	0.2941	-0.0022	24.83	170.4	66.11
24.35	0.303	0.0009541	25.36	169.8	65.22
24.3666666666667	0.3129	0.0009541	25.33	169.4	62.98
24.3833333333333	0.3162	0.0009541	25.12	169.2	60.8
24.4	0.304	0.004108	25.25	169.6	47.98
24.4166666666667	0.2813	0.007261	24.83	170.2	39.14
24.4333333333333	0.2681	0.004108	24.86	171.3	33.99
24.45	0.2582	-0.0022	24.8	170.6	29.13
24.4666666666667	0.2568	-0.0022	24.72	170	23.3
24.4833333333333	0.2535	0.0009541	23.72	169.4	15.3
24.5	0.2455	0.0009541	21.41	169	7.29
24.5166666666667	0.2228	0.004108	17.81	169.6	-0.9962
24.5333333333333	0.1671	0.004108	11.39	170	-6.461
24.55	-0.09239	0.0009541	4.471	169.6	-7.371
24.5666666666667	-1.417	0.004108	28.41	171.1	-26.47
24.5833333333333	-1.54	0.0009541	38.19	170.6	-31.2
24.6	-1.542	-0.0022	38.69	170.2	-30.86
24.6166666666667	-1.551	0.0009541	42.37	169.8	-34.97
24.6333333333333	-1.614	0.0009541	50.16	169.4	-42.11
24.65	-1.676	0.004108	56.81	169.6	-48.61
24.6666666666667	-1.734	0.004108	62.39	169.8	-53.55
24.6833333333333	-1.784	0.007261	67.49	170.9	-56.48
24.7	-1.821	0.0009541	72.17	170.6	-58.19
24.7166666666667	-1.844	0.0009541	76.22	170.2	-59.51
24.7333333333333	-1.851	0.0009541	79.33	170.4	-61.74
24.75	-1.859	0.0009541	81.75	169.2	-64.08
24.7666666666667	-1.863	0.0009541	82.69	169	-66.7
24.7833333333333	-1.87	0.0009541	82.69	170	-67.97
24.8	-1.88	0.007261	82.17	170.4	-67.66
24.8166666666667	-1.893	0.004108	81.33	170.9	-65.84
24.8333333333333	-1.897	0.0009541	81.01	170.6	-63.35
24.85	-1.893	0.0009541	80.01	170.6	-59.48
24.8666666666667	-1.876	-0.0022	76.17	169.4	-53.75
24.8833333333333	-1.859	-0.0022	71.54	169.6	-49.48
24.9	-1.846	-0.0022	67.02	169.2	-46
24.9166666666667	-1.838	0.004108	61.6	169.2	-42.13
24.9333333333333	-1.836	0.007261	55.37	170.4	-36.66
24.95	-1.829	0.004108	49.08	170.6	-29.65
24.9666666666667	-1.812	0.0009541	41.37	170.4	-21.13
24.9833333333333	-1.776	0.0009541	32.61	170.4	-13.86
25	-1.719	0.0009541	21.78	170	-7.63
25.0166666666667	-1.608	0.0009541	9.048	169.8	-3.501
25.0333333333333	-1.054	0.0009541	1.447	169.2	-4.25
25.05	-0.1802	0.0009541	5.287	169.4	8.86
25.0666666666667	-0.05181	0.007261	7.759	170.2	17.58
25.0833333333333	0.01189	0.007261	9.995	170.9	26.11
25.1	0.06474	0.0009541	12.49	170.4	33.3
25.1166666666667	0.1143	-0.0022	14.76	170	39.72
25.1333333333333	0.1634	0.0009541	16.97	169.8	44.13
25.15	0.2054	0.0009541	18.65	169.4	48.03
25.1666666666667	0.2407	0.0009541	20.12	169.2	51.48
25.1833333333333	0.2563	0.007261	20.52	170	54.42
25.2	0.2681	0.004108	21.36	170.4	58.25
25.2166666666667	0.2742	0.004108	22.2	170.9	62.08
25.2333333333333	0.2823	0.004108	23.04	170.6	65.55
25.25	0.2964	-0.0022	24.2	170.2	67.27
25.2666666666667	0.3087	-0.0022	25.01	169.6	67.4
25.2833333333333	0.3214	0.0009541	25.22	169.4	66.31
25.3	0.3266	0.004108	24.91	169.8	64.38
25.3166666666667	0.3247	0.007261	24.46	170	63.22
25.3333333333333	0.3158	0.004108	24.01	170	62.65
25.35	0.3044	0.007261	23.88	171.1	63.92
25.3666666666667	0.3021	0.0009541	24.09	170.9	64.5
25.3833333333333	0.3092	0.0009541	24.99	170.2	64.06
25.4	0.3106	0.0009541	26.2	169.4	51.25
25.4166666666667	0.3092	0.004108	26.2	169.2	40.17
25.4333333333333	0.304	0.004108	25.54	169.8	32.53
25.45	0.2898	0.004108	24.59	170.4	25.73
25.4666666666667	0.2709	0.007261	23.36	170.6	19.96
25.4833333333333	0.2492	0.004108	22.12	171.3	14.95
25.5	0.2346	0.0009541	20.25	170.6	9.442
25.5166666666667	0.2157	0.0009541	17.39	170	2.846
25.5333333333333	0.1742	0.0009541	11.89	169.2	-3.685
25.55	-0.1042	0.004108	4.366	169.4	-7.24
25.5666666666667	-1.453	0.004108	29.7	169.8	-29.59
25.5833333333333	-1.572	0.004108	37.85	170	-34.92
25.6	-1.591	0.004108	37.61	170.4	-33.3
25.6166666666667	-1.621	0.004108	40.95	171.1	-35.09
25.6333333333333	-1.687	0.0009541	49.05	170.2	-39.34
25.65	-1.742	0.0009541	55.34	170	-45.05
25.6666666666667	-1.776	0.0009541	63.65	169.4	-51.21
25.6833333333333	-1.81	-0.0022	68.96	169.2	-56.46
25.7	-1.848	0.004108	72.75	169.6	-60.94
25.7166666666667	-1.88	0.007261	75.54	170.4	-63.14
25.7333333333333	-1.906	0.0009541	78.28	170.6	-64.27
25.75	-1.925	-0.0022	80.64	170.9	-63.7
25.7666666666667	-1.935	0.0009541	82.33	170.2	-63.76
25.7833333333333	-1.931	0.0009541	83.01	169.6	-64.07
25.8	-1.921	-0.005353	83.48	169	-65.82
25.8166666666667	-1.921	0.007261	82.64	169.2	-66.42
25.8333333333333	-1.931	0.0009541	82.27	170.2	-63.3
25.85	-1.935	0.007261	79.22	170.2	-62.91
25.8666666666667	-1.933	0.0009541	74.44	170.6	-55.83
25.8833333333333	-1.929	0.0009541	70.17	170.6	-48.62
25.9	-1.914	0.0009541	66.07	170.4	-43.11
25.9166666666667	-1.897	0.0009541	62.23	169.6	-38.37
25.9333333333333	-1.878	-0.0022	56.92	169.2	-34.68
25.95	-1.855	0.0009541	49.87	169.4	-29.83
25.9666666666667	-1.838	0.004108	41.24	169.8	-24.53
25.9833333333333	-1.812	0.0009541	31.3	170.4	-17.46
26	-1.772	0.0009541	20.23	170.9	-9.612
26.0166666666667	-1.672	0.0009541	7.312	171.5	-3.076
26.0333333333333	-1.111	0.0009541	1.026	170.6	-0.8336
26.05	-0.1853	-0.0022	5.734	170.2	12.45
26.0666666666667	-0.02869	0.0009541	9.337	168.8	19.73
26.0833333333333	0.04681	0.0009541	11.15	169	24.72
26.1	0.1006	0.007261	12.44	170	30.15
26.1166666666667	0.1341	0.0009541	13.89	170.2	36.37
26.1333333333333	0.1629	0.004108	15.52	170.9	42.51
26.15	0.1959	0.0009541	17.57	171.1	49.16
26.1666666666667	0.2294	0.0009541	19.62	170.4	54.42
26.1833333333333	0.2648	-0.0022	21.54	169.4	57.69
26.2	0.2917	0.0009541	22.62	169	59.8
26.2166666666667	0.3106	0.004108	23.33	169.4	61.19
26.2333333333333	0.3181	0.004108	23.09	169.8	62.08
26.25	0.3162	0.004108	23.38	170.6	63.99
26.2666666666667	0.3125	0.0009541	23.49	171.1	66.41
26.2833333333333	0.3139	0.0009541	24.09	170.6	67.7
26.3	0.32	-0.0022	24.65	170.4	67.83
26.3166666666667	0.3299	-0.0022	25.3	170	66.68
26.3333333333333	0.3389	0.0009541	25.2	169.4	64.44
26.35	0.3422	0.0009541	24.99	169.4	61.94
26.3666666666667	0.3384	0.004108	24.36	169.8	61.17
26.3833333333333	0.3261	0.004108	23.94	170.6	60.77
26.4	0.312	0.004108	24.49	170.6	49.88
26.4166666666667	0.2997	0.0009541	25.12	170.6	41.56
26.4333333333333	0.2978	0.004108	25.62	170.2	36.05
26.45	0.2988	0.0009541	25.62	169.6	28.75
26.4666666666667	0.2983	-0.005353	24.86	169.6	21.51
26.4833333333333	0.2875	0.0009541	22.83	169	12.54
26.5	0.2667	0.004108	19.88	170.2	5.535
26.5166666666667	0.2322	0.004108	15.97	170.2	-0.815
26.5333333333333	0.1671	0.0009541	9.995	170.9	-4.293
26.55	-0.1334	0.0009541	3.261	170.6	-4.818
26.5666666666667	-1.527	0.0009541	30.62	170.2	-26.36
26.5833333333333	-1.625	0.0009541	39.35	169.4	-32.18
26.6	-1.623	0.0009541	39.51	169.2	-33.16
26.6166666666667	-1.64	-0.0022	41.9	169.6	-37.03
26.6333333333333	-1.716	0.004108	48.34	170	-43.28
26.65	-1.782	0.007261	55.45	170.4	-48.16
26.6666666666667	-1.842	0.0009541	61.97	170.6	-51.72
26.6833333333333	-1.884	0.0009541	67.97	170.4	-54.03
26.7	-1.912	-0.005353	72.96	170.4	-56.54
26.7166666666667	-1.929	0.0009541	76.49	169.8	-60.14
26.7333333333333	-1.938	0.0009541	79.49	169.2	-63.87
26.75	-1.948	0.004108	81.22	169.4	-66.44
26.7666666666667	-1.963	0.007261	81.91	169.4	-67.7
26.7833333333333	-1.982	0.007261	81.7	170.9	-67.02
26.8	-1.989	0.007261	81.75	170.9	-65.51
26.8166666666667	-1.995	0.0009541	81.85	170.6	-64
26.8333333333333	-1.991	0.0009541	81.54	170.2	-62.48
26.85	-1.974	-0.0022	80.54	170	-60.24
26.8666666666667	-1.961	0.0009541	75.86	169.4	-55.3
26.8833333333333	-1.95	0.0009541	71.02	169.4	-51.23
26.9	-1.948	0.007261	65.81	170	-46.98
26.9166666666667	-1.946	0.004108	60.44	171.1	-41.49
26.9333333333333	-1.942	0.004108	55.18	170.9	-34.8
26.95	-1.931	0.007261	49.03	170.6	-27.19
26.9666666666667	-1.902	0.0009541	41.22	170.6	-20.24
26.9833333333333	-1.863	-0.0022	32.54	169.6	-14.25
27	-1.804	-0.0022	21.78	169	-9.711
27.0166666666667	-1.693	0.0009541	8.154	169.4	-5.458
27.0333333333333	-1.135	0.004108	0.9732	169.4	-5.168
27.05	-0.1594	0.004108	4.603	170.4	10.06
27.0666666666667	-0.04143	0.004108	7.785	170.9	19.44
27.0833333333333	0.02652	0.0009541	9.969	170.6	27.27
27.1	0.09352	0.0009541	13.05	170	33.94
27.1166666666667	0.1365	0.0009541	13.84	170.9	38.41
27.1333333333333	0.195	-0.0022	17.02	169.2	43.16
27.15	0.2351	0.0009541	18.23	169.4	46.61
27.1666666666667	0.2591	0.0009541	19.15	169.8	50.57
27.1833333333333	0.2761	0.004108	20.15	170.2	54.59
27.2	0.287	0.007261	20.88	170.9	59.32
27.2166666666667	0.2964	0.004108	22.15	170.9	63.48
27.2333333333333	0.3101	0.0009541	23.33	170.6	66.1
27.25	0.3266	0.0009541	24.36	169.8	66.94
27.2666666666667	0.3431	0.0009541	24.86	169.2	66.11
27.2833333333333	0.3521	0.004108	24.75	169.2	64.89
27.3	0.3483	0.007261	23.88	170	63.91
27.3166666666667	0.3417	0.004108	23.7	170.2	63.72
27.3333333333333	0.3337	0.004108	23.54	170.9	63.84
27.35	0.3276	0.004108	23.86	170.9	64.94
27.3666666666667	0.3304	0.0009541	24.51	170.4	64.68
27.3833333333333	0.3375	0.0009541	25.07	170.4	63.85
27.4	0.3417	0.0009541	25.75	169.6	51.17
27.4166666666667	0.3389	0.004108	25.88	169.4	39.9
27.4333333333333	0.3299	0.0009541	25.33	169.6	31.88
27.45	0.3115	0.007261	24.12	170.4	26.17
27.4666666666667	0.2941	0.007261	23.12	170.6	20.4
27.4833333333333	0.2747	0.004108	21.57	170.6	14.57
27.5	0.2577	0.0009541	19.65	170.4	9.187
27.5166666666667	0.2398	-0.0022	16.91	170	2.781
27.5333333333333	0.1936	-0.0022	10.89	169.6	-3.692
27.55	-0.1169	-0.0022	3.893	169.4	-6.403
27.5666666666667	-1.555	0.004108	30.72	169.6	-30.14
27.5833333333333	-1.67	0.004108	38.98	169.6	-35.47
27.6	-1.689	0.004108	38.59	170.2	-34.25
27.6166666666667	-1.708	0.007261	40.06	170.9	-34.72
27.6333333333333	-1.776	0.004108	48.08	170.9	-39.52
27.65	-1.829	0.0009541	55.31	170.2	-44.77
27.6666666666667	-1.872	-0.0022	63.44	169.4	-50.27
27.6833333333333	-1.908	0.0009541	68.86	169.2	-55.6
27.7	-1.936	0.004108	72.91	169.2	-60.46
27.7166666666667	-1.967	0.004108	75.75	169.8	-63.44
27.7333333333333	-1.995	0.004108	78.43	170	-65.11
27.75	-2.019	0.007261	80.54	170.6	-65.4
27.7666666666667	-2.031	0.0009541	81.64	171.3	-64.03
27.7833333333333	-2.033	0.0009541	82.69	170.2	-64.02
27.8	-2.029	0.0009541	82.9	169.6	-64.13
27.8166666666667	-2.019	0.0009541	82.75	169.2	-65.23
27.8333333333333	-2.012	0.004108	81.91	169.6	-65.7
27.85	-2.016	0.004108	79.75	169.8	-63.08
27.8666666666667	-2.018	0.007261	74.59	170.2	-56.79
27.8833333333333	-2.018	0.004108	69.91	170.4	-50.76
27.9	-2.014	0.004108	65.55	170.9	-44.08
27.9166666666667	-2.001	-0.005353	61.23	170.2	-38.09
27.9333333333333	-1.98	0.0009541	55.45	169.6	-33.22
27.95	-1.957	-0.0022	50	169.4	-28.29
27.9666666666667	-1.925	0.0009541	40.95	169.2	-23.16
27.9833333333333	-1.899	0.0009541	31.3	169.6	-17.4
28	-1.855	0.007261	20.62	169.4	-11.56
28.0166666666667	-1.765	0.007261	7.023	170.6	-4.7
28.0333333333333	-1.175	0.0009541	0.4734	170.6	-2.591
28.05	-0.1783	0.0009541	4.919	171.1	12.24
28.0666666666667	-0.02255	0.0009541	8.89	170.4	21.24
28.0833333333333	0.06002	0.0009541	11.55	169.6	26.51
28.1	0.1228	0.0009541	13.18	169.4	31.57
28.1166666666667	0.1695	0.004108	14.31	169.6	35.72
28.1333333333333	0.2044	0.004108	15.65	170.2	41.09
28.15	0.2313	0.004108	17.25	170.2	47.17
28.1666666666667	0.2516	0.004108	19.04	170.4	53.45
28.1833333333333	0.2761	-0.0022	20.46	170.6	58.24
28.2	0.2993	0.0009541	22.25	170.2	61.5
28.2166666666667	0.3261	-0.0022	23.38	169.8	62.96
28.2333333333333	0.346	0.0009541	24.01	169.2	63.67
28.25	0.3545	0.004108	24.04	169.4	63.92
28.2666666666667	0.3526	0.004108	23.8	169.8	64.17
28.2833333333333	0.3474	0.01041	23.54	170.6	64.67
28.3	0.3436	0.004108	23.65	170.6	65.95
28.3166666666667	0.3422	0.0009541	24.28	170.4	67.11
28.3333333333333	0.3455	0.0009541	24.83	170	66.22
28.35	0.3545	-0.0022	25.22	169.6	65.06
28.3666666666667	0.3615	0.0009541	25.36	169.6	63.4
28.3833333333333	0.3663	0.004108	24.99	169.2	60.71
28.4	0.3469	0.0009541	25.72	170.4	52.5
28.4166666666667	0.3351	0.007261	24.36	170.6	39.56
28.4333333333333	0.3219	0.007261	24.15	170.9	33.85
28.45	0.3096	0.004108	24.04	171.1	28.66
28.4666666666667	0.3011	0.0009541	23.59	170.6	23.16
28.4833333333333	0.2978	-0.0022	22.83	169.8	15.8
28.5	0.2898	-0.0022	20.54	169.4	7.984
28.5166666666667	0.2705	0.0009541	17.07	169.2	0.6151
28.5333333333333	0.2115	0.007261	9.942	170	-6.843
28.55	-0.1103	0.007261	2.341	170	-7.96
28.5666666666667	-1.617	0.007261	29.96	170.2	-29.97
28.5833333333333	-1.736	0.0009541	38.77	170.6	-32.89
28.6	-1.744	0.004108	38.93	170.6	-31.98
28.6166666666667	-1.75	0.0009541	40.9	170.2	-33.48
28.6333333333333	-1.799	0.0009541	48.82	169.4	-39.9
28.65	-1.857	0.0009541	56.55	169.6	-46.87
28.6666666666667	-1.908	0.004108	62.65	169	-52.78
28.6833333333333	-1.957	0.004108	67.39	169.8	-57.54
28.7	-1.997	0.004108	72.23	170.4	-60.46
28.7166666666667	-2.029	0.007261	75.17	171.5	-61.42
28.7333333333333	-2.05	0.0009541	78.43	170.2	-61.86
28.75	-2.063	0.0009541	81.17	169.8	-62.98
28.7666666666667	-2.063	0.004108	82.69	169.6	-64.22
28.7833333333333	-2.057	0.0009541	83.17	169.2	-66.18
28.8	-2.057	0.0009541	82.75	169	-67.03
28.8166666666667	-2.061	0.0009541	82.22	169.2	-67.1
28.8333333333333	-2.072	0.004108	80.7	170.2	-66.14
28.85	-2.078	0.004108	78.75	170.9	-61.43
28.8666666666667	-2.074	0.004108	74.44	170.9	-54.47
28.8833333333333	-2.065	0.0009541	70.96	170	-48.28
28.9	-2.05	-0.0022	66.7	169.8	-43.41
28.9166666666667	-2.029	-0.0022	61.86	169.4	-38.93
28.9333333333333	-2.012	0.007261	55.42	169.4	-35.85
28.95	-1.997	0.007261	49.4	169.2	-30.79
28.9666666666667	-1.976	0.007261	40.43	169.4	-24.29
28.9833333333333	-1.957	0.004108	30.46	170	-16.7
29	-1.916	0.004108	19.81	170.9	-8.971
29.0166666666667	-1.81	0.004108	7.102	170.9	-2.545
29.0333333333333	-1.189	0.0009541	1.21	170.4	-1.221
29.05	-0.1301	0.0009541	6.313	169.8	12.9
29.0666666666667	0.005757	0.0009541	9.337	169.2	19.84
29.0833333333333	0.07512	0.0009541	10.89	169.6	24.7
29.1	0.1332	0.0009541	12.55	169.4	29.83
29.1166666666667	0.1756	0.004108	13.89	170.4	35.9
29.1333333333333	0.2077	0.004108	15.36	170.4	41.92
29.15	0.2351	0.004108	17.23	171.1	49.21
29.1666666666667	0.2643	0.0009541	19.23	170.6	54.59
29.1833333333333	0.2964	0.0009541	21.2	170	58.49
29.2	0.3243	-0.0022	22.46	169.6	60.53
29.2166666666667	0.3469	0.0009541	23.38	169	61.94
29.2333333333333	0.3615	0.0009541	23.94	169	62.77
29.25	0.3625	0.007261	23.3	169.8	63.2
29.2666666666667	0.3597	0.007261	23.36	170.4	64.28
29.2833333333333	0.3559	0.004108	23.38	170.6	65.63
29.3	0.354	0.007261	23.8	170.6	67.49
29.3166666666667	0.3549	0.0009541	24.43	170.2	67.17
29.3333333333333	0.3634	-0.0022	24.8	170	66.2
29.35	0.3766	-0.0022	25.28	169.2	64.29
29.3666666666667	0.3799	0.0009541	24.91	169.2	62.11
29.3833333333333	0.3785	0.004108	24.59	169	60.58
29.4	0.3625	0.007261	24.67	169.8	49.56
29.4166666666667	0.3464	0.004108	24.43	170.2	39.56
29.4333333333333	0.3342	0.004108	24.17	170.6	33.85
29.45	0.3233	0.004108	24.28	170.6	29.3
29.4666666666667	0.3191	0.0009541	23.99	170.2	23.54
29.4833333333333	0.3125	-0.0022	22.57	170	15.86
29.5	0.3059	0.0009541	20.46	169.6	7.467
29.5166666666667	0.2837	0.004108	16.41	169.6	-0.162
29.5333333333333	0.2247	0.004108	9.942	169.8	-6.582
29.55	-0.1014	0.004108	2.472	170.2	-7.448
29.5666666666667	-1.665	0.007261	30.12	170.9	-29.8
29.5833333333333	-1.782	0.004108	38.77	170.9	-33.44
29.6	-1.791	0.004108	39.22	170.9	-32.26
29.6166666666667	-1.791	0.0009541	41.11	170.4	-33.1
29.6333333333333	-1.846	0.0009541	48.82	169.6	-39.52
29.65	-1.902	0.0009541	55.47	169	-47.07
29.6666666666667	-1.953	0.004108	62.55	169.2	-52.93
29.6833333333333	-1.997	-0.0022	68.75	169.2	-55.12
29.7	-2.036	0.007261	72.02	170.4	-60.48
29.7166666666667	-2.07	0.004108	75.01	171.1	-61.3
29.7333333333333	-2.095	0.004108	78.22	171.3	-62.5
29.75	-2.108	0.0009541	81.17	170.6	-63.02
29.7666666666667	-2.108	0.0009541	82.8	169.8	-64.12
29.7833333333333	-2.106	0.0009541	83.17	169.6	-65.23
29.8	-2.104	0.0009541	83.12	169.6	-66.22
29.8166666666667	-2.103	0.004108	82.75	169.2	-67
29.8333333333333	-2.112	0.004108	81.33	169.8	-66.62
29.85	-2.118	0.004108	79.01	170.4	-62.17
29.8666666666667	-2.119	0.004108	74.54	171.1	-54.76
29.8833333333333	-2.114	0.004108	70.6	171.5	-48.66
29.9	-2.101	0.0009541	66.33	170.6	-43.12
29.9166666666667	-2.078	0.0009541	61.65	170.2	-38.64
29.9333333333333	-2.059	0.004108	56.18	169.6	-34.69
29.95	-2.044	0.004108	49.63	169.6	-29.96
29.9666666666667	-2.021	0.007261	40.45	170.2	-24.39
29.9833333333333	-1.995	0.004108	30.85	170.4	-17.76
30	-1.955	0.007261	19.57	170.9	-10.15
30.0166666666667	-1.855	0.007261	6.707	170.6	-3.722
30.0333333333333	-1.219	0.0009541	0.7102	170.4	-1.416
30.05	-0.1452	-0.0022	5.392	170	12.52
30.0666666666667	0.004813	-0.0022	9.101	169.4	20.67
30.0833333333333	0.09022	-0.0022	10.86	170	25.66
30.1	0.1492	0.007261	13.07	169.2	30.67
30.1166666666667	0.1945	0.0009541	14.52	169.4	35.59
30.1333333333333	0.2228	0.004108	15.47	170.6	41.27
30.15	0.2502	0.004108	17.04	171.5	47.72
30.1666666666667	0.278	0.004108	19.07	170.4	53.75
30.1833333333333	0.303	0.0009541	20.73	170.2	58.55
30.2	0.3266	0.0009541	22.15	169.8	61.43
30.2166666666667	0.354	-0.0022	23.54	169.2	63.6
30.2333333333333	0.3733	0.004108	23.88	169.4	63.39
30.25	0.3799	0.004108	23.99	169.8	63.45
30.2666666666667	0.3818	0.007261	24.04	170.2	64.27
30.2833333333333	0.3762	0.004108	23.49	170.9	65.16
30.3	0.3691	0.004108	23.67	170.6	66.32
30.3166666666667	0.3681	0.004108	24.12	170.6	66.64
30.3333333333333	0.3729	0.0009541	24.88	170.4	66.26
30.35	0.3804	-0.0022	25.01	169.8	65.11
30.3666666666667	0.3908	0.0009541	25.28	169.4	62.8
30.3833333333333	0.3932	0.0009541	24.86	169.2	60.82
30.4	0.3823	0.004108	25.2	169.4	48.4
30.4166666666667	0.3639	0.004108	24.65	170.2	39.1
30.4333333333333	0.3497	0.004108	24.3	170.6	33.27
30.45	0.3379	0.0009541	23.88	170.9	28.65
30.4666666666667	0.3276	0.004108	23.38	170.6	22.7
30.4833333333333	0.3228	0.0009541	22.46	170.2	15.98
30.5	0.3134	0.0009541	20.33	169.8	8.68
30.5166666666667	0.2912	-0.0022	16.75	169	1.003
30.5333333333333	0.2374	0.004108	9.521	169.6	-6.064
30.55	-0.1301	0.004108	2.578	170	-8.026
30.5666666666667	-1.716	0.004108	32.17	170	-31.7
30.5833333333333	-1.819	0.007261	38.74	170.6	-34.04
30.6	-1.831	0.004108	38.98	170.4	-32.73
30.6166666666667	-1.836	0.0009541	40.93	170.2	-33.51
30.6333333333333	-1.887	-0.0022	48.74	169.8	-39.02
30.65	-1.948	-0.0022	55.45	169.4	-45.46
30.6666666666667	-1.997	0.0009541	63.39	169.6	-51.85
30.6833333333333	-2.038	0.007261	68.44	169.8	-57.52
30.7	-2.074	0.004108	72.54	170	-61.15
30.7166666666667	-2.108	0.007261	75.54	170.2	-62.95
30.7333333333333	-2.133	0.007261	77.85	170.9	-64.03
30.75	-2.153	0.0009541	80.54	170.9	-63.77
30.7666666666667	-2.161	-0.0022	82.12	170.4	-63.77
30.7833333333333	-2.153	-0.0022	83.12	170	-64.09
30.8	-2.153	0.0009541	83.38	169.8	-65.27
30.8166666666667	-2.148	0.004108	82.8	169.6	-65.85
30.8333333333333	-2.144	0.004108	81.91	169.4	-65.98
30.85	-2.15	0.007261	79.28	169.8	-62.9
30.8666666666667	-2.152	0.004108	74.28	170.2	-56.14
30.8833333333333	-2.152	0.007261	69.7	170.9	-49.65
30.9	-2.144	0.0009541	65.39	170.9	-43.6
30.9166666666667	-2.135	0.0009541	61.34	170.2	-37.94
30.9333333333333	-2.11	-0.0022	56.5	169.6	-33.45
30.95	-2.087	0.0009541	49.66	169.8	-28.2
30.9666666666667	-2.059	0.0009541	41.27	169.2	-22.6
30.9833333333333	-2.031	0.004108	31.17	169.6	-17.75
31	-1.984	0.007261	19.67	169.8	-11.12
31.0166666666667	-1.874	0.004108	6.102	170.4	-5.684
31.0333333333333	-1.242	0.007261	0.1315	170.9	-3.833
31.05	-0.1452	0.0009541	4.787	170.4	11.93
31.0666666666667	0.01	0.0009541	8.732	170.2	21.75
31.0833333333333	0.09164	0.0009541	11.31	169.6	27.53
31.1	0.1553	0.0009541	13.23	169.6	32.32
31.1166666666667	0.2091	0.0009541	15.04	169.4	37.06
31.1333333333333	0.2459	0.004108	16.18	169.6	40.96
31.15	0.2757	0.007261	17.23	170.4	46.12
31.1666666666667	0.2993	0.007261	18.91	170.2	51.37
31.1833333333333	0.3153	0.004108	20.09	170.2	57.39
31.2	0.3328	0.004108	21.73	170.6	61.22
31.2166666666667	0.3526	0.004108	22.99	170.2	64.03
31.2333333333333	0.3719	0.0009541	24.07	169.8	65.88
31.25	0.3903	0.0009541	24.36	169.4	65.43
31.2666666666667	0.3998	0.0009541	24.8	169.2	65.36
31.2833333333333	0.4021	0.004108	24.15	169.8	64.39
31.3	0.3979	0.004108	24.01	170	64.52
31.3166666666667	0.3908	0.004108	23.62	170.2	64.07
31.3333333333333	0.3837	0.007261	23.65	171.1	64.45
31.35	0.3814	0.004108	24.07	170.4	65.1
31.3666666666667	0.3932	0.007261	23.78	170.4	61.64
31.3833333333333	0.3922	0.0009541	25.17	169.8	63.69
31.4	0.3922	-0.0022	26.04	169	50.77
31.4166666666667	0.3894	0.007261	25.75	169.4	39.3
31.4333333333333	0.3823	0.004108	25.01	169.6	32.25
31.45	0.3644	0.007261	23.94	170	25.72
31.4666666666667	0.3479	0.007261	22.83	170.9	20.45
31.4833333333333	0.328	0.004108	21.3	171.1	14.17
31.5	0.3101	0.004108	19.36	170.4	9.311
31.5166666666667	0.2889	0.0009541	16.25	170.4	3.093
31.5333333333333	0.237	-0.0022	9.811	169.6	-3.049
31.55	-0.1316	0.0009541	3.472	168.8	-5.749
31.5666666666667	-1.734	0.0009541	32.19	169.6	-30.91
31.5833333333333	-1.842	0.004108	39.82	169.6	-36.12
31.6	-1.859	0.004108	38.82	170.6	-35.56
31.6166666666667	-1.874	0.004108	40.03	170.6	-36.08
31.6333333333333	-1.94	0.004108	47.5	170.9	-40.5
31.65	-2.004	0.004108	55.31	171.1	-45.12
31.6666666666667	-2.052	0.004108	62.65	170.4	-49.2
31.6833333333333	-2.087	-0.0022	68.44	170.4	-53.94
31.7	-2.11	0.004108	73.23	169.6	-59
31.7166666666667	-2.131	0.004108	76.12	169.6	-62.56
31.7333333333333	-2.152	0.004108	78.85	169.6	-65.46
31.75	-2.176	0.007261	79.75	170.4	-66.41
31.7666666666667	-2.191	0.007261	81.06	170.6	-66.49
31.7833333333333	-2.203	0.0009541	81.33	171.1	-65.58
31.8	-2.208	0.004108	81.96	170.9	-63.75
31.8166666666667	-2.206	0.0009541	82.12	170.2	-63.07
31.8333333333333	-2.197	0.0009541	81.96	169.8	-62.67
31.85	-2.187	-0.0022	79.91	169.6	-60.03
31.8666666666667	-2.174	0.0009541	75.12	169.2	-56
31.8833333333333	-2.169	0.004108	70.44	169.4	-52.06
31.9	-2.165	0.007261	65.7	170.2	-47.42
31.9166666666667	-2.165	0.007261	60.07	170.9	-41.12
31.9333333333333	-2.159	0.004108	54.66	170.4	-34.6
31.95	-2.142	0.004108	48.05	170.4	-27.44
31.9666666666667	-2.118	0.0009541	40.9	170.2	-20.53
31.9833333333333	-2.08	-0.0022	31.56	170.2	-14.16
32	-2.019	0.0009541	20.91	169.6	-8.76
32.0166666666667	-1.904	0.004108	7.286	169.4	-5.273
32.0333333333333	-1.322	0.004108	1.105	169.4	-5.503
32.05	-0.1283	0.007261	4.55	169.4	7.89
32.0666666666667	0.02982	0.01041	7.707	170.6	18.91
32.0833333333333	0.09494	0.004108	9.758	171.1	26.15
32.1	0.1454	0.004108	11.91	170.9	32.88
32.1166666666667	0.1959	-0.0022	14.28	170.9	39.41
32.1333333333333	0.2445	0.0009541	16.65	170.2	44.92
32.15	0.2898	0.0009541	18.54	170	49.33
32.1666666666667	0.3276	0.007261	19.94	169	51.96
32.1833333333333	0.3512	0.004108	20.94	169	54.89
32.2	0.3677	0.004108	21.59	169.6	57.76
32.2166666666667	0.3724	0.007261	21.8	170.6	60.68
32.2333333333333	0.3781	0.004108	22.51	170.9	64.13
32.25	0.3837	0.004108	23.28	170.4	66.57
32.2666666666667	0.3913	0.004108	24.15	170.9	67.97
32.2833333333333	0.4007	0.004108	24.62	170.4	68.29
32.3	0.4097	0.0009541	25.2	169.8	67.2
32.3166666666667	0.4182	0.0009541	25.22	169.4	64.77
32.3333333333333	0.42	0.007261	24.75	169	62.86
32.35	0.4182	0.004108	24.49	169.6	61.7
32.3666666666667	0.4111	0.007261	23.88	170.6	60.85
32.3833333333333	0.3998	0.004108	23.46	170.6	61.56
32.4	0.3875	0.004108	24.38	171.1	51.12
32.4166666666667	0.3771	0.004108	24.62	170.6	42.16
32.4333333333333	0.3757	0.0009541	25.17	170.2	36.09
32.45	0.3752	0.0009541	25.01	169.8	29.24
32.4666666666667	0.3733	-0.0022	24.28	169.2	21.95
32.4833333333333	0.3672	0.0009541	22.09	169.6	13.1
32.5	0.3479	0.004108	19.38	170	5.79
32.5166666666667	0.3148	0.004108	15.39	170	-1.003
32.5333333333333	0.2483	0.004108	8.338	170.4	-5.63
32.55	-0.1245	0.004108	1.789	170.6	-5.654
32.5666666666667	-1.797	0.004108	31.04	171.5	-28.15
32.5833333333333	-1.91	0.004108	40.79	170.6	-32.62
32.6	-1.91	-0.0022	40.93	170	-32.61
32.6166666666667	-1.902	0.0009541	40.79	169.6	-33.19
32.6333333333333	-1.952	0.0009541	48.19	169.2	-41.2
32.65	-2.025	0.0009541	55.92	170	-44.72
32.6666666666667	-2.076	0.007261	62.18	169.6	-53.53
32.6833333333333	-2.125	0.007261	67.7	170.2	-57.31
32.7	-2.169	0.004108	71.59	171.1	-59.26
32.7166666666667	-2.195	0.004108	75.01	170.4	-60.18
32.7333333333333	-2.212	0.004108	78.49	170.4	-61.24
32.75	-2.223	-0.0022	81.38	169.8	-63.27
32.7666666666667	-2.227	0.0009541	82.75	169.8	-64.66
32.7833333333333	-2.22	0.004108	82.9	169.4	-66.62
32.8	-2.223	0.004108	82.69	169.2	-67.34
32.8166666666667	-2.229	0.007261	81.8	169.6	-67.09
32.8333333333333	-2.237	0.007261	80.49	170.4	-65.53
32.85	-2.242	0.004108	78.38	170.4	-61
32.8666666666667	-2.24	0.004108	74.01	170.9	-54.04
32.8833333333333	-2.227	0.004108	70.17	170.4	-47.84
32.9	-2.214	0.0009541	66.18	170.2	-42.97
32.9166666666667	-2.199	0.0009541	61.81	169.6	-38.74
32.9333333333333	-2.174	0.0009541	56.08	169.6	-35.38
32.95	-2.161	0.007261	49.16	169.4	-30.19
32.9666666666667	-2.14	0.004108	40.37	169.8	-24.54
32.9833333333333	-2.118	0.007261	30.35	170.4	-17.52
33	-2.076	0.004108	19.2	170.9	-10.3
33.0166666666667	-1.969	0.0009541	6.313	170.6	-3.595
33.0333333333333	-1.351	0.0009541	0.9732	170	-1.541
33.05	-0.1429	-0.0022	4.892	169.6	11.56
33.0666666666667	0.052	0.0009541	9.469	169.6	21.69
33.0833333333333	0.1199	-0.0022	11.15	169.6	25.91
33.1	0.1808	0.0009541	12.84	169.4	30.52
33.1166666666667	0.2294	0.004108	14.12	170	35.5
33.1333333333333	0.261	0.004108	15.54	170.2	41.13
33.15	0.2912	0.007261	17.12	170.4	47.27
33.1666666666667	0.3167	0.004108	18.81	170.6	53.47
33.1833333333333	0.3389	0.004108	19.99	170.6	57.75
33.2	0.3615	-0.0022	21.94	170	61.34
33.2166666666667	0.3842	-0.0022	23.2	170	63.69
33.2333333333333	0.4064	0.0009541	24.09	169.6	64.71
33.25	0.421	0.0009541	24.46	169.2	64.65
33.2666666666667	0.4262	0.004108	24.15	169.6	64.51
33.2833333333333	0.4238	0.004108	23.94	169.8	64.06
33.3	0.4153	0.007261	23.8	170.4	64.82
33.3166666666667	0.4101	0.004108	23.62	170.9	64.95
33.3333333333333	0.4078	0.004108	23.67	170.9	65.46
33.35	0.4101	0.0009541	24.38	170	65.54
33.3666666666667	0.4163	0.0009541	24.83	169.8	64.7
33.3833333333333	0.4229	0.0009541	25.07	169.2	63.24
33.4	0.4238	0.0009541	25.72	169.2	50.17
33.4166666666667	0.4167	0.004108	25.3	169.4	39.29
33.4333333333333	0.4054	0.004108	24.8	169.6	32.31
33.45	0.387	0.007261	23.7	170.4	26.15
33.4666666666667	0.3714	0.007261	22.54	170.4	20.58
33.4833333333333	0.354	0.007261	21.09	170.9	14.43
33.5	0.3356	0.0009541	18.94	170.9	9.044
33.5166666666667	0.3139	0.0009541	16.04	170	3.036
33.5333333333333	0.261	0.0009541	9.311	169.8	-3.308
33.55	-0.09711	0.0009541	3.314	169	-6.137
33.5666666666667	-1.801	0.004108	31.51	169	-30.2
33.5833333333333	-1.929	0.004108	41.01	169.6	-37
33.6	-1.94	0.007261	40.11	170	-36.43
33.6166666666667	-1.953	0.007261	39.45	170.6	-35.26
33.6333333333333	-2.006	0.004108	46.56	170.9	-39.87
33.65	-2.082	0.004108	54.89	170.9	-44.96
33.6666666666667	-2.129	0.004108	62.39	170.4	-49.44
33.6833333333333	-2.167	0.0009541	68.49	170	-53.91
33.7	-2.191	0.0009541	73.23	169.4	-58.19
33.7166666666667	-2.208	0.004108	76.49	169.2	-62.2
33.7333333333333	-2.227	0.004108	79.06	169.2	-64.98
33.75	-2.252	0.01041	80.17	170.2	-66.86
33.7666666666667	-2.267	0.004108	81.17	170.6	-67.2
33.7833333333333	-2.28	0.007261	81.27	170.9	-66.09
33.8	-2.287	0.004108	81.59	170.9	-64.58
33.8166666666667	-2.287	0.0009541	81.8	170.6	-63.2
33.8333333333333	-2.28	-0.0022	81.64	170.2	-62.52
33.85	-2.269	0.0009541	80.12	169.6	-59.55
33.8666666666667	-2.254	0.0009541	75.44	169.4	-55.53
33.8833333333333	-2.244	0.004108	70.65	169.2	-51.24
33.9	-2.237	0.004108	65.81	169.4	-46.84
33.9166666666667	-2.237	0.004108	60.18	170.2	-41.79
33.9333333333333	-2.212	0.004108	55.37	169.4	-36.05
33.95	-2.221	0.007261	47.77	170.9	-28.78
33.9666666666667	-2.199	0.0009541	40.08	170.6	-20.69
33.9833333333333	-2.163	0.0009541	30.88	170.4	-13.71
34	-2.104	0.0009541	20.65	169.8	-8.639
34.0166666666667	-1.989	0.0009541	7.785	169.4	-4.031
34.0333333333333	-1.37	0.004108	1.762	169	-4.455
34.05	-0.1141	0.004108	4.84	169.6	7.949
34.0666666666667	0.06238	0.007261	8.233	170.4	18.07
34.0833333333333	0.1251	0.007261	9.732	170.6	24.93
34.1	0.1742	0.007261	11.6	170.9	31.66
34.1166666666667	0.2195	0.0009541	13.89	170.6	38.77
34.1333333333333	0.2643	0.0009541	16.28	170.9	44.97
34.15	0.3054	-0.0022	18.44	170.2	49.96
34.1666666666667	0.3464	0.0009541	20.09	169.6	53.41
34.1833333333333	0.3762	0.0009541	21.44	169.2	56.16
34.2	0.3979	0.004108	22.07	169.6	58.51
34.2166666666667	0.4083	0.004108	22.3	169.8	60.35
34.2333333333333	0.4139	0.004108	22.88	170	62.4
34.25	0.4163	0.007261	22.91	170.6	64.56
34.2666666666667	0.4144	0.007261	23.57	171.1	66.86
34.2833333333333	0.4182	0.0009541	24.07	170.6	67.76
34.3	0.4229	0.0009541	24.51	170.2	67.83
34.3166666666667	0.4347	0.0009541	25.12	169.8	65.97
34.3333333333333	0.4408	-0.0022	25.2	169.2	64.5
34.35	0.4441	0.0009541	25.2	169	62.71
34.3666666666667	0.4451	0.004108	24.54	169.8	61.16
34.3833333333333	0.4389	0.004108	24.07	169.8	59.89
34.4	0.4257	0.004108	24.25	170.2	49.77
34.4166666666667	0.4092	0.007261	24.43	170.4	40.11
34.4333333333333	0.3969	0.007261	24.3	170.6	35.5
34.45	0.3899	0.0009541	24.01	170.4	29.22
34.4666666666667	0.3847	0.0009541	23.46	170.2	23.27
34.4833333333333	0.3837	-0.0022	22.49	169.4	15.47
34.5	0.3696	0.0009541	20.12	169.6	7.718
34.5166666666667	0.3464	0.0009541	15.73	169.4	0.03417
34.5333333333333	0.2856	0.004108	8.653	169.4	-6.378
34.55	-0.1056	0.007261	1.815	169.8	-7.698
34.5666666666667	-1.855	0.007261	30.35	170.2	-30.7
34.5833333333333	-1.989	0.007261	40.3	171.3	-35.35
34.6	-1.995	0.0009541	40.06	170.6	-33.24
34.6166666666667	-1.997	0.0009541	40.16	170.4	-32.32
34.6333333333333	-2.033	0.0009541	47.53	170.2	-38.36
34.65	-2.093	-0.0022	55.39	170	-44.81
34.6666666666667	-2.146	0.004108	62.49	169.4	-51.72
34.6833333333333	-2.187	0.007261	68.18	169.4	-57.14
34.7	-2.223	0.007261	72.33	169.6	-60.91
34.7166666666667	-2.254	0.007261	75.17	170.2	-63.11
34.7333333333333	-2.286	0.004108	77.96	170.9	-64.25
34.75	-2.303	0.007261	79.91	171.1	-64.4
34.7666666666667	-2.316	0.0009541	81.59	170.9	-64.53
34.7833333333333	-2.316	0.0009541	82.75	170.2	-63.86
34.8	-2.31	0.004108	82.8	170	-63.93
34.8166666666667	-2.306	0.004108	82.69	169.4	-64.37
34.8333333333333	-2.299	0.004108	81.8	169.4	-65.35
34.85	-2.297	0.004108	79.33	169.4	-62.19
34.8666666666667	-2.291	0.004108	74.17	170	-57.07
34.8833333333333	-2.295	0.007261	69.28	170.6	-51.43
34.9	-2.291	0.004108	64.91	170.9	-45.71
34.9166666666667	-2.287	0.007261	60.07	170.6	-39.19
34.9333333333333	-2.274	0.0009541	54.92	170.6	-32.74
34.95	-2.254	0.0009541	49.05	170	-27.07
34.9666666666667	-2.223	0.0009541	41.06	169.8	-21.34
34.9833333333333	-2.182	0.007261	31.51	169.6	-16.13
35	-2.129	0.0009541	20.44	169.4	-10.6
35.0166666666667	-2.016	0.007261	6.786	169.4	-5.869
35.0333333333333	-1.355	0.007261	0.5523	170	-5.843
35.05	-0.09947	0.007261	3.735	171.1	8.823
35.0666666666667	0.06096	0.007261	7.943	170.6	19.61
35.0833333333333	0.1228	0.004108	10.15	170.9	27.18
35.1	0.1822	0.004108	12.26	170.6	33.58
35.1166666666667	0.236	0.004108	14.55	170	39.35
35.1333333333333	0.2908	-0.0022	16.89	169.8	44.01
35.15	0.3323	0.0009541	18.73	169.2	48.3
35.1666666666667	0.3648	0.0009541	19.75	169.2	51.61
35.1833333333333	0.388	0.004108	20.65	169.4	54.61
35.2	0.4002	0.004108	21.25	169.8	57.73
35.2166666666667	0.4238	0.004108	22.99	169.4	61.44
35.2333333333333	0.4116	0.004108	22.46	171.1	64.68
35.25	0.4196	0.004108	23.46	170.4	66.87
35.2666666666667	0.4276	0.0009541	23.86	170.4	67.89
35.2833333333333	0.4422	0.0009541	24.86	169.8	67.82
35.3	0.4488	0.0009541	24.99	169.8	67.18
35.3166666666667	0.4545	0.0009541	25.04	169.4	65.26
35.3333333333333	0.4583	0.004108	24.86	169.6	63.08
35.35	0.4564	0.004108	24.17	169.4	61.81
35.3666666666667	0.4507	0.007261	23.72	169.8	60.78
35.3833333333333	0.4389	0.004108	23.49	170.4	61.16
35.4	0.4267	0.007261	24.04	170.9	50.98
35.4166666666667	0.4158	0.004108	24.43	171.1	41.82
35.4333333333333	0.4144	0.004108	24.91	170.9	36.06
35.45	0.4116	-0.0022	24.8	169.8	29.04
35.4666666666667	0.4087	0.0009541	24.22	169.4	22.13
35.4833333333333	0.4031	0.007261	22.04	169.4	13.42
35.5	0.3861	0.004108	19.57	169.2	6.444
35.5166666666667	0.3573	0.004108	15.26	169.6	-0.5463
35.5333333333333	0.2936	0.004108	8.18	169.6	-6.638
35.55	-0.1146	0.007261	1.631	170	-6.673
35.5666666666667	-1.897	0.004108	30.59	170.4	-29.41
35.5833333333333	-2.029	0.004108	41.32	170.6	-33.71
35.6	-2.033	0.004108	41.01	170.4	-32.99
35.6166666666667	-2.027	0.007261	39.8	169.8	-32.71
35.6333333333333	-2.057	0.0009541	47.37	169.6	-39.02
35.65	-2.121	0.0009541	55.39	169.6	-45.8
35.6666666666667	-2.176	0.007261	62.34	169.2	-52.26
35.6833333333333	-2.225	0.004108	68.02	169.4	-57.35
35.7	-2.265	0.007261	71.75	170	-60.54
35.7166666666667	-2.297	0.007261	75.07	170.4	-62.55
35.7333333333333	-2.325	0.004108	77.96	170.4	-62.76
35.75	-2.34	0.0009541	80.43	170.6	-63.43
35.7666666666667	-2.348	0.0009541	82.01	170.4	-63.69
35.7833333333333	-2.346	0.0009541	82.59	169.8	-63.81
35.8	-2.344	0.0009541	82.96	169.6	-64.66
35.8166666666667	-2.337	-0.0022	82.59	169	-65.1
35.8333333333333	-2.335	0.0009541	81.8	169.2	-65.63
35.85	-2.333	0.007261	79.38	169.6	-62.75
35.8666666666667	-2.331	0.004108	74.65	170.2	-57.36
35.8833333333333	-2.331	0.007261	69.54	170.2	-51.51
35.9	-2.331	0.004108	64.65	170.9	-44.61
35.9166666666667	-2.323	0.004108	59.92	170.9	-38.55
35.9333333333333	-2.31	0.0009541	54.97	170.6	-33.08
35.95	-2.287	0.0009541	48.71	170	-27.08
35.9666666666667	-2.255	0.0009541	40.74	169.4	-20.87
35.9833333333333	-2.218	0.0009541	31.51	169.4	-15.94
36	-2.167	0.004108	20.49	169.6	-11.14
36.0166666666667	-2.048	0.007261	6.339	169.4	-6.134
36.0333333333333	-1.363	0.004108	0.7102	169.4	-5.701
36.05	-0.0872	0.007261	3.788	170.2	9.094
36.0666666666667	0.06851	0.004108	7.838	170.4	19.55
36.0833333333333	0.1332	0.004108	9.706	170.9	26.34
36.1	0.1917	0.0009541	12.44	170.4	33.71
36.1166666666667	0.2469	0.004108	14.73	170.2	39.53
36.1333333333333	0.2983	0.0009541	16.81	169.6	44.52
36.15	0.345	0.004108	18.75	169.4	48.42
36.1666666666667	0.3781	0.0009541	19.91	169.2	51.93
36.1833333333333	0.404	0.004108	20.81	169.6	55.05
36.2	0.4177	0.004108	21.65	169.4	57.73
36.2166666666667	0.4243	0.01041	21.91	170.4	60.85
36.2333333333333	0.4304	0.007261	22.36	170.6	63.47
36.25	0.4323	0.004108	23.25	170.6	65.96
36.2666666666667	0.438	0.0009541	23.75	170.6	67.43
36.2833333333333	0.446	0.0009541	24.33	170.4	68
36.3	0.4578	0.0009541	24.83	169.8	67.43
36.3166666666667	0.4639	0.0009541	25.28	169.2	65.71
36.3333333333333	0.4705	0.004108	25.01	169.6	63.78
36.35	0.4687	0.007261	24.28	169.6	61.86
36.3666666666667	0.4653	0.007261	23.99	169.8	60.96
36.3833333333333	0.4592	0.01041	23.59	170.2	60.19
36.4	0.4418	0.007261	24.15	170.6	51.29
36.4166666666667	0.4285	0.007261	24.38	170.6	41.25
36.4333333333333	0.421	0.0009541	24.43	170.6	35.55
36.45	0.4186	0.0009541	24.38	170.2	29.47
36.4666666666667	0.4167	-0.0022	23.75	170.2	22.88
36.4833333333333	0.4087	0.0009541	22.25	169.6	15.02
36.5	0.3974	0.0009541	19.65	169	6.959
36.5166666666667	0.3696	0.007261	15.41	169.4	-0.4143
36.5333333333333	0.3106	0.007261	8.838	169.4	-6.312
36.55	-0.09852	0.007261	2.052	170.2	-7.512
36.5666666666667	-1.929	0.01041	30.77	170.6	-30.86
36.5833333333333	-2.067	0.007261	41.48	170.6	-36.29
36.6	-2.072	0.004108	41.01	171.1	-33.67
36.6166666666667	-2.072	0.004108	40.58	170.6	-32.61
36.6333333333333	-2.101	0.0009541	46.53	169.8	-37.4
36.65	-2.165	0.0009541	55.34	170	-44.19
36.6666666666667	-2.214	0.0009541	62.81	169.2	-50.96
36.6833333333333	-2.257	0.004108	68.44	169.4	-56.52
36.7	-2.293	0.004108	72.28	169.4	-60.81
36.7166666666667	-2.32	0.004108	75.44	169.8	-63.4
36.7333333333333	-2.348	0.007261	78.07	170.4	-65.01
36.75	-2.372	0.004108	79.91	170.6	-64.96
36.7666666666667	-2.386	0.004108	81.27	170.9	-64.51
36.7833333333333	-2.391	0.0009541	81.91	170.6	-64.18
36.8	-2.386	0.004108	82.75	169.8	-63.9
36.8166666666667	-2.382	-0.0022	82.64	169.8	-63.63
36.8333333333333	-2.376	0.0009541	82.12	169.6	-63.43
36.85	-2.369	0.0009541	79.85	169	-60.85
36.8666666666667	-2.359	0.004108	74.65	169.4	-56.84
36.8833333333333	-2.354	0.004108	69.96	169.4	-51.9
36.9	-2.346	0.0009541	66.49	169.2	-47.28
36.9166666666667	-2.352	0.004108	59.5	170.6	-40.73
36.9333333333333	-2.344	0.007261	54.34	170.6	-34.87
36.95	-2.327	0.004108	47.32	170.6	-27.69
36.9666666666667	-2.308	0.0009541	40.22	170.2	-20.84
36.9833333333333	-2.269	0.0009541	31.09	169.8	-14.05
37	-2.206	0.0009541	19.52	169.6	-8.447
37.0166666666667	-2.08	0.004108	6.76	169.2	-4.228
37.0333333333333	-1.44	0.0009541	1.368	169.2	-4.527
37.05	-0.0839	0.004108	4.314	169	7.765
37.0666666666667	0.09871	0.007261	8.154	170.2	18.07
37.0833333333333	0.1601	0.007261	9.627	170	24.42
37.1	0.2087	0.01041	11.44	170.9	30.43
37.1166666666667	0.2563	0.007261	13.6	170.9	37.85
37.1333333333333	0.2988	0.004108	15.73	170.9	44.69
37.15	0.3389	0.004108	17.86	170.6	50
37.1666666666667	0.3714	0.0009541	19.75	169.8	54.35
37.1833333333333	0.4078	0.0009541	21.25	169.6	57.15
37.2	0.4318	0.0009541	22.46	169.4	59.32
37.2166666666667	0.4498	0.004108	23.2	169.4	61.17
37.2333333333333	0.4606	0.004108	23.41	169.8	62.31
37.25	0.4625	0.004108	23.41	169.8	63.39
37.2666666666667	0.4592	0.007261	23.22	170.9	65.04
37.2833333333333	0.4583	0.007261	23.41	170.6	66.01
37.3	0.4583	0.004108	23.72	170.4	67.16
37.3166666666667	0.4602	0.004108	24.15	170.4	67.1
37.3333333333333	0.4649	0.0009541	24.59	170.2	66.46
37.35	0.472	0.0009541	24.91	170	65.3
37.3666666666667	0.4809	0.004108	24.99	169.4	63.13
37.3833333333333	0.4833	0.004108	24.8	169	61.67
37.4	0.4767	0.004108	25.07	169.4	50.15
37.4166666666667	0.4625	0.007261	24.72	170.4	38.81
37.4333333333333	0.4474	0.007261	24.04	170.2	32.54
37.45	0.4337	0.01041	23.36	170.6	27.16
37.4666666666667	0.4196	0.004108	22.3	170.9	21.52
37.4833333333333	0.4026	0.0009541	21.17	170.2	15.65
37.5	0.3884	-0.0022	18.99	170.4	9.559
37.5166666666667	0.3681	0.0009541	15.36	170.2	2.966
37.5333333333333	0.32	0.0009541	9.285	169.6	-3.815
37.55	-0.05842	0.0009541	2.735	168.8	-5.552
37.5666666666667	-1.914	0.007261	29.7	169.2	-29.32
37.5833333333333	-2.087	0.007261	42.77	169.6	-38.31
37.6	-2.099	0.01041	41.45	170	-37.66
37.6166666666667	-2.103	0.007261	40.66	170.2	-36.49
37.6333333333333	-2.138	0.007261	45.4	170.6	-39.53
37.65	-2.212	0.007261	54.13	170.4	-44.55
37.6666666666667	-2.27	0.004108	61.44	170.6	-49.31
37.6833333333333	-2.308	0.0009541	68.02	170	-53.2
37.7	-2.335	0.004108	73.07	169.8	-57.36
37.7166666666667	-2.354	0.004108	76.75	169.6	-60.59
37.7333333333333	-2.369	0.004108	79.28	169.2	-64.34
37.75	-2.384	0.007261	80.91	169.6	-66.6
37.7666666666667	-2.397	0.007261	81.64	169.8	-67.6
37.7833333333333	-2.414	0.007261	81.38	170.4	-67.56
37.8	-2.421	0.007261	81.43	170.6	-66.45
37.8166666666667	-2.427	0.007261	81.17	171.1	-65.01
37.8333333333333	-2.429	0.004108	80.8	171.1	-62.77
37.85	-2.423	0.0009541	78.96	170.2	-58.66
37.8666666666667	-2.412	0.0009541	74.8	170.2	-53.26
37.8833333333333	-2.397	0.0009541	70.96	169.6	-48.76
37.9	-2.38	0.004108	66.39	169.2	-45.19
37.9166666666667	-2.367	0.004108	60.92	169.4	-40.91
37.9333333333333	-2.355	0.007261	54.71	169.4	-36.76
37.95	-2.344	0.007261	47.4	169.8	-30.64
37.9666666666667	-2.325	0.01041	38.93	170.4	-23.94
37.9833333333333	-2.304	0.0009541	29.67	170.9	-16.31
38	-2.255	0.004108	18.31	170.9	-8.803
38.0166666666667	-2.135	0.004108	5.708	170.4	-2.743
38.0333333333333	-1.497	0.0009541	0.9995	170.4	-1.877
38.05	-0.09616	0.0009541	4.603	170.2	10.77
38.0666666666667	0.1063	0.0009541	9.206	169.8	21.48
38.0833333333333	0.1799	0.004108	11.15	169.2	26.36
38.1	0.2431	0.004108	12.68	169.2	30.89
38.1166666666667	0.2908	0.004108	14.39	169.2	35.75
38.1333333333333	0.3252	0.004108	15.6	169.6	41.31
38.15	0.3578	0.004108	17.31	170.2	46.73
38.1666666666667	0.3818	0.007261	18.65	170.4	52.23
38.1833333333333	0.421	0.004108	20.46	170.4	54.32
38.2	0.4234	0.0009541	21.67	170.6	61.48
38.2166666666667	0.4403	0.0009541	22.65	170.2	64.23
38.2333333333333	0.4583	0.004108	23.62	170	65.89
38.25	0.4776	0.0009541	24.3	169.8	66.01
38.2666666666667	0.4871	0.0009541	24.62	169.8	65.81
38.2833333333333	0.4937	0.007261	24.3	169.2	64.22
38.3	0.4922	0.007261	23.99	170.4	64.01
38.3166666666667	0.4889	0.007261	23.96	169.8	63.32
38.3333333333333	0.4786	0.01041	23.51	171.1	63.37
38.35	0.4734	0.004108	23.57	170.6	63.31
38.3666666666667	0.4724	0.004108	23.62	170.9	63.69
38.3833333333333	0.4705	0.004108	23.91	171.3	63.75
38.4	0.4691	0.0009541	25.17	170.4	53.58
38.4166666666667	0.4649	0.0009541	25.54	169.8	42.4
38.4333333333333	0.4663	-0.0022	25.49	169.8	35.04
38.45	0.4625	0.0009541	24.83	169.4	27.43
38.4666666666667	0.4554	0.007261	23.46	169.6	19.62
38.4833333333333	0.4403	0.007261	21.49	169.8	12.19
38.5	0.4149	0.01041	18.41	170.2	5.719
38.5166666666667	0.3814	0.007261	14.39	170	-0.2334
38.5333333333333	0.3167	0.004108	7.864	170.4	-4.664
38.55	-0.06266	0.0009541	1.789	170.9	-4.432
38.5666666666667	-1.957	0.0009541	27.91	171.1	-25.76
38.5833333333333	-2.144	0.0009541	43.82	170	-35.18
38.6	-2.138	0.0009541	43.37	169.4	-34.58
38.6166666666667	-2.131	-0.0022	42.82	169.4	-34.77
38.6333333333333	-2.148	0.0009541	46.4	169.8	-39.32
38.65	-2.214	0.004108	54.37	170	-46.91
38.6666666666667	-2.278	0.004108	61.6	170.2	-52.99
38.6833333333333	-2.327	0.007261	67.07	170.2	-57.23
38.7	-2.372	0.01041	71.44	170.4	-59.83
38.7166666666667	-2.401	0.007261	74.86	170.6	-61.23
38.7333333333333	-2.425	0.004108	77.7	170.9	-62.43
38.75	-2.438	0.004108	80.59	170.2	-62.89
38.7666666666667	-2.446	0.0009541	81.59	170	-63.55
38.7833333333333	-2.446	-0.0022	82.69	169.6	-63.93
38.8	-2.438	0.004108	83.01	169.4	-65.38
38.8166666666667	-2.437	0.004108	82.69	169.6	-65.77
38.8333333333333	-2.435	0.0009541	81.8	169	-65.56
38.85	-2.437	0.01041	79.12	169.8	-62.82
38.8666666666667	-2.433	0.007261	74.59	170.2	-57.55
38.8833333333333	-2.433	0.007261	69.86	170.2	-51.89
38.9	-2.427	0.01041	65.07	170.6	-46.03
38.9166666666667	-2.421	0.0009541	59.76	171.3	-39.38
38.9333333333333	-2.414	0.004108	54.24	170.9	-33.18
38.95	-2.391	0.004108	48.03	170.2	-26.78
38.9666666666667	-2.361	0.0009541	39.93	170	-20.25
38.9833333333333	-2.323	0.0009541	30.62	169.8	-14.32
39	-2.267	0.0009541	20.25	169.6	-9.899
39.0166666666667	-2.144	0.007261	6.47	169.8	-5.425
39.0333333333333	-1.478	0.007261	1.157	169.6	-5.516
39.05	-0.09192	0.007261	3.156	170	6.846
39.0666666666667	0.1152	0.007261	8.101	170.4	18.32
39.0833333333333	0.1775	0.007261	9.732	170.4	24.86
39.1	0.2308	0.007261	11.55	170.4	31.84
39.1166666666667	0.2775	0.004108	13.94	170.9	38.93
39.1333333333333	0.3219	0.004108	15.91	170.9	45.2
39.15	0.3639	0.004108	17.91	170.2	50.12
39.1666666666667	0.4035	0.0009541	20.07	169.6	54.21
39.1833333333333	0.4337	0.0009541	21.36	169.4	57.21
39.2	0.4578	0.004108	22.44	169.8	59.75
39.2166666666667	0.4753	0.007261	22.94	169.6	60.58
39.2333333333333	0.4861	0.007261	23.04	169.6	62.17
39.25	0.4904	0.007261	23.25	169.8	63.44
39.2666666666667	0.4866	0.01041	23.28	170.9	65.09
39.2833333333333	0.4847	0.007261	23.51	170.6	65.86
39.3	0.4838	0.004108	23.65	170.6	66.89
39.3166666666667	0.4856	0.004108	24.04	170.6	66.95
39.3333333333333	0.4885	0.0009541	24.38	170.2	66.44
39.35	0.4927	0.0009541	24.93	169.6	65.23
39.3666666666667	0.5026	0.0009541	25.01	169.8	63.62
39.3833333333333	0.5078	0.007261	24.99	169.6	61.71
39.4	0.5031	0.004108	25.43	169.2	51.1
39.4166666666667	0.4894	0.007261	25.04	169.8	39
39.4333333333333	0.4795	0.007261	24.22	170.2	32.21
39.45	0.4672	0.004108	23.33	170	26.14
39.4666666666667	0.4687	0.004108	23.12	169.2	19.62
39.4833333333333	0.4304	0.004108	20.67	170.9	14.67
39.5	0.4111	0.004108	18.36	170.9	9.23
39.5166666666667	0.388	0.0009541	15.02	170.4	2.834
39.5333333333333	0.3351	0.0009541	8.864	169.8	-2.793
39.55	-0.05511	0.0009541	2.841	169.8	-4.284
39.5666666666667	-1.976	0.004108	29.83	169.2	-28.55
39.5833333333333	-2.152	0.004108	43.61	169.6	-38
39.6	-2.157	0.004108	42.85	169.4	-37.67
39.6166666666667	-2.165	0.007261	41.58	170.4	-37.3
39.6333333333333	-2.189	0.01041	45	170.2	-40.59
39.65	-2.263	0.007261	53.31	170.4	-46.35
39.6666666666667	-2.335	0.004108	61.13	170.9	-50.33
39.6833333333333	-2.38	0.004108	67.65	171.1	-54.18
39.7	-2.408	0.004108	72.07	170.6	-56.69
39.7166666666667	-2.425	0.0009541	75.91	170	-59.58
39.7333333333333	-2.437	0.0009541	79.06	169.4	-62.21
39.75	-2.45	0.0009541	81.17	169.6	-64.53
39.7666666666667	-2.455	0.007261	82.06	169.6	-66.71
39.7833333333333	-2.461	0.007261	82.43	169.4	-67.63
39.8	-2.467	0.007261	82.22	170	-67.85
39.8166666666667	-2.474	0.007261	81.59	170.6	-67.53
39.8333333333333	-2.486	0.004108	80.59	170.6	-65.76
39.85	-2.484	0.007261	78.28	170.9	-60.95
39.8666666666667	-2.482	0.0009541	74.44	170.6	-53.83
39.8833333333333	-2.472	0.0009541	70.17	170.4	-48.35
39.9	-2.457	0.0009541	65.39	170	-42.67
39.9166666666667	-2.44	0.004108	60.44	169.8	-38.18
39.9333333333333	-2.421	0.0009541	55.37	169.6	-33.89
39.95	-2.405	0.0009541	48.5	169.6	-29.07
39.9666666666667	-2.378	0.004108	40.03	169.6	-24.06
39.9833333333333	-2.346	0.007261	29.96	169.4	-18
40	-2.301	0.007261	18.73	170.4	-11.69
40.0166666666667	-2.191	0.007261	5.55	170.6	-5.903
40.0333333333333	-1.534	0.004108	0.2893	170.4	-3.641
40.05	-0.108	0.004108	2.92	171.3	9.077
40.0666666666667	0.1176	0.0009541	8.496	170.4	22.37
40.0833333333333	0.1865	0.0009541	10.68	170	27.69
40.1	0.2483	0.004108	12.81	170	33.57
40.1166666666667	0.3073	0.004108	14.91	169.6	38.62
40.1333333333333	0.3587	0.004108	16.83	169	42.72
40.15	0.3979	0.004108	18.44	169	46.99
40.1666666666667	0.4262	0.004108	19.49	169.6	50.81
40.1833333333333	0.4446	0.007261	19.99	169.8	54.64
40.2	0.4592	0.007261	20.81	170.9	58.19
40.2166666666667	0.4677	0.01041	21.54	170.9	61.33
40.2333333333333	0.4753	0.004108	22.57	170.9	64.65
40.25	0.4838	0.007261	23.07	170.6	66.76
40.2666666666667	0.4922	0.004108	23.99	170	67.79
40.2833333333333	0.5017	0.0009541	24.59	169.8	67.91
40.3	0.5111	0.0009541	24.8	169.6	67.4
40.3166666666667	0.5187	0.0009541	25.12	169.2	65.73
40.3333333333333	0.5224	0.007261	24.7	169.2	63.31
40.35	0.522	0.007261	24.67	169.6	62.08
40.3666666666667	0.5215	0.007261	24.33	170	60.8
40.3833333333333	0.5116	0.004108	23.51	170	60.35
40.4	0.4993	0.007261	23.94	170.2	50.95
40.4166666666667	0.4847	0.01041	24.09	170.9	40.77
40.4333333333333	0.4729	0.004108	24.28	170.4	34.96
40.45	0.4653	0.0009541	23.72	170.6	29.52
40.4666666666667	0.4592	0.0009541	22.94	170.4	23.38
40.4833333333333	0.4545	0.0009541	21.96	169.6	15.65
40.5	0.4432	-0.0022	19.6	169.8	8.541
40.5166666666667	0.4196	0.0009541	15.57	169.6	1.119
40.5333333333333	0.3615	0.004108	8.364	169.2	-6.049
40.55	-0.04284	0.007261	1.946	170	-7.311
40.5666666666667	-2.001	0.007261	28.54	169.8	-30.08
40.5833333333333	-2.195	0.007261	42.93	170.6	-38.63
40.6	-2.206	0.007261	42.14	171.1	-37.13
40.6166666666667	-2.21	0.01041	41.32	170.9	-35.42
40.6333333333333	-2.231	0.004108	45.24	171.1	-37.6
40.65	-2.297	0.004108	53.74	170.4	-43.27
40.6666666666667	-2.355	0.0009541	61.39	170.4	-48.69
40.6833333333333	-2.391	0.004108	67.97	169.8	-53.83
40.7	-2.421	0.004108	72.75	169.8	-57.93
40.7166666666667	-2.44	0.004108	76.17	169.4	-61.36
40.7333333333333	-2.459	0.004108	78.54	169.4	-64.99
40.75	-2.489	0.0009541	80.96	169.4	-63.23
40.7666666666667	-2.489	0.007261	81.27	169.8	-67.46
40.7833333333333	-2.506	0.007261	81.22	170.4	-67.16
40.8	-2.516	0.007261	81.38	170.6	-66.37
40.8166666666667	-2.522	0.007261	81.33	170.6	-64.8
40.8333333333333	-2.52	0.0009541	81.06	170.2	-62.61
40.85	-2.514	0.0009541	79.33	170.2	-58.45
40.8666666666667	-2.503	0.0009541	75.07	170	-53.5
40.8833333333333	-2.486	0.004108	71.02	169.4	-49.79
40.9	-2.471	0.004108	66.02	169.6	-45.17
40.9166666666667	-2.455	0.0009541	60.76	169.4	-40.81
40.9333333333333	-2.446	0.004108	54.6	169.2	-36.19
40.95	-2.435	0.007261	47.61	169.8	-30.8
40.9666666666667	-2.416	0.007261	38.3	170.4	-23.89
40.9833333333333	-2.395	0.007261	29.09	170.6	-16.05
41	-2.348	0.01041	18.57	171.1	-9.342
41.0166666666667	-2.231	0.004108	5.576	170.9	-3.279
41.0333333333333	-1.574	0.004108	0.9206	170.2	-1.94
41.05	-0.1051	0.0009541	3.367	170.2	9.61
41.0666666666667	0.1398	0.0009541	9.311	170	21.66
41.0833333333333	0.2124	0.004108	11.15	169.4	26.54
41.1	0.2766	0.0009541	13.26	169.6	31.58
41.1166666666667	0.328	0.004108	14.65	169.4	36.31
41.1333333333333	0.3714	0.007261	16.18	169.4	41.42
41.15	0.3998	0.0009541	17.31	170	46.26
41.1666666666667	0.4252	0.007261	18.52	171.1	51.17
41.1833333333333	0.4422	0.004108	19.94	170.9	56.03
41.2	0.4587	0.007261	20.91	170.9	60.76
41.2166666666667	0.4757	0.004108	22.17	170.6	63.69
41.2333333333333	0.4918	0.007261	23.36	170.6	66.18
41.25	0.504	0.0009541	23.96	170.2	67.52
41.2666666666667	0.5215	0.0009541	24.65	169.4	67.2
41.2833333333333	0.529	0.0009541	24.93	169.2	66.43
41.3	0.5328	0.0009541	24.88	169	65.22
41.3166666666667	0.5361	0.004108	24.49	169.2	63.42
41.3333333333333	0.5319	0.01041	24.09	169.6	62.01
41.35	0.5267	0.007261	23.57	170.2	61.75
41.3666666666667	0.5177	0.007261	23.46	170.2	61.88
41.3833333333333	0.5144	0.004108	23.49	170.6	61.62
41.4	0.504	0.004108	24.17	170.6	53.63
41.4166666666667	0.4951	0.0009541	24.75	171.3	42.61
41.4333333333333	0.4899	0.0009541	24.72	170	36.24
41.45	0.4871	0.0009541	24.49	169.8	29.65
41.4666666666667	0.4871	-0.0022	23.72	169.4	22.05
41.4833333333333	0.4771	0.0009541	21.94	169.2	14.05
41.5	0.4639	0.004108	19.33	169.2	7.079
41.5166666666667	0.4351	0.004108	14.97	169.8	-0.5496
41.5333333333333	0.3696	0.007261	7.733	170.2	-6.58
41.55	-0.04379	0.007261	1.341	169.8	-7.243
41.5666666666667	-2.021	0.007261	26.51	170.6	-27.67
41.5833333333333	-2.237	0.004108	43.16	170.6	-37.46
41.6	-2.24	0.007261	42.06	170.9	-35.3
41.6166666666667	-2.24	0.004108	42.06	170.6	-33.72
41.6333333333333	-2.255	0.0009541	45.69	170.4	-37
41.65	-2.316	0.004108	54.24	170.2	-43.54
41.6666666666667	-2.372	0.004108	62.23	169.4	-49.47
41.6833333333333	-2.41	0.0009541	68.07	169.6	-55.15
41.7	-2.442	0.004108	72.65	169.6	-59.39
41.7166666666667	-2.469	0.004108	75.7	169.4	-63.22
41.7333333333333	-2.491	0.007261	78.22	170	-65.49
41.75	-2.514	0.007261	80.01	170	-66.76
41.7666666666667	-2.531	0.007261	80.85	170.6	-66.58
41.7833333333333	-2.542	0.007261	81.27	171.1	-65.94
41.8	-2.548	0.004108	81.48	170.9	-64.88
41.8166666666667	-2.55	0.004108	81.27	170.6	-63.56
41.8333333333333	-2.542	0.0009541	81.17	170.6	-62.37
41.85	-2.533	0.0009541	79.28	170	-58.66
41.8666666666667	-2.523	0.0009541	74.96	169.8	-53.9
41.8833333333333	-2.506	0.004108	70.33	169	-49.66
41.9	-2.497	0.004108	65.6	169.2	-45.83
41.9166666666667	-2.486	0.004108	60.44	169.8	-41.56
41.9333333333333	-2.474	0.007261	54.58	169.8	-37.01
41.95	-2.465	0.007261	47.11	170.4	-30.62
41.9666666666667	-2.446	0.007261	38.53	170	-23.56
41.9833333333333	-2.423	0.007261	29.06	170.6	-15.93
42	-2.372	0.004108	17.96	171.1	-8.62
42.0166666666667	-2.261	0.004108	5.655	170.6	-3.079
42.0333333333333	-1.642	0.007261	0.4208	170.4	-5.279
42.05	-0.1339	0.0009541	2.92	170	7.814
42.0666666666667	0.1572	0.0009541	9.232	169.6	21.6
42.0833333333333	0.2327	0.0009541	11.1	169.4	26.14
42.1	0.2912	0.004108	12.73	169.6	30.94
42.1166666666667	0.3417	0.004108	14.47	169.6	35.98
42.1333333333333	0.3804	0.007261	15.76	170	41.02
42.15	0.4144	0.01357	17.31	170.2	46.32
42.1666666666667	0.4389	0.007261	18.49	170.6	51.17
42.1833333333333	0.4559	0.007261	19.88	171.1	56.46
42.2	0.4743	0.007261	21.12	170.9	60.3
42.2166666666667	0.4894	0.0009541	22.04	170.4	63.56
42.2333333333333	0.5059	0.0009541	23.49	170.4	65.98
42.25	0.5206	0.0009541	24.25	170	67.45
42.2666666666667	0.5338	0.0009541	24.59	169.6	67.57
42.2833333333333	0.5441	0.0009541	24.83	169.4	66.23
42.3	0.5489	0.0009541	24.86	169.2	65.27
42.3166666666667	0.5489	0.007261	24.62	169.4	63.54
42.3333333333333	0.546	0.007261	23.8	170	62.25
42.35	0.5418	0.004108	23.72	170	61.55
42.3666666666667	0.5357	0.007261	23.59	170.2	61.23
42.3833333333333	0.5272	0.004108	23.51	170.9	61.99
42.4	0.5182	0.004108	24.25	170.6	52.28
42.4166666666667	0.5078	0.004108	24.38	171.1	42.17
42.4333333333333	0.5031	0.01041	23.78	170.4	36.1
42.45	0.5007	0.004108	24.46	170	29.46
42.4666666666667	0.4955	0.004108	23.62	169.8	22.49
42.4833333333333	0.488	0.004108	22.02	169.4	14.94
42.5	0.4771	0.007261	19.15	169.6	6.75
42.5166666666667	0.4502	0.004108	14.89	169.4	-0.35
42.5333333333333	0.3875	0.007261	7.917	169.6	-6.439
42.55	-0.03388	0.01041	1.341	169.8	-7.307
42.5666666666667	-2.029	0.007261	25.72	170.4	-27.41
42.5833333333333	-2.267	0.007261	43.48	171.1	-38.34
42.6	-2.269	0.007261	42.74	170.4	-36.16
42.6166666666667	-2.274	0.004108	42.56	170.9	-34.39
42.6333333333333	-2.282	0.004108	45.29	170.4	-36.75
42.65	-2.338	0.004108	54.1	170	-43.21
42.6666666666667	-2.395	0.004108	61.65	169.2	-49.15
42.6833333333333	-2.438	0.0009541	68.07	169.6	-54.64
42.7	-2.467	0.004108	72.75	169.4	-59.4
42.7166666666667	-2.493	0.007261	75.91	169	-62.51
42.7333333333333	-2.516	0.007261	78.64	169.6	-65.17
42.75	-2.539	0.004108	79.96	169.6	-66.96
42.7666666666667	-2.554	0.007261	80.96	170.2	-67.05
42.7833333333333	-2.565	0.007261	81.48	170.9	-67
42.8	-2.572	0.007261	81.38	170.6	-66.02
42.8166666666667	-2.574	0.004108	81.17	170.9	-63.58
42.8333333333333	-2.572	0.004108	81.06	170.6	-62.45
42.85	-2.569	0.004108	79.22	169.8	-58.81
42.8666666666667	-2.554	-0.0022	74.8	169.8	-53.12
42.8833333333333	-2.539	0.004108	69.96	169.4	-48.69
42.9	-2.523	0.0009541	65.6	169.2	-45.38
42.9166666666667	-2.514	0.004108	60.39	169.4	-41.3
42.9333333333333	-2.503	0.007261	54.97	169.6	-36.82
42.95	-2.489	0.007261	48.13	170	-31.41
42.9666666666667	-2.472	0.01041	38.06	170.2	-23.44
42.9833333333333	-2.442	0.01041	28.67	170.9	-16.59
43	-2.399	0.004108	18.04	170.6	-9.536
43.0166666666667	-2.291	0.004108	5.629	171.1	-3.351
43.0333333333333	-1.695	0.007261	0.9469	170.6	-2.081
43.05	-0.1533	0.0009541	2.42	170	7.172
43.0666666666667	0.1676	0.0009541	9.18	170	22.56
43.0833333333333	0.2407	0.0009541	11.28	169.6	26.91
43.1	0.2997	0.0009541	13.1	169.2	31.77
43.1166666666667	0.354	0.007261	14.36	169.6	36.04
43.1333333333333	0.3974	0.007261	16.04	169.8	41.34
43.15	0.4351	0.007261	17.49	170.2	46.37
43.1666666666667	0.455	0.007261	18.54	170.6	51.1
43.1833333333333	0.4753	0.007261	19.75	170.2	55.38
43.2	0.4904	0.01041	20.83	170.9	59.65
43.2166666666667	0.5036	0.004108	22.09	170.9	63.67
43.2333333333333	0.5158	0.0009541	22.99	170.9	65.83
43.25	0.5276	0.004108	23.72	170.6	67.3
43.2666666666667	0.5394	0.004108	24.33	170.2	67.75
43.2833333333333	0.5517	0.004108	24.8	169.8	67.05
43.3	0.5583	0.0009541	25.07	169.4	66.09
43.3166666666667	0.5621	0.004108	24.96	169.4	64.55
43.3333333333333	0.5626	0.004108	24.51	169.2	62.77
43.35	0.5607	0.01041	24.2	169.4	61.74
43.3666666666667	0.5536	0.007261	23.88	169.8	60.52
43.3833333333333	0.5479	0.01041	23.33	170.6	60.64
43.4	0.5357	0.01041	23.88	170.6	51.63
43.4166666666667	0.5229	0.004108	23.94	170.9	41.33
43.4333333333333	0.5139	0.004108	24.01	170.6	35.2
43.45	0.5078	0.0009541	23.91	170.4	29.57
43.4666666666667	0.5007	0.0009541	23.01	170.2	23.05
43.4833333333333	0.4955	0.0009541	21.78	169.6	15.58
43.5	0.4828	0.0009541	19.31	169.6	8.605
43.5166666666667	0.4569	0.0009541	15.28	169	1.194
43.5333333333333	0.3988	0.007261	8.154	169.2	-5.15
43.55	-0.03671	0.004108	1.841	169	-7.292
43.5666666666667	-2.053	0.007261	27.01	169.8	-28.91
43.5833333333333	-2.278	0.007261	43.71	170.2	-39.05
43.6	-2.286	0.007261	42.29	170.9	-37.62
43.6166666666667	-2.293	0.007261	41.69	170.9	-36.3
43.6333333333333	-2.314	0.004108	45.03	170.9	-37.82
43.65	-2.378	0.004108	53.5	171.1	-43.58
43.6666666666667	-2.435	0.004108	60.97	170.9	-48.67
43.6833333333333	-2.472	0.0009541	67.65	170.2	-53.35
43.7	-2.505	0.004108	72.49	170	-56.93
43.7166666666667	-2.546	0.004108	74.65	170.6	-60.26
43.7333333333333	-2.542	0.004108	78.96	169.4	-63.2
43.75	-2.555	0.007261	80.75	169.4	-66.25
43.7666666666667	-2.567	0.004108	81.59	169.6	-67.64
43.7833333333333	-2.571	0.007261	81.8	169.8	-67.71
43.8	-2.586	0.01041	81.22	170.2	-67.4
43.8166666666667	-2.591	0.01041	80.75	170.9	-66.03
43.8333333333333	-2.595	0.007261	80.17	170.4	-64.51
43.85	-2.597	0.004108	78.28	170.9	-59.24
43.8666666666667	-2.591	0.0009541	73.96	171.1	-53.5
43.8833333333333	-2.58	0.007261	69.75	170.2	-47.94
43.9	-2.563	0.0009541	66.07	169.8	-43.37
43.9166666666667	-2.55	0.0009541	61.28	169.6	-39.14
43.9333333333333	-2.531	0.004108	55.21	169.2	-34.05
43.95	-2.512	0.0009541	47.42	169.4	-29.1
43.9666666666667	-2.482	0.007261	38.56	169.4	-23.1
43.9833333333333	-2.45	0.007261	29.7	169.6	-17.82
44	-2.405	0.007261	18.52	169.8	-11.83
44.0166666666667	-2.297	0.01041	5.103	170.2	-6.033
44.0333333333333	-1.687	0.007261	0.07891	170.4	-4.823
44.05	-0.1509	0.004108	1.42	170.2	5.558
44.0666666666667	0.1704	0.004108	8.312	170.9	21.9
44.0833333333333	0.2384	0.0009541	10.28	170.9	27.91
44.1	0.295	0.0009541	12.34	170.6	33.74
44.1166666666667	0.3512	0.004108	14.68	170	39.3
44.1333333333333	0.4016	0.0009541	16.78	170	44.34
44.15	0.4446	0.0009541	18.36	169.4	48.56
44.1666666666667	0.4819	0.004108	19.96	169.2	51.94
44.1833333333333	0.5064	0.004108	20.88	169.4	54.99
44.2	0.5215	0.004108	21.52	170	57.4
44.2166666666667	0.5347	0.004108	21.91	170	59.89
44.2333333333333	0.5427	0.007261	22.49	170.4	62.37
44.25	0.5451	0.007261	22.65	170.9	64.86
44.2666666666667	0.5475	0.007261	23.15	171.1	66.07
44.2833333333333	0.5493	0.004108	23.38	171.1	67.15
44.3	0.5503	0.004108	23.94	170.6	67.48
44.3166666666667	0.5559	0.004108	24.38	170	66.98
44.3333333333333	0.5583	0.0009541	24.54	170	66.08
44.35	0.5682	0.004108	24.78	169.6	64.48
44.3666666666667	0.5734	0.0009541	24.93	169.2	62.95
44.3833333333333	0.5767	0.0009541	24.83	169.4	61.22
44.4	0.571	0.007261	25.09	169.4	51.44
44.4166666666667	0.5597	0.007261	24.67	169.6	39.29
44.4333333333333	0.5475	0.007261	24.22	169.6	32.01
44.45	0.5375	0.007261	23.15	170.2	25.99
44.4666666666667	0.5163	0.007261	21.75	170.6	20.55
44.4833333333333	0.4998	0.007261	20.17	170.9	13.76
44.5	0.4786	0.007261	17.57	171.1	8.26
44.5166666666667	0.4493	0.0009541	14.33	170.6	2.7
44.5333333333333	0.3899	0.007261	7.549	170.2	-2.479
44.55	-0.05039	0.004108	2.104	169.8	-3.383
44.5666666666667	-2.095	0.004108	28.28	169.6	-26.03
44.5833333333333	-2.291	0.004108	44.32	169.4	-36.47
44.6	-2.291	0.004108	43.29	169.2	-36.01
44.6166666666667	-2.287	0.007261	42.19	169.6	-36.8
44.6333333333333	-2.31	0.007261	46.11	169.4	-41.09
44.65	-2.378	0.01041	53.97	169.6	-47.37
44.6666666666667	-2.448	0.01041	60.71	170.4	-52.56
44.6833333333333	-2.497	0.007261	66.54	170.6	-56.41
44.7	-2.539	0.007261	71.38	170.6	-59.27
44.7166666666667	-2.569	0.007261	74.7	170.9	-61.07
44.7333333333333	-2.591	0.0009541	77.85	170.6	-61.67
44.75	-2.601	0.004108	80.64	170.6	-63.06
44.7666666666667	-2.61	0.0009541	82.17	170.2	-63.85
44.7833333333333	-2.61	-0.0022	82.9	169.8	-64.57
44.8	-2.606	0.0009541	83.06	169.6	-64.83
44.8166666666667	-2.603	0.004108	82.38	169.4	-66.08
44.8333333333333	-2.601	0.004108	81.54	169.6	-65.55
44.85	-2.597	0.007261	78.43	169.6	-61.92
44.8666666666667	-2.591	0.004108	73.91	169.6	-56.64
44.8833333333333	-2.591	0.007261	69.02	170.4	-51.51
44.9	-2.589	0.007261	64.28	170.4	-46.1
44.9166666666667	-2.582	0.004108	59.34	170.6	-40.42
44.9333333333333	-2.574	0.004108	53.92	170.4	-33.82
44.95	-2.559	0.007261	47.21	170.6	-27.23
44.9666666666667	-2.533	0.004108	39.14	170.4	-20.16
44.9833333333333	-2.495	0.007261	30.3	170	-13.95
45	-2.45	0.007261	18.25	170.9	-9.15
45.0166666666667	-2.325	0.004108	7.075	169.2	-4.041
45.0333333333333	-1.706	0.004108	1.604	169	-4.536
45.05	-0.1363	0.004108	2.052	169	3.262
45.0666666666667	0.211	0.007261	8.811	169.8	19.15
45.0833333333333	0.2676	0.01041	9.916	170.2	24.07
45.1	0.3214	0.007261	11.84	170	30.6
45.1166666666667	0.3658	0.007261	13.34	171.1	36.14
45.1333333333333	0.4016	0.007261	15.15	171.5	43.1
45.15	0.437	0.004108	17.07	171.5	48.85
45.1666666666667	0.4705	0.004108	19.07	170.6	54.22
45.1833333333333	0.4993	0.0009541	20.81	170.4	58.43
45.2	0.5224	-0.0022	21.78	170.4	61.23
45.2166666666667	0.5432	0.0009541	23.17	169.6	63.6
45.2333333333333	0.5654	0.004108	23.91	169.4	64.81
45.25	0.5781	0.0009541	24.2	169.2	65.25
45.2666666666667	0.5847	0.004108	24.57	169.4	64.99
45.2833333333333	0.5876	0.007261	24.25	169.8	64.34
45.3	0.5866	0.007261	24.09	169.8	63.89
45.3166666666667	0.5847	0.01041	23.78	170.2	63.31
45.3333333333333	0.5734	0.007261	23.44	170.6	63.44
45.35	0.5701	0.01041	23.28	170.9	63.18
45.3666666666667	0.5677	0.01041	23.54	170.6	63.32
45.3833333333333	0.5659	0.004108	23.78	170.6	63.63
45.4	0.5611	0.004108	24.62	170.6	54.11
45.4166666666667	0.5555	0.004108	24.93	170.4	42.86
45.4333333333333	0.5536	0.0009541	25.12	169.6	35.33
45.45	0.5541	0.004108	24.75	169.2	28.37
45.4666666666667	0.5484	0.0009541	23.36	169.4	21.01
45.4833333333333	0.5366	0.0009541	21.49	169.6	13.4
45.5	0.5173	0.01041	18.54	169.6	5.724
45.5166666666667	0.4875	0.007261	14.15	169.6	-0.9936
45.5333333333333	0.4234	0.01041	7.365	169.8	-6.121
45.55	-0.01689	0.007261	0.9732	170.9	-6.36
45.5666666666667	-2.076	0.007261	24.25	170.9	-25.13
45.5833333333333	-2.333	0.007261	42.74	170.9	-36.98
45.6	-2.338	0.004108	42.32	170.9	-34.41
45.6166666666667	-2.335	0.004108	42.08	170.2	-33.8
45.6333333333333	-2.354	0.004108	46.32	170.2	-37.5
45.65	-2.412	0.0009541	54.89	169.6	-44.22
45.6666666666667	-2.471	0.004108	62.18	169.6	-50.38
45.6833333333333	-2.51	0.004108	68.18	169.4	-55.01
45.7	-2.54	0.004108	72.38	169.6	-59.25
45.7166666666667	-2.565	0.007261	75.33	169.6	-63.02
45.7333333333333	-2.589	0.007261	78.33	169.6	-65.28
45.75	-2.608	0.007261	80.12	169.8	-67.01
45.7666666666667	-2.627	0.007261	80.96	170.4	-66.9
45.7833333333333	-2.64	0.007261	81.33	170.6	-66.46
45.8	-2.642	0.007261	81.33	170.9	-65.4
45.8166666666667	-2.648	0.007261	81.22	170.4	-63.62
45.8333333333333	-2.644	0.007261	80.75	170.6	-62.43
45.85	-2.639	0.004108	78.38	170	-58.06
45.8666666666667	-2.627	0.004108	74.38	170	-53.04
45.8833333333333	-2.612	0.004108	70.23	169.8	-48.8
45.9	-2.599	0.004108	65.65	169.4	-44.89
45.9166666666667	-2.586	0.007261	60.5	169.6	-40.67
45.9333333333333	-2.571	0.01041	54.52	169.4	-36.51
45.95	-2.559	0.007261	46.92	169.8	-30.57
45.9666666666667	-2.544	0.007261	38.35	170.2	-24.12
45.9833333333333	-2.516	0.007261	28.88	170.4	-17.06
46	-2.471	0.007261	18.23	170.6	-10.27
46.0166666666667	-2.363	0.007261	5.471	170.9	-3.744
46.0333333333333	-1.753	0.004108	0.9206	170.6	-2.148
46.05	-0.1872	0.004108	1.578	170.2	5.431
46.0666666666667	0.2138	0.0009541	9.206	170.2	23.31
46.0833333333333	0.2799	0.004108	11.07	169.4	27.22
46.1	0.3365	0.004108	12.86	169.6	32.14
46.1166666666667	0.3894	0.0009541	14.73	169.2	37.12
46.1333333333333	0.4408	0.007261	16.36	169.2	42.04
46.15	0.4814	0.004108	17.91	169.8	47.13
46.1666666666667	0.5088	0.007261	19.38	169.8	50.89
46.1833333333333	0.5234	0.01041	19.73	170.4	54.78
46.2	0.539	0.007261	20.86	170.2	58.42
46.2166666666667	0.5503	0.007261	21.67	170.6	62.11
46.2333333333333	0.5588	0.007261	22.54	170.9	65.23
46.25	0.5668	0.004108	23.25	170.6	67.09
46.2666666666667	0.5777	0.004108	23.8	170.4	68.17
46.2833333333333	0.5819	0.007261	23.2	170.6	65.54
46.3	0.597	0.0009541	24.75	169.6	66.76
46.3166666666667	0.6027	0.007261	24.93	169.6	65.16
46.3333333333333	0.606	0.004108	24.78	169.6	63.63
46.35	0.6055	0.004108	24.41	169	61.72
46.3666666666667	0.6031	0.007261	23.99	169.4	60.89
46.3833333333333	0.5937	0.004108	23.51	170	60.05
46.4	0.5828	0.01041	23.72	170.9	52.24
46.4166666666667	0.5677	0.007261	23.91	170.6	40.74
46.4333333333333	0.5559	0.004108	23.7	171.1	34.98
46.45	0.5493	0.004108	23.59	170.4	29.31
46.4666666666667	0.5423	0.0009541	22.7	170.6	22.97
46.4833333333333	0.5375	0.0009541	21.49	169.8	16.08
46.5	0.5253	0.0009541	19.15	169.2	8.737
46.5166666666667	0.5017	-0.0022	15.1	169	1.257
46.5333333333333	0.4422	0.004108	7.943	169.6	-5.155
46.55	-0.01831	0.007261	1.92	169.4	-7.169
46.5666666666667	-2.106	0.007261	25.88	169.6	-28.33
46.5833333333333	-2.342	0.007261	43.4	170.6	-39.61
46.6	-2.355	0.007261	42.08	170.9	-37.31
46.6166666666667	-2.359	0.007261	41.61	170.9	-36
46.6333333333333	-2.384	0.007261	45.32	170.6	-38.37
46.65	-2.444	0.004108	54	170.4	-43.59
46.6666666666667	-2.503	0.0009541	61.55	170.4	-48.83
46.6833333333333	-2.546	0.004108	67.86	170	-53.59
46.7	-2.569	0.004108	72.65	169.4	-58.01
46.7166666666667	-2.591	0.004108	76.22	169.4	-61.45
46.7333333333333	-2.61	0.007261	78.91	169.4	-64.63
46.75	-2.625	0.007261	80.49	169.4	-66.82
46.7666666666667	-2.642	0.01041	81.22	169.8	-67.76
46.7833333333333	-2.652	0.007261	81.22	170.4	-67.58
46.8	-2.669	0.007261	81.27	170.6	-66.01
46.8166666666667	-2.671	0.007261	81.01	170.9	-64.96
46.8333333333333	-2.669	0.004108	80.7	170.6	-63.04
46.85	-2.665	0.007261	78.64	170.4	-58.21
46.8666666666667	-2.656	0.0009541	74.54	170.2	-52.92
46.8833333333333	-2.64	0.0009541	70.44	169.8	-48.22
46.9	-2.623	0.007261	65.65	169.4	-44.77
46.9166666666667	-2.614	0.004108	60.44	169.4	-40.48
46.9333333333333	-2.597	0.007261	54.47	169.2	-35.92
46.95	-2.582	0.01041	46.48	169.6	-30.31
46.9666666666667	-2.563	0.007261	38.22	170.2	-24.19
46.9833333333333	-2.539	0.007261	29.38	170.2	-17.72
47	-2.501	0.007261	18.57	170.9	-10.14
47.0166666666667	-2.388	0.004108	5.602	170.9	-3.679
47.0333333333333	-1.75	0.007261	0.4997	170.9	-2.217
47.05	-0.1693	0.007261	1.894	170	5.369
47.0666666666667	0.2209	0.0009541	9.074	169.6	22.36
47.0833333333333	0.2917	0.0009541	11.1	169.4	27.09
47.1	0.3563	0.004108	12.99	169.2	31.88
47.1166666666667	0.4111	0.004108	14.36	169.8	36.47
47.1333333333333	0.4526	0.007261	16.07	169.4	41.39
47.15	0.4875	0.004108	17.39	169.4	45.98
47.1666666666667	0.5088	0.007261	18.49	170	50.82
47.1833333333333	0.53	0.01041	19.57	170.6	55.66
47.2	0.546	0.007261	20.78	170.9	60
47.2166666666667	0.5607	0.004108	22.12	170.6	63.76
47.2333333333333	0.5753	0.004108	22.96	170.6	66.06
47.25	0.5876	0.004108	23.72	170.6	67.07
47.2666666666667	0.6041	0.0009541	24.57	169.8	66.88
47.2833333333333	0.6112	0.004108	24.8	169.8	66.43
47.3	0.6192	0.007261	24.59	169.6	65.41
47.3166666666667	0.6201	0.007261	24.38	169.4	63.43
47.3333333333333	0.6178	0.007261	24.07	170	62.33
47.35	0.6121	0.01041	23.91	170.2	61.63
47.3666666666667	0.6012	0.01041	23.22	170.6	62.08
47.3833333333333	0.5984	0.007261	23.3	170.9	61.88
47.4	0.588	0.007261	24.22	170.6	53.97
47.4166666666667	0.5805	0.004108	24.7	170.4	42.79
47.4333333333333	0.5791	0.0009541	24.78	169.8	35.96
47.45	0.5758	0.0009541	24.43	169.6	29.5
47.4666666666667	0.5748	0.004108	23.33	170	21.7
47.4833333333333	0.5644	0.0009541	21.41	169.6	13.59
47.5	0.5479	0.007261	18.75	169	6.437
47.5166666666667	0.5158	0.007261	14.28	169.4	-0.8615
47.5333333333333	0.4469	0.01041	6.918	170	-6.315
47.55	-0.03105	0.007261	1.052	170.2	-6.8
47.5666666666667	-2.112	0.004108	25.96	169.2	-26.82
47.5833333333333	-2.372	0.004108	42.64	171.1	-36.33
47.6	-2.376	0.004108	41.93	170.6	-34.42
47.6166666666667	-2.372	0.004108	42.22	170	-33.42
47.6333333333333	-2.389	0.004108	46.58	170	-37.37
47.65	-2.452	0.0009541	54.97	169.8	-44.44
47.6666666666667	-2.503	0.004108	61.76	169.6	-51.12
47.6833333333333	-2.546	0.004108	67.28	169.4	-56.15
47.7	-2.582	0.004108	71.91	169.8	-60.4
47.7166666666667	-2.616	0.007261	75.33	170	-63.26
47.7333333333333	-2.642	0.007261	77.85	170.6	-64.94
47.75	-2.661	0.007261	79.7	170.6	-65.68
47.7666666666667	-2.68	0.007261	80.85	170.6	-65.03
47.7833333333333	-2.688	0.004108	81.7	170.6	-64.5
47.8	-2.686	0.004108	82.06	170.4	-63.77
47.8166666666667	-2.682	0.0009541	82.27	170	-63.56
47.8333333333333	-2.678	0.004108	81.59	170	-63.23
47.85	-2.667	0.0009541	79.12	169.4	-59.78
47.8666666666667	-2.657	0.0009541	74.65	169.2	-55.15
47.8833333333333	-2.648	0.007261	69.7	169.4	-51.39
47.9	-2.64	0.01041	64.76	169.6	-46.77
47.9166666666667	-2.64	0.01041	59.23	170.4	-41.63
47.9333333333333	-2.633	0.007261	53.6	170.4	-35.82
47.95	-2.62	0.007261	46.71	170.6	-28.96
47.9666666666667	-2.603	0.007261	39.61	170.9	-21.83
47.9833333333333	-2.571	0.004108	30.2	170.4	-14.5
48	-2.516	0.004108	19.25	170.4	-7.829
48.0166666666667	-2.397	0.004108	6.76	170	-2.874
48.0333333333333	-1.782	0.004108	1.867	169.4	-2.91
48.05	-0.1783	0.004108	1.92	169.6	2.543
48.0666666666667	0.2544	0.004108	9.232	169.8	20.04
48.0833333333333	0.3144	0.007261	10.42	169.8	24.19
48.1	0.3644	0.01041	11.84	169.8	29.63
48.1166666666667	0.413	0.01041	13.47	170.2	36.08
48.1333333333333	0.4502	0.007261	15.1	170.6	42.84
48.15	0.4842	0.007261	16.91	170.9	48.77
48.1666666666667	0.5139	0.007261	18.7	170.6	54.26
48.1833333333333	0.5408	0.0009541	20.67	170.2	58.47
48.2	0.5644	0.004108	22.02	170	61.34
48.2166666666667	0.5876	0.0009541	22.99	169.6	63.57
48.2333333333333	0.6093	0.004108	23.86	169.2	64.4
48.25	0.622	0.007261	24.2	169.4	64.52
48.2666666666667	0.6272	0.007261	23.96	169.2	64.58
48.2833333333333	0.6267	0.007261	23.67	169.6	64.13
48.3	0.6244	0.01041	23.65	170.2	64.18
48.3166666666667	0.622	0.007261	23.49	170.4	64.05
48.3333333333333	0.6126	0.007261	23.38	170.9	64.69
48.35	0.6093	0.004108	23.44	170.9	64.5
48.3666666666667	0.6097	0.007261	23.7	170.9	64.18
48.3833333333333	0.6154	0.007261	24.3	170.2	64.12
48.4	0.6154	0.007261	25.09	169.8	55.12
48.4166666666667	0.6093	0.004108	25.41	169.8	42.4
48.4333333333333	0.6074	0.004108	24.88	170	34.15
48.45	0.6036	0.0009541	24.33	169	26.57
48.4666666666667	0.5923	0.007261	22.75	169	19.22
48.4833333333333	0.5748	0.007261	20.36	170	12.17
48.5	0.5508	0.007261	17.65	170.4	5.835
48.5166666666667	0.5154	0.007261	13.73	170.6	0.07545
48.5333333333333	0.4493	0.007261	6.549	170.6	-4.534
48.55	-0.0235	0.004108	1.289	170.6	-3.783
48.5666666666667	-2.174	0.007261	26.72	170.9	-24.76
48.5833333333333	-2.405	0.0009541	44.87	170.6	-36.07
48.6	-2.397	0.0009541	44.27	169.8	-35.46
48.6166666666667	-2.393	0.0009541	43.69	169.4	-35.39
48.6333333333333	-2.399	0.004108	46.11	169.2	-39.34
48.65	-2.457	0.007261	53.71	169.2	-46.41
48.6666666666667	-2.522	0.01041	60.81	169.8	-52.39
48.6833333333333	-2.572	0.01041	66.28	170.2	-56.91
48.7	-2.62	0.01041	71.02	170.4	-59.84
48.7166666666667	-2.652	0.007261	74.86	170.4	-61.9
48.7333333333333	-2.678	0.007261	77.7	170.9	-63.05
48.75	-2.693	0.007261	80.06	171.1	-63.2
48.7666666666667	-2.701	0.004108	81.8	170.4	-63.71
48.7833333333333	-2.701	0.0009541	82.54	170.2	-63.84
48.8	-2.693	0.004108	82.9	170	-64.96
48.8166666666667	-2.693	0.007261	82.43	169.4	-65.01
48.8333333333333	-2.69	0.0009541	81.85	169.2	-64.87
48.85	-2.686	0.004108	78.7	169.6	-62.04
48.8666666666667	-2.68	0.007261	74.44	169.8	-57.09
48.8833333333333	-2.678	0.007261	69.39	170.2	-52.14
48.9	-2.68	0.01041	64.28	170.4	-45.48
48.9166666666667	-2.674	0.007261	59.02	170.6	-39.67
48.9333333333333	-2.661	0.004108	53.5	170.6	-33.52
48.95	-2.644	0.004108	46.87	170.9	-26.53
48.9666666666667	-2.616	0.0009541	38.9	170	-20.1
48.9833333333333	-2.582	0.0009541	30.48	170	-14.95
49	-2.527	0.004108	20.02	169	-9.583
49.0166666666667	-2.41	0.007261	6.865	169.2	-5.032
49.0333333333333	-1.778	0.004108	1.552	169.4	-5.136
49.05	-0.1712	0.007261	1.078	169	0.8149
49.0666666666667	0.2596	0.01041	8.18	170	19.07
49.0833333333333	0.3167	0.007261	9.548	170.2	24.51
49.1	0.3653	0.007261	11.47	170.4	30.83
49.1166666666667	0.4092	0.007261	13.26	170.6	37.8
49.1333333333333	0.4545	0.004108	15.49	170.6	44.56
49.15	0.4998	0.0009541	17.94	169.8	50.25
49.1666666666667	0.5375	0.0009541	19.81	169.8	54.84
49.1833333333333	0.5682	0.004108	21.28	170.2	57.63
49.2	0.5956	0.004108	22.46	169.6	59.93
49.2166666666667	0.6154	0.007261	22.75	169.4	60.81
49.2333333333333	0.6272	0.007261	23.15	169.6	62.4
49.25	0.6324	0.0009541	24.49	169.6	63.48
49.2666666666667	0.6281	0.01041	23.22	170.9	64.23
49.2833333333333	0.6267	0.01041	23.41	170.4	65.33
49.3	0.6229	0.004108	23.38	170.6	66.86
49.3166666666667	0.6239	0.0009541	23.88	170.6	66.85
49.3333333333333	0.6281	0.004108	24.25	171.1	66.27
49.35	0.6338	0.004108	24.72	169.8	65.39
49.3666666666667	0.6409	0.0009541	24.8	169.4	63.61
49.3833333333333	0.6465	0.004108	24.96	169.4	61.88
49.4	0.6442	0.0009541	25.2	169.4	51.53
49.4166666666667	0.6324	0.007261	24.7	169.8	39.33
49.4333333333333	0.6211	0.01041	23.91	169.6	31.92
49.45	0.6078	0.01041	23.04	170.6	25.83
49.4666666666667	0.5871	0.007261	21.88	170.6	20.6
49.4833333333333	0.5696	0.004108	20.2	170.6	14.59
49.5	0.5512	0.004108	17.68	171.3	9.145
49.5166666666667	0.5267	0.0009541	14.47	170.4	3.15
49.5333333333333	0.4682	0.0009541	7.812	169.8	-2.534
49.55	0.01142	0.004108	2.446	169.2	-4.141
49.5666666666667	-2.125	0.004108	24.33	169.4	-24.66
49.5833333333333	-2.405	0.007261	45.21	169.4	-39.35
49.6	-2.406	0.007261	44.03	169.6	-38.76
49.6166666666667	-2.414	0.01041	42.58	169.8	-38.5
49.6333333333333	-2.431	0.01041	44.69	170.2	-40.62
49.65	-2.495	0.007261	52.34	170.6	-45.34
49.6666666666667	-2.565	0.01041	60.28	171.1	-49.73
49.6833333333333	-2.612	0.007261	66.49	170.6	-53.31
49.7	-2.646	0.004108	71.65	170.4	-56.35
49.7166666666667	-2.665	0.004108	75.7	170.2	-59.27
49.7333333333333	-2.68	0.0009541	78.8	169.4	-62.29
49.75	-2.691	0.0009541	81.06	169.2	-64.48
49.7666666666667	-2.693	0.004108	81.96	169	-66.59
49.7833333333333	-2.701	0.007261	82.01	169.4	-67.4
49.8	-2.71	0.007261	81.64	169.8	-67.81
49.8166666666667	-2.723	0.01041	80.91	170.4	-66.77
49.8333333333333	-2.725	0.004108	80.06	170.4	-65.12
49.85	-2.727	0.004108	77.7	170.9	-60.04
49.8666666666667	-2.722	0.007261	73.7	170.6	-53.16
49.8833333333333	-2.71	0.004108	69.65	170.6	-47.87
49.9	-2.699	0.007261	65.12	170.2	-42.84
49.9166666666667	-2.674	0.007261	60.02	169.6	-38.4
49.9333333333333	-2.656	0.004108	54.66	169.2	-34.29
49.95	-2.64	0.004108	47.55	169.6	-29.47
49.9666666666667	-2.616	0.007261	39.37	169.2	-23.98
49.9833333333333	-2.591	0.01041	29.72	170.2	-18.26
50	-2.548	0.007261	18.67	170	-11.85
50.0166666666667	-2.446	0.007261	5.471	170.9	-5.262
50.0333333333333	-1.808	0.007261	0.3945	171.1	-3.466
50.05	-0.2184	0.007261	0.2367	170.9	3.23
50.0666666666667	0.2582	0.004108	8.417	170.6	22.65
50.0833333333333	0.3271	0.0009541	10.94	170.2	28.03
50.1	0.388	0.004108	12.94	169.8	32.95
50.1166666666667	0.4493	0.004108	15.02	169	37.17
50.1333333333333	0.497	0.007261	16.65	169.6	41.94
50.15	0.5342	0.007261	17.89	169.6	46.53
50.1666666666667	0.5626	0.007261	18.83	169.6	50.99
50.1833333333333	0.581	0.007261	19.65	170.2	54.87
50.2	0.5928	0.007261	20.88	170.6	58.7
50.2166666666667	0.6031	0.007261	21.75	171.1	62.77
50.2333333333333	0.6149	0.007261	22.49	170.6	65.39
50.25	0.6253	0.007261	23.44	170.2	67.31
50.2666666666667	0.638	0.004108	24.38	170.2	67.94
50.2833333333333	0.6527	0.0009541	24.83	169.4	67.05
50.3	0.6602	0.004108	24.75	169.2	66.22
50.3166666666667	0.6631	0.0009541	24.93	169.4	64.36
50.3333333333333	0.6645	0.007261	24.15	169.8	62.44
50.35	0.6583	0.01041	24.07	169.6	61.62
50.3666666666667	0.6536	0.007261	23.59	170	61.16
50.3833333333333	0.6451	0.01041	23.33	170.9	60.9
50.4	0.6352	0.007261	23.65	170.6	53.49
50.4166666666667	0.6234	0.004108	24.22	170.4	42.38
50.4333333333333	0.6187	0.004108	24.43	170.2	36.06
50.45	0.6168	0.0009541	24.38	170.4	29.54
50.4666666666667	0.613	0.0009541	23.2	169.6	21.95
50.4833333333333	0.6078	0.0009541	21.33	169.6	13.9
50.5	0.5909	0.007261	18.65	169.4	6.619
50.5166666666667	0.5616	0.007261	14.26	169.6	-0.4173
50.5333333333333	0.4974	0.0009541	7.996	169.4	-4.573
50.55	0.01567	0.01041	0.9469	170.2	-6.732
50.5666666666667	-2.148	0.004108	21.54	170.6	-24.55
50.5833333333333	-2.454	0.007261	44.95	170.9	-37.81
50.6	-2.457	0.007261	43.92	170.9	-35.64
50.6166666666667	-2.455	0.004108	43.9	170.4	-34.9
50.6333333333333	-2.452	0.004108	45.35	170	-36.67
50.65	-2.501	0.007261	53.39	169.6	-43.34
50.6666666666667	-2.559	0.004108	61.07	169.6	-49.83
50.6833333333333	-2.605	0.004108	67.23	169	-55.71
50.7	-2.642	0.01041	71.49	169.2	-60.16
50.7166666666667	-2.674	0.01041	75.01	169.8	-63.36
50.7333333333333	-2.706	0.007261	77.75	170.2	-64.51
50.75	-2.725	0.01041	79.54	170.9	-65
50.7666666666667	-2.74	0.007261	80.91	170.9	-64.94
50.7833333333333	-2.746	0.007261	81.96	170.6	-64.15
50.8	-2.746	0.0009541	82.27	170.2	-63.8
50.8166666666667	-2.742	0.0009541	82.17	170	-63.66
50.8333333333333	-2.731	0.004108	81.54	169.4	-63.98
50.85	-2.727	0.004108	79.12	169.6	-60.68
50.8666666666667	-2.716	0.007261	74.49	169.4	-56.51
50.8833333333333	-2.712	0.007261	69.7	169.6	-52.22
50.9	-2.71	0.007261	64.6	170.2	-46.74
50.9166666666667	-2.705	0.007261	59.08	170.4	-41
50.9333333333333	-2.699	0.007261	53.16	170.9	-34.73
50.95	-2.684	0.004108	46.53	170.4	-26.99
50.9666666666667	-2.659	0.0009541	38.43	170.6	-20.12
50.9833333333333	-2.623	0.007261	30.01	170.2	-14.1
51	-2.569	0.004108	20.04	170	-8.881
51.0166666666667	-2.448	0.0009541	7.049	169	-4.437
51.0333333333333	-1.791	0.004108	1.736	169.4	-4.547
51.05	-0.1481	0.007261	0.9469	169.4	0.8072
51.0666666666667	0.2912	0.007261	8.548	169.8	18.88
51.0833333333333	0.3431	0.01041	9.627	170.6	24.17
51.1	0.3908	0.01041	11.47	170.2	31.28
51.1166666666667	0.4413	0.007261	13.6	170.2	38.31
51.1333333333333	0.4833	0.007261	15.47	170.6	44.49
51.15	0.5267	0.004108	17.94	170.2	50.23
51.1666666666667	0.563	0.0009541	19.65	170	54.44
51.1833333333333	0.5975	0.007261	21.07	169.4	57.63
51.2	0.6244	0.004108	22.25	169.4	58.95
51.2166666666667	0.6414	0.007261	22.59	169.8	60.85
51.2333333333333	0.6536	0.007261	23.07	170	62.25
51.25	0.655	0.01041	23.09	170.6	64.15
51.2666666666667	0.6565	0.007261	23.15	170.4	64.79
51.2833333333333	0.6541	0.007261	23.09	170.4	66.01
51.3	0.6508	0.004108	23.78	170.6	67.22
51.3166666666667	0.6531	0.004108	24.15	170.4	66.78
51.3333333333333	0.6588	0.004108	24.46	170	66.14
51.35	0.6682	0.0009541	24.86	169.4	64.8
51.3666666666667	0.6739	0.007261	24.91	169.2	62.89
51.3833333333333	0.6772	0.004108	24.8	169	61.23
51.4	0.6706	0.01041	24.72	169	51.08
51.4166666666667	0.6565	0.01041	24.3	169.6	38.87
51.4333333333333	0.6442	0.007261	23.72	169.8	32.16
51.45	0.6258	0.01041	22.78	170.6	27.3
51.4666666666667	0.6116	0.007261	21.88	170.4	21.62
51.4833333333333	0.5965	0.007261	20.17	170.9	15.54
51.5	0.5833	0.004108	18.25	170.9	9.533
51.5166666666667	0.5607	0.0009541	14.47	170.2	3.024
51.5333333333333	0.505	0.0009541	7.891	169.4	-3.357
51.55	0.06851	0.007261	2.288	169.2	-5.039
51.5666666666667	-2.118	0.01041	23.09	169.6	-22.36
51.5833333333333	-2.452	0.004108	46.48	169.2	-41.2
51.6	-2.463	0.004108	44.77	169.6	-39.96
51.6166666666667	-2.472	0.01041	43.4	170.2	-38.66
51.6333333333333	-2.478	0.007261	43.19	170.9	-37.88
51.65	-2.529	0.007261	51.34	170.6	-43.31
51.6666666666667	-2.595	0.004108	59.6	170.4	-47.68
51.6833333333333	-2.642	0.0009541	66.6	170.6	-52.59
51.7	-2.674	0.004108	72.33	170	-56.89
51.7166666666667	-2.69	0.004108	76.07	169.4	-60.78
51.7333333333333	-2.71	0.004108	79.49	169.6	-64.17
51.75	-2.725	0.007261	80.85	169.2	-66.28
51.7666666666667	-2.739	0.007261	81.59	170	-67.96
51.7833333333333	-2.75	0.01041	81.54	170.2	-67.91
51.8	-2.763	0.01357	81.48	170.4	-67.06
51.8166666666667	-2.748	0.01041	81.8	169.8	-67.57
51.8333333333333	-2.774	0.007261	80.85	170.6	-63.17
51.85	-2.767	0.004108	78.43	170.4	-58.27
51.8666666666667	-2.754	0.004108	74.7	169.8	-53.23
51.8833333333333	-2.739	0.004108	70.75	169.6	-49.19
51.9	-2.727	0.004108	66.33	169.6	-45.22
51.9166666666667	-2.71	0.007261	60.39	169.2	-41.31
51.9333333333333	-2.697	0.007261	54.29	169.8	-36.49
51.95	-2.682	0.007261	45.79	170	-29.76
51.9666666666667	-2.669	0.007261	37.4	170.4	-23.03
51.9833333333333	-2.644	0.004108	28.7	170.6	-16.23
52	-2.601	0.007261	18.41	170.6	-9.225
52.0166666666667	-2.488	0.004108	5.787	170.6	-2.954
52.0333333333333	-1.827	0.0009541	1.236	170.6	-1.822
52.05	-0.2132	0.007261	1.078	169.8	2.927
52.0666666666667	0.3007	0.004108	9.337	169.2	21.64
52.0833333333333	0.3724	0.007261	11.07	168.8	25.74
52.1	0.429	0.007261	12.68	169.2	30.39
52.1166666666667	0.4701	0.007261	13.7	169.8	35.29
52.1333333333333	0.5102	0.01041	15.23	170.6	41.54
52.15	0.5423	0.01041	16.83	170.4	47.28
52.1666666666667	0.5687	0.01041	18.54	170.6	53.6
52.1833333333333	0.5937	0.007261	19.94	170.2	57.74
52.2	0.6159	0.0009541	21.46	170	61.5
52.2166666666667	0.6395	0.0009541	22.86	169.8	63.92
52.2333333333333	0.6616	0.007261	23.91	169.6	64.93
52.25	0.6772	0.004108	24.15	169.6	65.18
52.2666666666667	0.6852	0.007261	23.91	169.2	64.16
52.2833333333333	0.6843	0.007261	23.83	169.4	64.16
52.3	0.6796	0.01041	23.7	170	64.15
52.3166666666667	0.6711	0.01041	23.33	170.6	64.66
52.3333333333333	0.6659	0.007261	23.41	171.1	64.9
52.35	0.6649	0.004108	23.44	170.6	64.72
52.3666666666667	0.6706	0.0009541	24.41	170	64.6
52.3833333333333	0.6758	0.0009541	24.67	169.4	63.39
52.4	0.6763	0.004108	25.15	169.4	53.94
52.4166666666667	0.672	0.004108	25.25	169.2	40.92
52.4333333333333	0.6664	0.007261	24.36	169	32.49
52.45	0.6569	0.007261	23.7	169.6	26.03
52.4666666666667	0.6409	0.007261	21.78	170.6	19.05
52.4833333333333	0.6173	0.007261	19.75	171.3	13.49
52.5	0.5928	0.01041	17.23	170.9	7.743
52.5166666666667	0.5635	0.007261	13.6	170.6	2.569
52.5333333333333	0.5078	0.0009541	7.68	170.6	-2.292
52.55	0.05483	0.004108	2.078	170.4	-3.52
52.5666666666667	-2.129	0.004108	21.96	169.6	-21.31
52.5833333333333	-2.467	0.004108	46.79	169.8	-39.57
52.6	-2.471	0.004108	45.16	169.4	-39.17
52.6166666666667	-2.474	0.01041	44.08	169.6	-39.18
52.6333333333333	-2.484	0.01041	43.77	170.2	-39.66
52.65	-2.539	0.007261	51.32	170.4	-44.89
52.6666666666667	-2.618	0.007261	59.34	170.9	-49.81
52.6833333333333	-2.665	0.007261	66.39	170.6	-53.2
52.7	-2.697	0.007261	71.7	170.4	-56.45
52.7166666666667	-2.722	0.0009541	75.86	170	-59.56
52.7333333333333	-2.733	0.004108	79.28	169.4	-63.19
52.75	-2.742	0.004108	81.06	169.2	-65.5
52.7666666666667	-2.752	0.007261	81.8	169.4	-67.03
52.7833333333333	-2.763	0.007261	81.85	170	-68.18
52.8	-2.773	0.007261	81.54	170	-67.92
52.8166666666667	-2.778	0.007261	80.8	170.6	-66.28
52.8333333333333	-2.788	0.004108	80.38	170.9	-63.64
52.85	-2.786	0.007261	78.33	170.9	-58.89
52.8666666666667	-2.774	0.0009541	74.01	170.6	-52.66
52.8833333333333	-2.757	0.004108	70.02	169.8	-48.41
52.9	-2.742	0.0009541	65.65	169.6	-44.17
52.9166666666667	-2.731	0.007261	60.6	169.4	-40.2
52.9333333333333	-2.714	0.007261	54.34	169.4	-36.16
52.95	-2.699	0.007261	46.66	169.8	-30.48
52.9666666666667	-2.68	0.007261	37.77	170	-24.01
52.9833333333333	-2.659	0.007261	28.7	170.4	-16.82
53	-2.616	0.007261	18.41	170.6	-9.557
53.0166666666667	-2.501	0.007261	5.497	170.6	-3.284
53.0333333333333	-1.874	0.004108	1.394	170	-2.139
53.05	-0.2368	0.004108	1.052	169.6	2.673
53.0666666666667	0.3177	0.004108	9.364	169.6	22.34
53.0833333333333	0.3809	0.004108	10.97	169.2	26.05
53.1	0.4182	0.004108	12.34	170	33.45
53.1166666666667	0.4885	0.007261	14.18	170	35.6
53.1333333333333	0.5309	0.01041	15.41	170.2	41.28
53.15	0.5574	0.007261	16.94	170.4	47.53
53.1666666666667	0.5861	0.007261	18.39	170.9	52.43
53.1833333333333	0.6083	0.004108	20.15	170.6	57.98
53.2	0.6319	0.0009541	21.62	170.9	61.54
53.2166666666667	0.655	0.004108	22.83	170	64.23
53.2333333333333	0.6786	0.004108	23.75	169.6	64.67
53.25	0.6914	0.004108	24.01	169.4	65.24
53.2666666666667	0.6994	0.007261	24.17	169.8	64.52
53.2833333333333	0.7013	0.01041	24.01	169.4	64.53
53.3	0.6956	0.01041	23.36	170.2	64.26
53.3166666666667	0.6895	0.01041	23.2	170.2	63.88
53.3333333333333	0.6815	0.007261	23.46	170.9	64.83
53.35	0.6796	0.007261	23.67	170.9	64.84
53.3666666666667	0.6819	0.004108	23.94	170.6	64.64
53.3833333333333	0.6867	0.007261	24.33	170	63.44
53.4	0.6947	0.004108	25.22	169	54.07
53.4166666666667	0.6885	0.004108	25.25	169.6	40.65
53.4333333333333	0.6824	0.007261	24.57	169.2	32.36
53.45	0.6701	0.01041	23.41	169.6	25.84
53.4666666666667	0.6555	0.007261	21.91	170	19.19
53.4833333333333	0.6333	0.01041	19.73	170.9	13.49
53.5	0.6064	0.007261	17.36	170.9	7.933
53.5166666666667	0.5786	0.007261	13.86	170.6	2.761
53.5333333333333	0.5187	0.004108	7.338	170.2	-2.668
53.55	0.08173	-0.0022	2.157	169.8	-3.7
53.5666666666667	-2.125	0.004108	21.07	169.6	-20.98
53.5833333333333	-2.491	0.004108	47.29	169.4	-39.71
53.6	-2.491	0.007261	45.37	169.2	-39.84
53.6166666666667	-2.491	0.007261	44.42	169.6	-39.38
53.6333333333333	-2.501	0.004108	43.98	170	-39.72
53.65	-2.559	0.007261	51.13	170.6	-44.57
53.6666666666667	-2.625	0.01041	58.81	170.9	-49.09
53.6833333333333	-2.68	0.007261	65.91	170.4	-53.34
53.7	-2.714	0.004108	71.86	170.2	-56.52
53.7166666666667	-2.735	0.004108	75.86	169.8	-59.69
53.7333333333333	-2.754	0.004108	79.28	169.8	-62.55
53.75	-2.761	0.004108	81.33	169.4	-65.12
53.7666666666667	-2.769	0.007261	81.64	169.2	-67.24
53.7833333333333	-2.778	0.007261	81.75	169.4	-67.98
53.8	-2.784	0.01041	81.54	169.8	-67.86
53.8166666666667	-2.795	0.01041	80.7	170.4	-66.16
53.8333333333333	-2.803	0.01041	79.75	170.6	-63.98
53.85	-2.801	0.004108	77.96	170.6	-58.1
53.8666666666667	-2.79	0.004108	73.91	170.4	-52.47
53.8833333333333	-2.776	0.004108	69.81	169.8	-47.89
53.9	-2.757	0.004108	65.7	169.4	-44.5
53.9166666666667	-2.742	0.007261	60.5	169.4	-40.6
53.9333333333333	-2.727	0.007261	54.45	169.2	-36.1
53.95	-2.712	0.01041	46.56	169.6	-30.42
53.9666666666667	-2.699	0.007261	37.77	170.2	-23.69
53.9833333333333	-2.673	0.01357	28.88	170.4	-17.09
54	-2.633	0.004108	18.41	170.9	-9.298
54.0166666666667	-2.52	0.01041	5.734	170.9	-3.157
54.0333333333333	-1.953	0.004108	1.42	170.4	-1.82
54.05	-0.3179	0.004108	0.4208	169.8	1.575
54.0666666666667	0.3422	0.0009541	9.6	169.6	22.46
54.0833333333333	0.3998	0.004108	11.2	169	25.98
54.1	0.4517	0.007261	12.39	169.2	29.93
54.1166666666667	0.4993	0.007261	14.05	170	35.34
54.1333333333333	0.5399	0.01041	15.26	170.4	41.27
54.15	0.572	0.01041	16.73	170.9	47.64
54.1666666666667	0.5984	0.007261	18.44	170.6	53.45
54.1833333333333	0.6229	0.007261	19.99	170.9	57.97
54.2	0.6475	0.0009541	21.57	170.6	61.73
54.2166666666667	0.673	0.004108	22.99	169.8	63.52
54.2333333333333	0.6914	0.0009541	23.88	169.2	64.6
54.25	0.7069	0.004108	24.2	169.2	64.91
54.2666666666667	0.7145	0.01041	23.86	169.8	64.51
54.2833333333333	0.714	0.007261	23.7	170	64.25
54.3	0.7098	0.007261	23.54	170.2	64.51
54.3166666666667	0.6994	0.007261	23.12	170.9	65.21
54.3333333333333	0.6956	0.007261	23.44	171.1	64.95
54.35	0.6961	0.004108	23.78	170.9	65.21
54.3666666666667	0.698	0.004108	24.17	170.4	64.77
54.3833333333333	0.6961	0.007261	23.17	170.9	61.95
54.4	0.7088	0.0009541	25.25	169.6	53.34
54.4166666666667	0.7055	0.007261	25.12	169.2	40.33
54.4333333333333	0.6975	0.007261	24.38	169.4	32.28
54.45	0.6852	0.007261	23.15	169.8	25.51
54.4666666666667	0.6659	0.007261	21.7	170.2	20.01
54.4833333333333	0.6451	0.01041	19.73	170.6	13.56
54.5	0.6225	0.007261	17.12	171.1	8.184
54.5166666666667	0.5932	0.004108	13.84	170.2	2.832
54.5333333333333	0.5338	0.004108	7.259	170.2	-2.475
54.55	0.07512	0.004108	2.13	169.6	-3.504
54.5666666666667	-2.119	0.004108	20.44	169.4	-21.5
54.5833333333333	-2.499	0.007261	46.58	169.8	-40.11
54.6	-2.503	0.01041	44.95	169.4	-39.25
54.6166666666667	-2.508	0.01041	43.61	170	-39.27
54.6333333333333	-2.518	0.007261	43.9	170	-39.86
54.65	-2.574	0.01041	51.34	170.9	-44.85
54.6666666666667	-2.64	0.007261	59.02	171.1	-49.1
54.6833333333333	-2.693	0.007261	65.97	170.6	-52.75
54.7	-2.731	0.007261	71.96	170.6	-56.6
54.7166666666667	-2.746	0.004108	76.07	169.8	-60.03
54.7333333333333	-2.765	0.007261	79.01	169.6	-62.75
54.75	-2.773	0.004108	80.85	168.8	-65.84
54.7666666666667	-2.784	0.01041	81.22	169.4	-67.65
54.7833333333333	-2.795	0.004108	82.64	170	-68
54.8	-2.805	0.01041	81.33	169.8	-67.47
54.8166666666667	-2.822	0.01041	80.75	170.4	-65.25
54.8333333333333	-2.82	0.01041	80.12	170.6	-63.27
54.85	-2.818	0.004108	78.28	170.9	-58.64
54.8666666666667	-2.807	0.004108	74.12	170.4	-52.41
54.8833333333333	-2.79	0.004108	70.39	169.8	-48.22
54.9	-2.771	0.0009541	65.97	169.2	-44.44
54.9166666666667	-2.757	0.004108	60.6	169.4	-41
54.9333333333333	-2.744	0.01041	54.18	169.6	-36.57
54.95	-2.731	0.007261	46.4	170	-30.43
54.9666666666667	-2.714	0.01041	37.74	170.2	-23.63
54.9833333333333	-2.693	0.007261	28.85	171.1	-16.04
55	-2.648	0.007261	18.67	171.1	-9.171
55.0166666666667	-2.537	0.004108	5.944	170.6	-2.889
55.0333333333333	-1.942	0.004108	1.657	169.8	-2.202
55.05	-0.3231	0.004108	0.9469	169.4	0.615
55.0666666666667	0.3493	0.004108	9.416	169.4	21.63
55.0833333333333	0.4163	0.007261	10.86	169.2	25.14
55.1	0.4687	0.007261	12.18	169.4	30.12
55.1166666666667	0.5139	0.007261	13.57	169.6	35.35
55.1333333333333	0.5475	0.007261	14.83	170.6	41.84
55.15	0.5833	0.007261	16.86	170.9	48.6
55.1666666666667	0.6116	0.007261	18.6	170.9	53.82
55.1833333333333	0.6409	0.004108	20.41	170.6	58.54
55.2	0.6664	0.0009541	22.15	170	61.41
55.2166666666667	0.69	0.007261	23.2	169.4	63.2
55.2333333333333	0.7126	0.004108	23.67	169.2	63.95
55.25	0.7235	0.004108	23.7	169.4	64.45
55.2666666666667	0.7272	0.007261	23.8	169.8	64.44
55.2833333333333	0.7249	0.01041	23.46	170	64.44
55.3	0.7164	0.01041	23.28	170.4	65.4
55.3166666666667	0.7126	0.007261	23.38	170.6	65.14
55.3333333333333	0.7098	0.007261	23.72	170.6	65.91
55.35	0.7126	0.004108	24.15	170.4	65.46
55.3666666666667	0.7187	0.007261	24.51	169.8	64.51
55.3833333333333	0.7291	0.004108	24.7	169.6	62.21
55.4	0.7282	0.007261	25.01	169.4	52.83
55.4166666666667	0.7202	0.01041	24.8	169.4	40
55.4333333333333	0.7102	0.007261	24.07	169.6	32.15
55.45	0.6933	0.007261	22.86	170.2	25.88
55.4666666666667	0.6763	0.01041	21.41	170.9	20.13
55.4833333333333	0.6569	0.01041	19.57	171.1	14.31
55.5	0.6362	0.007261	17.41	170.9	9.145
55.5166666666667	0.6093	0.004108	13.76	170.4	3.083
55.5333333333333	0.5493	0.004108	7.154	170	-2.599
55.55	0.07276	0.004108	2.236	169.2	-4.46
55.5666666666667	-2.165	0.004108	21.67	169.8	-22.7
55.5833333333333	-2.52	0.007261	47.13	169.4	-40.77
55.6	-2.527	0.007261	45.08	169.8	-40.19
55.6166666666667	-2.533	0.007261	43.92	170.2	-39.34
55.6333333333333	-2.542	0.007261	43.58	170.9	-38.11
55.65	-2.591	0.007261	50.95	170.6	-43.07
55.6666666666667	-2.656	0.004108	59.34	171.1	-47.99
55.6833333333333	-2.706	0.004108	66.28	170.2	-52.42
55.7	-2.739	0.007261	72.28	170	-57.06
55.7166666666667	-2.759	0.004108	76.12	169.2	-60.29
55.7333333333333	-2.774	0.007261	78.91	169.2	-63.61
55.75	-2.788	0.007261	80.38	169.6	-66.53
55.7666666666667	-2.803	0.01041	81.38	169.6	-67.67
55.7833333333333	-2.816	0.01041	81.7	170.2	-67.82
55.8	-2.829	0.007261	81.59	170.6	-66.38
55.8166666666667	-2.837	0.007261	81.06	170.4	-64.86
55.8333333333333	-2.837	0.007261	80.59	170.6	-63.14
55.85	-2.829	0.007261	78.85	170.4	-58.31
55.8666666666667	-2.812	0.004108	74.12	170	-53
55.8833333333333	-2.797	0.004108	69.91	169.6	-48.49
55.9	-2.786	0.007261	65.76	169.4	-45.44
55.9166666666667	-2.771	0.007261	59.92	169.6	-41.6
55.9333333333333	-2.763	0.007261	54.05	170	-36.85
55.95	-2.754	0.01041	46.34	170	-30.31
55.9666666666667	-2.735	0.007261	37.38	170.9	-22.65
55.9833333333333	-2.71	0.01041	28.51	171.1	-15.52
56	-2.663	0.004108	18.57	170.9	-8.244
56.0166666666667	-2.546	0.004108	6.365	170.4	-2.688
56.0333333333333	-1.933	0.007261	1.683	169.8	-2.333
56.05	-0.3127	0.004108	0.7891	169.2	-0.4133
56.0666666666667	0.3488	0.004108	9.153	169.6	20.92
56.0833333333333	0.4309	0.007261	10.92	169.6	25.19
56.1	0.4734	0.01041	11.86	170.2	29.53
56.1166666666667	0.5144	0.01041	13.15	170.6	35.9
56.1333333333333	0.5569	0.007261	14.97	171.1	42.66
56.15	0.5932	0.007261	16.89	171.1	49.29
56.1666666666667	0.6258	0.007261	19.2	170.6	54.52
56.1833333333333	0.6565	0.007261	20.86	170.2	58.28
56.2	0.6852	0.0009541	22.04	169.8	61.08
56.2166666666667	0.7107	0.0009541	22.99	169	62.04
56.2333333333333	0.7258	0.007261	23.44	169.8	63.04
56.25	0.7334	0.01041	23.41	169.2	63.62
56.2666666666667	0.7324	0.01041	23.15	170.4	64.04
56.2833333333333	0.7291	0.007261	23.25	170.6	65.06
56.3	0.7249	0.007261	23.28	170.6	66.21
56.3166666666667	0.723	0.004108	23.59	170.9	66.15
56.3333333333333	0.7253	0.004108	24.04	170.6	66.21
56.35	0.7315	0.0009541	24.33	169.8	65.52
56.3666666666667	0.7395	0.004108	24.88	169.4	63.48
56.3833333333333	0.7456	0.0009541	24.78	169.2	61.76
56.4	0.7433	0.01041	24.91	169	52.38
56.4166666666667	0.7296	0.007261	24.41	170	39.03
56.4333333333333	0.7154	0.007261	23.59	169.6	32.02
56.45	0.7032	0.01041	22.62	170.4	26.39
56.4666666666667	0.6824	0.007261	21.62	170.9	21.53
56.4833333333333	0.6668	0.007261	19.88	170.9	15.4
56.5	0.6522	0.004108	17.68	171.1	9.523
56.5166666666667	0.6314	0.004108	14.41	169.8	2.71
56.5333333333333	0.5739	0.007261	7.575	169.6	-3.294
56.55	0.1166	0.004108	2.052	169.8	-4.791
56.5666666666667	-2.135	0.01041	19.41	169.6	-22.37
56.5833333333333	-2.537	0.007261	46.82	169.6	-41.91
56.6	-2.546	0.01041	45	170.2	-40.21
56.6166666666667	-2.561	0.007261	43.9	170.6	-38.77
56.6333333333333	-2.559	0.007261	43.82	170.9	-37.45
56.65	-2.599	0.01041	50.55	170.9	-42.55
56.6666666666667	-2.665	0.0009541	59.55	170.4	-47.32
56.6833333333333	-2.714	0.007261	66.54	170	-52.62
56.7	-2.748	0.004108	72.17	169.6	-57.06
56.7166666666667	-2.767	0.004108	75.91	169.6	-61.03
56.7333333333333	-2.786	0.01041	78.64	169.6	-64.95
56.75	-2.805	0.004108	80.12	169.6	-66.8
56.7666666666667	-2.82	0.01041	80.91	169.8	-67.29
56.7833333333333	-2.835	0.01357	81.33	170.4	-67.11
56.8	-2.846	0.007261	81.54	170.9	-65.8
56.8166666666667	-2.848	0.007261	81.48	170.6	-63.94
56.8333333333333	-2.85	0.007261	81.06	170.4	-62.35
56.85	-2.837	0.004108	79.22	170	-58.37
56.8666666666667	-2.822	0.004108	74.8	169.2	-54.05
56.8833333333333	-2.81	0.007261	69.75	169.2	-49.68
56.9	-2.795	0.007261	65.07	169.6	-45.91
56.9166666666667	-2.791	0.01357	59.44	170	-41.95
56.9333333333333	-2.788	0.01041	53.6	170	-36.6
56.95	-2.771	0.01357	46	170.4	-29.79
56.9666666666667	-2.757	0.01041	37.45	170.6	-21.07
56.9833333333333	-2.727	0.007261	29.01	171.1	-14.6
57	-2.676	0.004108	18.83	170.6	-8.175
57.0166666666667	-2.554	0.004108	6.155	170.2	-2.618
57.0333333333333	-1.936	0.0009541	1.92	169.4	-3.046
57.05	-0.2825	0.004108	0.9732	169	-0.216
57.0666666666667	0.3818	0.007261	9.39	169.2	20.28
57.0833333333333	0.4385	0.01357	10.21	169.8	24.49
57.1	0.4847	0.007261	11.42	169.8	29.59
57.1166666666667	0.5305	0.007261	13.05	170.2	36.42
57.1333333333333	0.5687	0.007261	15.07	171.1	43.61
57.15	0.6064	0.007261	17.12	170.6	49.61
57.1666666666667	0.6404	0.004108	19.17	170.2	54.65
57.1833333333333	0.672	0.0009541	20.83	170.2	58.27
57.2	0.7022	0.004108	22.25	169.4	60.44
57.2166666666667	0.7253	0.007261	23.12	169.6	61.96
57.2333333333333	0.74	0.007261	23.33	169.6	62.52
57.25	0.7452	0.01041	23.28	169.6	63.41
57.2666666666667	0.7456	0.007261	23.25	169.8	64.11
57.2833333333333	0.74	0.007261	23.07	170.9	65.63
57.3	0.7381	0.01041	23.12	171.3	66.64
57.3166666666667	0.7362	0.007261	23.57	170.6	66.53
57.3333333333333	0.7419	0.0009541	24.3	170	66.21
57.35	0.7367	0.004108	23.38	170.6	64.16
57.3666666666667	0.7532	0.004108	24.67	169.6	63.47
57.3833333333333	0.7598	0.004108	24.65	169	61.75
57.4	0.7579	0.007261	24.59	169.8	51.59
57.4166666666667	0.7423	0.007261	24.28	169.6	38.9
57.4333333333333	0.7249	0.01041	23.33	170.2	32.52
57.45	0.7112	0.007261	22.62	171.1	27.08
57.4666666666667	0.697	0.007261	21.7	170.9	21.85
57.4833333333333	0.6819	0.007261	20.15	171.1	15.84
57.5	0.6682	0.004108	17.83	170.2	9.6
57.5166666666667	0.6456	0.004108	14.55	169.4	2.654
57.5333333333333	0.5913	0.007261	7.628	169.6	-3.55
57.55	0.1473	0.004108	1.815	169	-5.866
57.5666666666667	-2.106	0.007261	17.62	169.6	-21.44
57.5833333333333	-2.552	0.007261	46.61	169.8	-42.05
57.6	-2.565	0.007261	44.9	170.6	-40.49
57.6166666666667	-2.572	0.01041	44.08	170.9	-38.51
57.6333333333333	-2.578	0.01041	44.03	171.1	-37.14
57.65	-2.61	0.007261	50.84	170.9	-41.5
57.6666666666667	-2.674	0.007261	59.65	170.2	-47.59
57.6833333333333	-2.722	0.0009541	66.44	169.8	-52.68
57.7	-2.754	0.007261	72.23	169.2	-58.31
57.7166666666667	-2.778	0.004108	75.96	169.2	-62.02
57.7333333333333	-2.803	0.007261	78.33	169.8	-65.35
57.75	-2.825	0.007261	79.54	170.2	-66.83
57.7666666666667	-2.841	0.01357	80.64	170.4	-67.11
57.7833333333333	-2.856	0.007261	81.27	170.9	-66.47
57.8	-2.863	0.004108	81.85	170.6	-64.61
57.8166666666667	-2.863	0.007261	81.8	170.6	-63.42
57.8333333333333	-2.857	0.004108	81.38	170.4	-62.69
57.85	-2.841	0.004108	79.49	169.6	-59.49
57.8666666666667	-2.833	0.007261	74.75	169.2	-54.85
57.8833333333333	-2.82	0.007261	69.86	169	-50.61
57.9	-2.814	0.007261	64.55	169.6	-46.71
57.9166666666667	-2.807	0.01041	59.13	170	-41.76
57.9333333333333	-2.805	0.01041	53.24	170.6	-35.95
57.95	-2.793	0.007261	45.95	170.9	-27.89
57.9666666666667	-2.771	0.004108	37.69	170.6	-20.28
57.9833333333333	-2.737	0.007261	29.43	170.4	-13.99
58	-2.678	0.004108	19.44	169.8	-8.49
58.0166666666667	-2.555	0.004108	6.628	169.4	-3.856
58.0333333333333	-1.946	0.007261	1.736	169	-4.284
58.05	-0.2986	0.007261	0.3419	168.8	-2.083
58.0666666666667	0.3903	0.01357	8.522	169.6	19.44
58.0833333333333	0.4427	0.01041	10.05	170.2	24.67
58.1	0.4838	0.01041	11.2	170.9	31.49
58.1166666666667	0.5319	0.007261	13.62	170.4	38.39
58.1333333333333	0.5819	0.004108	15.81	170.2	45.15
58.15	0.6272	0.004108	17.99	170.2	50.37
58.1666666666667	0.6706	0.0009541	19.83	169.4	53.88
58.1833333333333	0.7008	0.0009541	21.02	169.4	56.29
58.2	0.7249	0.007261	21.54	169.6	58.32
58.2166666666667	0.7371	0.007261	22.2	169.4	60.42
58.2333333333333	0.7452	0.01041	22.15	170	62.38
58.25	0.7437	0.007261	22.67	170.4	64.55
58.2666666666667	0.7428	0.007261	23.01	170.6	66.52
58.2833333333333	0.7466	0.004108	23.51	171.5	67.4
58.3	0.7532	0.007261	24.04	170	67.99
58.3166666666667	0.7636	0.004108	24.49	170	66.58
58.3333333333333	0.7702	0.0009541	24.59	169.4	64.93
58.35	0.7754	0.004108	24.59	169.6	63.2
58.3666666666667	0.7749	0.01357	23.99	170.2	60.96
58.3833333333333	0.7697	0.01041	23.3	170	59.69
58.4	0.756	0.007261	23.72	170	51.91
58.4166666666667	0.7371	0.01041	23.59	170.4	41.13
58.4333333333333	0.7268	0.007261	23.62	170.6	35.19
58.45	0.7202	0.007261	23.2	170.4	29.64
58.4666666666667	0.7192	0.004108	22.73	170	22.69
58.4833333333333	0.7112	0.0009541	21.07	169.4	15.36
58.5	0.6999	0.007261	18.44	169.4	7.697
58.5166666666667	0.6734	0.007261	14.1	169.6	-0.353
58.5333333333333	0.6083	0.007261	6.549	169.6	-6.553
58.55	0.1549	0.01041	0.9469	169.8	-7.357
58.5666666666667	-2.116	0.01357	15.81	170.9	-19.76
58.5833333333333	-2.589	0.007261	46.66	170.9	-39.64
58.6	-2.595	0.01041	45.77	170.6	-37.4
58.6166666666667	-2.589	0.004108	45.82	170	-36.26
58.6333333333333	-2.593	0.007261	44.16	170.9	-36.94
58.65	-2.608	0.007261	51.63	169.6	-42.53
58.6666666666667	-2.669	0.007261	59.65	169.2	-50.4
58.6833333333333	-2.725	0.01041	66.02	169.6	-56.32
58.7	-2.767	0.01041	70.91	170.2	-60.19
58.7166666666667	-2.81	0.01041	74.44	170.6	-62.4
58.7333333333333	-2.837	0.01041	77.49	170.9	-63.28
58.75	-2.857	0.007261	80.06	170.9	-63.95
58.7666666666667	-2.863	0.004108	82.06	170.4	-64.21
58.7833333333333	-2.867	0.007261	82.69	170	-64.47
58.8	-2.859	0.004108	82.96	169.8	-65.19
58.8166666666667	-2.856	0.007261	82.59	169.4	-66.44
58.8333333333333	-2.852	0.01041	81.17	169.4	-65.78
58.85	-2.856	0.01041	78.22	169.8	-62.22
58.8666666666667	-2.852	0.007261	73.59	170.2	-56.66
58.8833333333333	-2.856	0.007261	69.33	171.1	-50.73
58.9	-2.852	0.007261	64.49	170.9	-44.04
58.9166666666667	-2.841	0.004108	60.34	170	-38.07
58.9333333333333	-2.822	0.004108	55.13	170	-33.04
58.95	-2.793	0.004108	47.24	169.6	-27
58.9666666666667	-2.757	0.0009541	37.72	169.2	-21.24
58.9833333333333	-2.727	0.007261	29.09	169.2	-17.14
59	-2.682	0.007261	18.25	169.6	-11.66
59.0166666666667	-2.58	0.01041	4.866	170.6	-6.189
59.0333333333333	-1.957	0.007261	0.3156	170.4	-4.181
59.05	-0.2901	0.007261	-0.4471	170.6	0.721
59.0666666666667	0.388	0.007261	8.785	170.6	23.39
59.0833333333333	0.4484	0.004108	10.76	170	28
59.1	0.5069	0.0009541	12.76	169.4	32.34
59.1166666666667	0.5659	0.004108	14.57	169.4	37.25
59.1333333333333	0.6187	0.01041	15.94	169.4	41.51
59.15	0.6565	0.01041	17.28	170	46.53
59.1666666666667	0.6796	0.01357	18.17	170.2	51.31
59.1833333333333	0.6966	0.007261	19.49	170.9	56.01
59.2	0.715	0.007261	20.59	171.3	60.66
59.2166666666667	0.7305	0.004108	22.3	170.4	64.3
59.2333333333333	0.7485	0.004108	23.44	170	65.89
59.25	0.7645	0.004108	24.07	169.6	66.46
59.2666666666667	0.7806	0.004108	24.25	169.4	66.07
59.2833333333333	0.7872	0.007261	24.07	169.2	64.73
59.3	0.7872	0.01041	23.86	169.6	64.22
59.3166666666667	0.7815	0.007261	23.25	170	63.44
59.3333333333333	0.7721	0.01041	23.09	170.2	63.83
59.35	0.7655	0.007261	23.28	170.9	64.33
59.3666666666667	0.7645	0.007261	23.72	170.6	64.59
59.3833333333333	0.773	0.004108	24.36	170.2	63.95
59.4	0.7749	0.004108	24.96	169.8	54.77
59.4166666666667	0.7711	0.004108	25.3	169.4	41.77
59.4333333333333	0.7669	0.007261	24.3	169.2	32.97
59.45	0.7565	0.01041	23.12	169.6	25.69
59.4666666666667	0.7381	0.007261	21.36	170.2	19.23
59.4833333333333	0.715	0.007261	19.44	170.6	13.48
59.5	0.6918	0.01041	16.86	170.6	8.058
59.5166666666667	0.6626	0.007261	13.07	171.3	2.555
59.5333333333333	0.6078	0.004108	7.338	170	-2.342
59.55	0.1242	0.0009541	2.157	169.6	-3.694
59.5666666666667	-2.15	0.004108	18.81	169	-19.53
59.5833333333333	-2.58	0.007261	48.19	169.2	-41.72
59.6	-2.588	0.007261	46.32	169.8	-41.01
59.6166666666667	-2.591	0.01041	45.24	169.6	-40.28
59.6333333333333	-2.605	0.007261	44.4	170.4	-38.72
59.65	-2.633	0.007261	49.84	170.6	-42.23
59.6666666666667	-2.705	0.007261	58.34	171.1	-47.55
59.6833333333333	-2.754	0.004108	66.39	170.2	-52.31
59.7	-2.79	0.0009541	72.49	169.4	-57.14
59.7166666666667	-2.81	0.0009541	76.28	169.4	-60.72
59.7333333333333	-2.829	0.01041	78.7	169.6	-64.58
59.75	-2.848	0.007261	80.22	169.8	-66.51
59.7666666666667	-2.859	0.01357	80.75	170.2	-67.59
59.7833333333333	-2.878	0.01041	81.17	170.6	-66.68
59.8	-2.89	0.007261	81.33	171.1	-65.17
59.8166666666667	-2.89	0.007261	81.48	170.9	-63.51
59.8333333333333	-2.882	0.004108	81.54	170.2	-62.57
59.85	-2.871	0.004108	79.7	169.6	-59.37
59.8666666666667	-2.856	0.004108	74.91	169.4	-54.99
59.8833333333333	-2.844	0.007261	70.07	169.4	-51.88
59.9	-2.841	0.01041	64.44	169.6	-46.66
59.9166666666667	-2.829	0.007261	60.02	169.4	-39.38
59.9333333333333	-2.833	0.007261	52.97	170.6	-35.37
59.95	-2.82	0.007261	46.11	171.1	-27.57
59.9666666666667	-2.797	0.007261	37.69	170.4	-19.95
59.9833333333333	-2.757	0.004108	30.09	170	-14.38
60	-2.705	0.004108	20.46	169.8	-9.549
60.0166666666667	-2.599	0.004108	7.864	169.2	-5.305
60.0333333333333	-1.997	0.007261	1.341	169	-5.598
60.05	-0.2712	0.01041	-0.3156	169.6	-2.226
60.0666666666667	0.4083	0.007261	8.049	169.8	19.88
60.0833333333333	0.4578	0.01041	9.732	170.9	26.45
60.1	0.5097	0.007261	11.55	170.9	33.02
60.1166666666667	0.5592	0.004108	13.76	170.9	39.27
60.1333333333333	0.6182	0.004108	16.25	169.6	44.38
60.15	0.6649	0.0009541	18.23	169.4	49.28
60.1666666666667	0.7032	0.004108	19.65	169.2	52.33
60.1833333333333	0.7286	0.01041	20.52	169.4	54.87
60.2	0.7452	0.01041	21.15	169.6	57.54
60.2166666666667	0.7541	0.01041	21.49	170	60.66
60.2333333333333	0.757	0.007261	22.02	171.3	64.39
60.25	0.7636	0.007261	22.88	170.9	66.5
60.2666666666667	0.7711	0.007261	23.44	170.6	67.97
60.2833333333333	0.7862	0.004108	24.36	170	67.52
60.3	0.7947	0.007261	24.57	169.6	66.44
60.3166666666667	0.8023	0.007261	23.96	169.6	64.71
60.3333333333333	0.8023	0.007261	23.91	170	62.41
60.35	0.7956	0.01041	23.54	170.2	61.65
60.3666666666667	0.7862	0.01357	22.91	170.4	61.65
60.3833333333333	0.7796	0.01041	23.04	171.1	61.96
60.4	0.7721	0.004108	23.94	170.9	55.46
60.4166666666667	0.7673	0.004108	24.46	170.4	43.22
60.4333333333333	0.7673	0.004108	24.43	169.8	35.44
60.45	0.7692	0.007261	23.78	169.4	27.6
60.4666666666667	0.7621	0.01041	22.51	169.6	19.94
60.4833333333333	0.7437	-0.01797	19.91	170.2	11.95
60.5	0.7178	0.01672	17.28	170.9	6.329
60.5166666666667	0.6805	0.01041	12.97	170.4	1.101
60.5333333333333	0.6088	0.007261	5.839	170.9	-3.635
60.55	0.1459	0.004108	1.341	170.6	-3.071
60.5666666666667	-2.138	0.004108	16.97	170	-17.12
60.5833333333333	-2.606	0.0009541	49.03	169.6	-39.69
60.6	-2.605	0.007261	47.32	169	-40.01
60.6166666666667	-2.601	0.01041	46.34	169.8	-40.55
60.6333333333333	-2.612	0.007261	45.16	169.6	-39.96
60.65	-2.637	0.007261	48.74	170.9	-42.89
60.6666666666667	-2.716	0.007261	57.97	170.6	-48.54
60.6833333333333	-2.773	0.004108	65.39	170.6	-52.59
60.7	-2.807	0.004108	71.7	170.2	-56.31
60.7166666666667	-2.831	0.004108	76.01	169.4	-60.34
60.7333333333333	-2.841	0.007261	79.12	169.2	-63.65
60.75	-2.856	0.004108	80.27	169.6	-66.71
60.7666666666667	-2.871	0.01041	81.38	170	-67.92
60.7833333333333	-2.89	0.007261	81.48	170.6	-67.74
60.8	-2.901	0.0009541	81.48	170.9	-65.56
60.8166666666667	-2.908	0.01357	81.54	170.6	-63.99
60.8333333333333	-2.901	0.007261	81.48	170.2	-62.58
60.85	-2.886	0.007261	79.38	169.4	-59.05
60.8666666666667	-2.871	0.004108	74.54	169.2	-54.54
60.8833333333333	-2.859	0.007261	70.6	169.6	-51.69
60.9	-2.856	0.01041	64.91	169.8	-47
60.9166666666667	-2.856	0.01041	58.71	170.2	-41.06
60.9333333333333	-2.848	0.007261	52.82	170.6	-34.71
60.95	-2.837	0.007261	46.32	170.6	-27.43
60.9666666666667	-2.807	0.004108	38.06	170.4	-19.49
60.9833333333333	-2.767	0.004108	29.85	170	-14.18
61	-2.712	0.007261	20.15	169.4	-9.939
61.0166666666667	-2.588	0.01357	5.839	169.8	-6.042
61.0333333333333	-1.929	0.007261	0.7102	169.8	-5.872
61.05	-0.2547	0.01357	-0.7628	170	-2.234
61.0666666666667	0.412	0.01041	7.97	170.6	21.72
61.0833333333333	0.4672	0.004108	9.89	170.9	27.79
61.1	0.5243	0.007261	11.99	170.2	33.6
61.1166666666667	0.5857	0.007261	14.65	169.2	38.52
61.1333333333333	0.6428	0.004108	16.47	169.2	43.04
61.15	0.6871	0.007261	18.04	169.6	47.16
61.1666666666667	0.7121	0.007261	18.78	170.2	50.72
61.1833333333333	0.7305	0.007261	19.75	171.1	55.41
61.2	0.7485	0.01357	20.59	170.4	58.74
61.2166666666667	0.7551	0.007261	21.88	170.6	63.58
61.2333333333333	0.7749	0.007261	22.99	170.4	66.5
61.25	0.7928	0.004108	23.94	170	66.43
61.2666666666667	0.807	0.007261	24.17	169.6	65.16
61.2833333333333	0.8126	0.01041	23.88	169.8	64.39
61.3	0.8117	0.01041	23.54	169.6	64.07
61.3166666666667	0.8004	0.01041	23.01	170.2	64.26
61.3333333333333	0.7928	0.007261	23.15	170.9	64.83
61.35	0.79	0.007261	23.49	170.6	65.15
61.3666666666667	0.7994	0.0009541	24.33	169.2	64.78
61.3833333333333	0.8089	0.004108	24.57	169.8	62.85
61.4	0.8098	0.004108	25.07	169.4	53.87
61.4166666666667	0.8013	0.007261	24.57	169.6	39.77
61.4333333333333	0.7862	0.01357	23.25	170.4	31.92
61.45	0.7683	0.007261	22.59	170.6	26.3
61.4666666666667	0.7504	0.007261	21.2	170.9	21.39
61.4833333333333	0.7362	0.004108	19.99	170.4	16.1
61.5	0.7249	0.007261	18.07	169.8	9.667
61.5166666666667	0.7055	0.01041	14.12	169.6	2.138
61.5333333333333	0.6503	0.007261	7.049	169.4	-5.396
61.55	0.1893	0.007261	1.315	169.8	-7.098
61.5666666666667	-2.089	0.01357	14.1	170	-19.21
61.5833333333333	-2.633	0.02934	47.34	170.9	-41.12
61.6	-2.64	0.01357	46.45	169.8	-38.32
61.6166666666667	-2.637	0.007261	45.92	170.6	-36.75
61.6333333333333	-2.627	0.0009541	46.42	169.6	-36.79
61.65	-2.637	0.0009541	50.79	169	-42.46
61.6666666666667	-2.701	0.007261	58.86	169.4	-49.76
61.6833333333333	-2.765	0.01041	65.12	170	-56.55
61.7	-2.814	0.007261	70.65	170.2	-59.82
61.7166666666667	-2.852	0.01041	74.7	170.4	-61.17
61.7333333333333	-2.878	0.007261	78.01	170.6	-61.85
61.75	-2.886	0.0009541	80.75	170	-62.83
61.7666666666667	-2.89	0.0009541	82.64	169.4	-64.8
61.7833333333333	-2.89	0.007261	82.8	169.8	-66.47
61.8	-2.893	0.01041	82.22	169.6	-68.19
61.8166666666667	-2.901	0.01357	81.43	170.2	-67.68
61.8333333333333	-2.908	0.01041	80.38	170.9	-65.44
61.85	-2.912	0.007261	78.22	170.6	-59.09
61.8666666666667	-2.905	0.007261	74.8	170.4	-53.72
61.8833333333333	-2.886	0.004108	69.81	169.6	-47.94
61.9	-2.863	0.007261	64.76	169.2	-44.54
61.9166666666667	-2.856	0.007261	59.5	169.4	-40.97
61.9333333333333	-2.844	0.007261	53.37	170	-36.75
61.95	-2.844	0.01041	45.95	170.4	-29.02
61.9666666666667	-2.825	0.007261	37.35	170.9	-20.95
61.9833333333333	-2.793	0.007261	29.88	170.6	-14.46
62	-2.735	0.0009541	19.78	170	-8.829
62.0166666666667	-2.603	0.007261	6.313	169.4	-4.518
62.0333333333333	-1.946	0.007261	1.341	169.2	-5.009
62.05	-0.2604	0.01041	-0.3682	170	-2.621
62.0666666666667	0.4323	0.01041	8.154	170.6	20.5
62.0833333333333	0.4823	0.007261	9.495	170.9	26.63
62.1	0.5333	0.007261	11.73	170.6	33.08
62.1166666666667	0.5984	0.0009541	14.6	170	39.01
62.1333333333333	0.655	0.004108	16.7	169.6	43.34
62.15	0.7032	0.004108	18.17	169.4	47.6
62.1666666666667	0.7244	0.007261	18.54	169.8	50.65
62.1833333333333	0.7381	0.01041	19.44	170.4	55.17
62.2	0.7522	0.007261	20.52	170.6	59.62
62.2166666666667	0.7711	0.007261	22.33	170.2	64.21
62.2333333333333	0.7919	0.007261	23.44	169.8	65.61
62.25	0.8107	0.007261	24.09	169.2	66.25
62.2666666666667	0.8249	0.01041	23.86	169.6	64.57
62.2833333333333	0.824	0.01041	23.38	170	64.31
62.3	0.8164	0.01041	23.01	170.6	64.69
62.3166666666667	0.8051	0.007261	23.17	170.9	66.03
62.3333333333333	0.8079	0.004108	23.83	170.6	66.28
62.35	0.8145	0.007261	24.38	170	65.21
62.3666666666667	0.8249	0.007261	24.54	169.6	63.11
62.3833333333333	0.8315	0.007261	23.99	169.4	60.49
62.4	0.8202	0.01041	23.96	170.2	51.94
62.4166666666667	0.7985	0.01041	23.59	170.4	39.95
62.4333333333333	0.7815	0.007261	23.44	170.6	34.98
62.45	0.7749	0.004108	23.15	170.9	29.36
62.4666666666667	0.7721	0.0009541	22.59	170	22.99
62.4833333333333	0.773	0.004108	21.02	169.6	14.26
62.5	0.7574	0.01041	17.6	169.4	6.097
62.5166666666667	0.7197	0.01041	12.86	169.8	-0.9312
62.5333333333333	0.6399	0.007261	5.655	170.6	-4.845
62.55	0.1572	0.007261	0.7628	170.4	-4.03
62.5666666666667	-2.163	0.004108	16.47	170.4	-17
62.5833333333333	-2.629	0.007261	48.61	169.8	-39.57
62.6	-2.625	0.007261	47.21	169.4	-40.16
62.6166666666667	-2.627	0.01041	46.13	169.8	-40.63
62.6333333333333	-2.639	0.01041	44.74	170.2	-39.72
62.65	-2.671	0.007261	49.34	171.1	-42.52
62.6666666666667	-2.739	0.007261	58.29	170.2	-47.02
62.6833333333333	-2.784	0.004108	66.33	170.2	-52.66
62.7	-2.818	0.004108	71.86	169	-58.27
62.7166666666667	-2.842	0.004108	75.22	169.6	-62.6
62.7333333333333	-2.874	0.01041	77.54	170	-65.34
62.75	-2.905	0.01041	79.75	170.9	-65.38
62.7666666666667	-2.918	0.004108	81.22	170.9	-64.39
62.7833333333333	-2.916	0.0009541	82.64	169.8	-64.17
62.8	-2.905	0.004108	82.85	169.2	-65.21
62.8166666666667	-2.897	0.007261	82.01	169.2	-66.46
62.8333333333333	-2.912	0.01041	80.85	170	-66.56
62.85	-2.916	0.007261	77.85	170.4	-60.81
62.8666666666667	-2.916	0.007261	73.59	170.9	-54.26
62.8833333333333	-2.901	0.01041	69.12	170.4	-51.4
62.9	-2.886	0.007261	65.65	169.6	-43.77
62.9166666666667	-2.867	0.004108	60.02	169.2	-40.44
62.9333333333333	-2.856	0.01041	53.47	170	-36.49
62.95	-2.848	0.01357	45.58	170.6	-29.36
62.9666666666667	-2.837	0.01041	37.09	170.9	-21.02
62.9833333333333	-2.805	0.007261	29.25	170.2	-14.13
63	-2.744	0.007261	19.54	169.4	-8.752
63.0166666666667	-2.627	0.004108	7.075	169	-5.171
63.0333333333333	-2.031	0.007261	1.105	169.6	-5.612
63.05	-0.3835	0.01041	-0.7891	170.4	-2.954
63.0666666666667	0.4441	0.007261	8.259	170.9	22.42
63.0833333333333	0.496	0.004108	9.995	170.9	27.91
63.1	0.5588	0.007261	12.47	169.8	32.58
63.1166666666667	0.6201	0.007261	14.62	169.4	36.85
63.1333333333333	0.6711	0.007261	15.97	169.6	41.42
63.15	0.6989	0.01041	16.99	170.4	46.76
63.1666666666667	0.723	0.007261	18.36	171.3	52.86
63.1833333333333	0.7447	0.007261	20.17	170.4	57.91
63.2	0.7787	0.0009541	21.91	169.4	60.97
63.2166666666667	0.8051	0.007261	22.73	169.2	62.04
63.2333333333333	0.8211	0.007261	23.07	169	62.48
63.25	0.8174	0.01041	22.54	170.2	64.06
63.2666666666667	0.8145	0.01041	22.75	170.9	66.15
63.2833333333333	0.8174	0.007261	23.67	170.4	67.81
63.3	0.8315	0.0009541	24.41	170.2	67.68
63.3166666666667	0.8428	0.007261	24.65	169.6	65.07
63.3333333333333	0.8428	0.007261	23.96	169.8	62.52
63.35	0.8315	0.007261	23.36	170.6	61.93
63.3666666666667	0.8202	0.007261	23.25	170.6	63.03
63.3833333333333	0.8183	0.007261	23.57	170.6	63.54
63.4	0.824	0.0009541	24.67	170.4	55.31
63.4166666666667	0.8258	0.007261	24.86	169.8	40.91
63.4333333333333	0.8202	0.01041	23.99	169.6	32.24
63.45	0.7975	0.007261	22.51	170.6	26.49
63.4666666666667	0.7777	0.01041	21.33	170.9	21.45
63.4833333333333	0.7636	0.007261	20.25	170.4	16.16
63.5	0.7551	0.004108	18.1	169.8	9.025
63.5166666666667	0.7409	0.007261	13.99	169.4	0.8
63.5333333333333	0.672	0.01041	6.286	169.6	-6.294
63.55	0.1704	0.01357	0.4471	170.2	-6.658
63.5666666666667	-2.157	0.01357	15.04	170.9	-17.53
63.5833333333333	-2.659	0.007261	48.11	170.6	-39.07
63.6	-2.65	0.004108	47.24	169.6	-38.12
63.6166666666667	-2.639	0.007261	46.4	169.4	-39.57
63.6333333333333	-2.639	0.01041	45.37	169.6	-40.3
63.65	-2.669	0.01357	49.24	170	-44.15
63.6666666666667	-2.75	0.01041	57.71	171.3	-47.91
63.6833333333333	-2.805	0.0009541	65.7	170.6	-51.95
63.7	-2.837	0.004108	71.81	169.8	-56.84
63.7166666666667	-2.852	0.007261	75.44	169.4	-62.01
63.7333333333333	-2.878	0.01041	78.28	170	-65.74
63.75	-2.908	0.01041	79.43	170.4	-66.03
63.7666666666667	-2.927	0.007261	81.17	170.9	-64.66
63.7833333333333	-2.927	0.007261	82.54	170.4	-64.12
63.8	-2.92	0.004108	83.01	169.8	-64.7
63.8166666666667	-2.916	0.01041	82.38	169	-66.8
63.8333333333333	-2.92	0.01041	80.7	169.8	-66.69
63.85	-2.927	0.007261	77.96	170.2	-61.14
63.8666666666667	-2.931	0.004108	73.54	170.6	-53.2
63.8833333333333	-2.912	0.007261	69.81	170.2	-47.89
63.9	-2.893	0.004108	65.39	169.8	-44.04
63.9166666666667	-2.878	0.007261	59.97	169.4	-41.05
63.9333333333333	-2.874	0.01041	53.45	170.2	-36.43
63.95	-2.867	0.007261	45.87	170.4	-28.63
63.9666666666667	-2.846	0.007261	37.82	171.1	-20.1
63.9833333333333	-2.805	0.007261	29.85	169.6	-14.18
64	-2.746	0.007261	19.46	169.8	-10.02
64.0166666666667	-2.637	0.007261	6.628	169.6	-6.305
64.0333333333333	-2.078	0.007261	0.4734	170	-5.622
64.05	-0.477	0.01041	-0.7628	170.6	-1.992
64.0666666666667	0.4606	0.007261	9.022	170.6	24.21
64.0833333333333	0.5295	0.004108	10.94	169.4	27.86
64.1	0.5843	0.007261	12.57	169.4	30.91
64.1166666666667	0.6343	0.01041	13.65	169.8	35.3
64.1333333333333	0.6701	0.01357	14.86	170.6	41.98
64.15	0.7022	0.007261	16.91	170.9	49.11
64.1666666666667	0.7419	0.01357	18.12	170.4	51.47
64.1833333333333	0.7806	0.004108	21.12	169.2	57.14
64.2	0.806	0.01041	21.83	169.4	58.53
64.2166666666667	0.8183	0.007261	21.91	169.8	59.92
64.2333333333333	0.8155	0.007261	22.09	171.1	63.79
64.25	0.8202	0.007261	22.86	170.9	67.17
64.2666666666667	0.8334	0.004108	24.22	170	68.13
64.2833333333333	0.8532	0.0009541	24.46	169.6	65.95
64.3	0.8589	0.007261	24.01	169.4	64.55
64.3166666666667	0.8485	0.01357	23.25	170.2	63.4
64.3333333333333	0.8343	0.007261	23.04	171.1	64.67
64.35	0.8343	0.007261	23.59	171.1	65.31
64.3666666666667	0.8466	0.007261	24.46	170.2	64.16
64.3833333333333	0.8589	0.007261	24.41	169.4	61.05
64.4	0.8504	0.007261	24.07	170	52.05
64.4166666666667	0.8306	0.007261	23.57	170	39.75
64.4333333333333	0.8098	0.01041	23.59	171.1	35.6
64.45	0.807	0.004108	23.36	170.4	29.68
64.4666666666667	0.8098	0.007261	22.88	169.4	22.04
64.4833333333333	0.8041	0.01041	20.38	169.6	12.6
64.5	0.7768	0.01041	16.99	170.2	5.443
64.5166666666667	0.7329	0.01041	12.52	170.6	0.586
64.5333333333333	0.6649	0.007261	6.418	170.4	-2.54
64.55	0.1742	0.007261	1.789	169.8	-3.311
64.5666666666667	-2.146	0.007261	16.44	169.6	-18.3
64.5833333333333	-2.64	0.007261	47.95	169.4	-42.27
64.6	-2.656	0.01357	45.58	170.4	-40.45
64.6166666666667	-2.667	0.007261	45.08	170.6	-37.88
64.6333333333333	-2.663	0.007261	45.58	169.8	-36.22
64.65	-2.678	0.007261	51.37	169.4	-42.09
64.6666666666667	-2.737	0.007261	59.6	169.8	-50.25
64.6833333333333	-2.803	0.01041	65.34	170.2	-56.44
64.7	-2.848	0.01357	70.44	170.6	-58.92
64.7166666666667	-2.886	0.007261	74.44	170.9	-59.6
64.7333333333333	-2.901	0.004108	78.43	170.2	-61.32
64.75	-2.908	0.004108	81.38	169.4	-65.28
64.7666666666667	-2.912	0.01041	81.85	169.8	-67.61
64.7833333333333	-2.927	0.01041	81.54	170.4	-67.83
64.8	-2.95	0.01041	81.33	170.9	-65.4
64.8166666666667	-2.946	0.004108	81.43	170.6	-62.94
64.8333333333333	-2.935	0.007261	81.54	169.6	-62.99
64.85	-2.916	0.007261	78.75	169.2	-61.11
64.8666666666667	-2.92	0.01357	73.33	170.2	-56.77
64.8833333333333	-2.924	0.01041	68.7	170.6	-50.82
64.9	-2.92	0.007261	64.6	170.4	-43.53
64.9166666666667	-2.905	0.004108	60.23	170	-38.16
64.9333333333333	-2.874	0.007261	54.66	169.6	-34.04
64.95	-2.856	0.01041	46.63	169.4	-30.19
64.9666666666667	-2.844	0.007261	37.4	170.2	-23.92
64.9833333333333	-2.824	0.01041	28.25	170.9	-16.06
65	-2.776	0.007261	19.04	170.6	-8.051
65.0166666666667	-2.65	0.007261	6.918	169.4	-3.463
65.0333333333333	-2.089	0.007261	1.92	169.2	-4.622
65.05	-0.4836	0.01041	-0.3682	169.8	-4.044
65.0666666666667	0.4823	0.01041	8.206	170.9	21.64
65.0833333333333	0.5272	0.007261	9.942	170.9	27.9
65.1	0.5866	0.007261	12.63	170	33.07
65.1166666666667	0.6508	0.007261	14.39	169.4	36.77
65.1333333333333	0.6975	0.01041	15.7	169.4	41.16
65.15	0.7268	0.01357	16.94	170.2	47.33
65.1666666666667	0.7494	0.01041	18.67	170.9	53.88
65.1833333333333	0.7787	0.007261	20.38	170.4	58.46
65.2	0.8126	0.007261	21.88	169.6	60.5
65.2166666666667	0.8362	0.01041	22.28	169.6	60.55
65.2333333333333	0.8391	0.01041	22.2	170.2	62.19
65.25	0.8353	0.01357	22.49	170.6	66.15
65.2666666666667	0.8428	0.01041	23.72	170.4	68.18
65.2833333333333	0.8579	0.007261	24.46	169.8	67.8
65.3	0.8711	0.007261	24.65	169.4	65.5
65.3166666666667	0.8683	0.007261	23.72	169.6	63.01
65.3333333333333	0.856	0.01041	23.04	170.2	63.01
65.35	0.8466	0.01041	23.67	171.1	65.04
65.3666666666667	0.856	0.004108	24.28	170	64.22
65.3833333333333	0.8683	0.007261	24.51	169.4	61.81
65.4	0.8674	0.01357	24.36	169.8	52.05
65.4166666666667	0.8447	0.01357	23.65	170.2	39.62
65.4333333333333	0.8268	0.007261	23.3	170.6	34.51
65.45	0.8268	0.01357	22.38	170.4	26.1
65.4666666666667	0.8211	0.007261	22.88	169.6	22.16
65.4833333333333	0.8183	0.007261	20.54	169	13.05
65.5	0.7928	0.01357	16.89	170	5.51
65.5166666666667	0.7447	0.007261	12.23	171.1	0.8975
65.5333333333333	0.6791	0.004108	6.207	170.4	-2.667
65.55	0.2054	0.0009541	1.815	169.6	-3.435
65.5666666666667	-2.091	0.01041	14.33	169.2	-17.62
65.5833333333333	-2.65	0.01041	47.34	169.8	-42.29
65.6	-2.663	0.007261	45.35	170.4	-40.12
65.6166666666667	-2.674	0.004108	45	170.9	-36.57
65.6333333333333	-2.667	0.007261	45.58	170	-36.16
65.65	-2.688	0.007261	51.76	169.8	-43.23
65.6666666666667	-2.748	0.004108	59.44	169.6	-51.24
65.6833333333333	-2.814	0.007261	65.39	170.6	-55.92
65.7	-2.869	0.007261	70.7	170.9	-57.81
65.7166666666667	-2.893	0.007261	75.28	170	-59
65.7333333333333	-2.905	-0.005353	79.12	169.2	-62.62
65.75	-2.908	0.007261	80.75	169.2	-65.94
65.7666666666667	-2.931	0.01041	80.64	170.2	-67.37
65.7833333333333	-2.95	0.01041	81.17	170.6	-65.8
65.8	-2.961	0.007261	81.8	170.6	-64.08
65.8166666666667	-2.946	0.01041	82.27	170	-64.06
65.8333333333333	-2.931	0.007261	81.43	169.2	-65.49
65.85	-2.935	0.004108	78.01	169.8	-61.99
65.8666666666667	-2.939	0.01041	72.86	170.6	-55.53
65.8833333333333	-2.942	0.01041	69.07	171.1	-48.12
65.9	-2.924	0.004108	65.39	170	-43
65.9166666666667	-2.897	0.01041	60.5	169	-39.73
65.9333333333333	-2.886	0.01041	53.95	169.6	-36.76
65.95	-2.878	0.01041	45.95	170.4	-29.62
65.9666666666667	-2.863	0.007261	37.66	171.1	-21.03
65.9833333333333	-2.829	0.007261	29.54	170.2	-14.13
66	-2.767	0.004108	19.57	169.2	-9.213
66.0166666666667	-2.656	0.004108	6.628	169.4	-6.17
66.0333333333333	-2.106	0.01041	0.4208	170	-5.492
66.05	-0.4954	0.004108	-0.5523	170.6	-1.798
66.0666666666667	0.4908	0.007261	9.153	170.4	24.14
66.0833333333333	0.5602	0.004108	11.15	169.4	27.47
66.1	0.6149	0.007261	12.41	169.4	30.39
66.1166666666667	0.6621	0.01041	13.57	169.8	35.16
66.1333333333333	0.689	0.007261	14.89	170.9	42.86
66.15	0.7286	0.007261	17.33	170.6	49.93
66.1666666666667	0.7739	0.007261	19.7	169.8	54.33
66.1833333333333	0.8126	0.007261	20.83	169.4	55.65
66.2	0.8268	0.007261	20.96	169.8	57.62
66.2166666666667	0.8334	0.01041	21.52	170.6	61.23
66.2333333333333	0.8381	0.007261	22.65	170.6	65.76
66.25	0.8579	0.004108	23.75	170.4	67.47
66.2666666666667	0.8787	0.007261	24.28	169.4	66.2
66.2833333333333	0.8815	0.01041	23.51	169.8	64.41
66.3	0.873	0.01357	22.99	170.6	65.16
66.3166666666667	0.8617	0.01041	23.41	170.9	65.93
66.3333333333333	0.8693	0.007261	24.33	169.8	66.01
66.35	0.8825	0.007261	24.54	169.2	64.03
66.3666666666667	0.8881	0.007261	23.96	169.4	61.16
66.3833333333333	0.8702	0.01357	23.07	170.4	60.32
66.4	0.857	0.01041	23.59	170.6	53.12
66.4166666666667	0.8476	0.007261	24.46	170.2	42.99
66.4333333333333	0.8579	0.007261	24.67	169.4	34.53
66.45	0.857	0.007261	23.28	169.4	26.3
66.4666666666667	0.8381	0.01041	21.3	170	19.6
66.4833333333333	0.8098	0.01357	19.38	170.6	13.85
66.5	0.789	0.007261	17.18	170.9	9.259
66.5166666666667	0.773	0.007261	13.99	169.8	2.132
66.5333333333333	0.714	0.007261	6.654	169.2	-5.325
66.55	0.1813	0.01041	0.9469	169.6	-7.095
66.5666666666667	-2.193	0.01041	15.62	170.4	-19.04
66.5833333333333	-2.676	0.007261	46.45	171.1	-38.49
66.6	-2.667	0.004108	46.24	169.8	-36.94
66.6166666666667	-2.656	0.01041	45.61	169.2	-38.45
66.6333333333333	-2.656	0.007261	44.61	169.8	-39.98
66.65	-2.718	0.01041	51.05	170.9	-44.45
66.6666666666667	-2.788	0.007261	59.29	170.6	-47.98
66.6833333333333	-2.833	0.004108	66.86	169.8	-52.87
66.7	-2.856	0.007261	71.81	168.8	-58.69
66.7166666666667	-2.886	0.007261	75.12	169.8	-63.29
66.7333333333333	-2.905	0.007261	79.12	169	-64.15
66.75	-2.946	0.007261	79.59	170.6	-63.48
66.7666666666667	-2.946	0.004108	81.59	169.8	-63.79
66.7833333333333	-2.939	0.007261	82.48	169.4	-65.63
66.8	-2.946	0.01041	81.85	169.4	-67.63
66.8166666666667	-2.954	0.01041	80.64	170.4	-66.72
66.8333333333333	-2.965	0.007261	79.96	170.9	-63.49
66.85	-2.954	0.007261	78.85	169.6	-58.3
66.8666666666667	-2.935	0.007261	74.75	169.4	-54.44
66.8833333333333	-2.924	0.01041	69.49	169.2	-51.65
66.9	-2.924	0.01041	64.18	169.8	-47.03
66.9166666666667	-2.931	0.007261	58.86	170.9	-39.38
66.9333333333333	-2.912	0.007261	53.79	170.4	-32.74
66.95	-2.878	0.004108	47.37	168.8	-27.94
66.9666666666667	-2.852	0.007261	38.14	169.4	-23.38
66.9833333333333	-2.822	0.01041	28.09	169.8	-17.56
67	-2.793	0.01041	18.04	170.4	-10.3
67.0166666666667	-2.682	0.007261	5.918	170.2	-2.886
67.0333333333333	-2.097	0.0009541	1.894	169.4	-2.46
67.05	-0.4524	0.007261	0.2893	169.4	-3.325
67.0666666666667	0.5111	0.007261	8.39	169.8	19.73
67.0833333333333	0.5574	0.01041	9.469	170.9	26.23
67.1	0.6012	0.007261	11.6	170.6	33.25
67.1166666666667	0.6678	0.007261	14.57	169.4	38.87
67.1333333333333	0.7277	0.007261	15.7	170.6	42.53
67.15	0.7655	0.01041	17.41	169.2	46.5
67.1666666666667	0.7806	0.01357	18.04	170.9	52.08
67.1833333333333	0.8004	0.007261	19.94	170.9	58
67.2	0.8296	0.007261	21.62	169.8	61.44
67.2166666666667	0.8627	0.01041	22.51	169.4	61.49
67.2333333333333	0.874	0.01041	22.65	169.8	62.18
67.25	0.8702	0.01357	22.59	170.4	64.53
67.2666666666667	0.8702	0.007261	23.44	170.6	67.58
67.2833333333333	0.8796	0.007261	24.15	170.2	68.03
67.3	0.8957	0.004108	24.65	169.4	66.44
67.3166666666667	0.8985	0.007261	23.78	169.4	63.19
67.3333333333333	0.8844	0.007261	23.07	170.4	62.8
67.35	0.8749	0.007261	23.04	170.9	64.33
67.3666666666667	0.8825	0.004108	24.33	169.8	64.72
67.3833333333333	0.8957	0.007261	24.33	169.6	61.98
67.4	0.8947	0.007261	24.41	169.6	51.78
67.4166666666667	0.8683	0.01357	23.38	170.6	40.05
67.4333333333333	0.8513	0.01041	23.15	171.1	35.01
67.45	0.8466	0.007261	23.17	170.4	29.66
67.4666666666667	0.8513	0.004108	22.65	169.6	21.84
67.4833333333333	0.8438	0.01041	20.2	169.4	12.66
67.5	0.8145	0.01357	16.65	170.4	5.756
67.5166666666667	0.7721	0.007261	12.55	170.6	1.16
67.5333333333333	0.7079	0.007261	6.313	170.6	-2.096
67.55	0.2356	0.004108	1.736	169.4	-4.328
67.5666666666667	-2.104	0.01041	13.47	169.4	-18.15
67.5833333333333	-2.68	0.01357	46.95	170.2	-42.18
67.6	-2.695	0.007261	45.56	171.1	-38.83
67.6166666666667	-2.691	0.007261	45.71	170.6	-36.38
67.6333333333333	-2.678	0.007261	46.13	169.2	-37.47
67.65	-2.697	0.007261	51.21	169.6	-44.81
67.6666666666667	-2.773	0.007261	58.34	170.4	-51.01
67.6833333333333	-2.844	0.007261	65.34	170.9	-53.56
67.7	-2.886	0.007261	71.33	170.4	-56.22
67.7166666666667	-2.901	0.004108	75.59	169.4	-59.85
67.7333333333333	-2.916	0.01041	78.64	169.6	-65.09
67.75	-2.939	0.01357	79.59	170.2	-67.24
67.7666666666667	-2.965	0.01041	80.91	170.4	-65.41
67.7833333333333	-2.969	0.004108	81.8	170.4	-63.95
67.8	-2.958	0.007261	82.54	169.8	-64.66
67.8166666666667	-2.95	0.007261	82.12	169.4	-66.3
67.8333333333333	-2.961	0.01357	80.49	170.2	-66.2
67.85	-2.973	0.01041	77.49	170.4	-59.98
67.8666666666667	-2.969	0.007261	73.96	170.4	-53.29
67.8833333333333	-2.946	0.004108	70.33	169.4	-49.22
67.9	-2.927	0.007261	65.23	169.4	-46.36
67.9166666666667	-2.92	0.01041	59.02	170	-41.67
67.9333333333333	-2.927	0.007261	52.95	170.4	-34.27
67.95	-2.908	0.007261	46.4	170.6	-26.33
67.9666666666667	-2.867	0.007261	38.56	169.8	-20.55
67.9833333333333	-2.829	0.01041	29.06	169.6	-17.29
68	-2.788	0.01357	17.7	170	-11.88
68.0166666666667	-2.691	0.007261	5.392	170.9	-4.681
68.0333333333333	-2.119	0.007261	1.105	170.2	-1.819
68.05	-0.4368	0.007261	0.6576	169.4	-1.064
68.0666666666667	0.5333	0.007261	9.469	169.2	21.02
68.0833333333333	0.5847	0.01041	10.1	169.6	24.71
68.1	0.6173	0.01357	11.13	171.3	31.64
68.1166666666667	0.6687	0.004108	13.84	170.4	39.17
68.1333333333333	0.7334	0.004108	16.62	169.2	43.83
68.15	0.7824	0.007261	18.02	169	47.45
68.1666666666667	0.807	0.01041	18.52	170	50.8
68.1833333333333	0.8155	0.007261	19.31	170.9	56.65
68.2	0.8353	0.004108	21.2	170.4	61.55
68.2166666666667	0.8664	0.007261	22.78	169.6	63.46
68.2333333333333	0.891	0.007261	23.28	169.8	63
68.25	0.8929	0.01041	22.86	170.9	63.68
68.2666666666667	0.8853	0.007261	22.96	170.6	65.73
68.2833333333333	0.8881	0.004108	23.88	170.4	67.89
68.3	0.9013	0.007261	24.54	169.6	67.26
68.3166666666667	0.9117	0.007261	24.43	169.4	64.14
68.3333333333333	0.9089	0.01041	23.3	169.8	62.16
68.35	0.891	0.007261	23.12	170.6	63.17
68.3666666666667	0.8881	0.004108	23.54	170.6	64.26
68.3833333333333	0.8995	0.007261	24.51	169.4	62.93
68.4	0.9089	0.007261	24.57	169.2	52.99
68.4166666666667	0.89	0.007261	24.99	169.4	39.49
68.4333333333333	0.8693	0.01041	23.01	170.6	33.23
68.45	0.856	0.007261	22.96	170.4	29.28
68.4666666666667	0.8598	0.0009541	22.49	169.8	22.59
68.4833333333333	0.856	0.007261	20.75	169.2	13.81
68.5	0.8325	0.01041	17.15	170	5.635
68.5166666666667	0.789	0.007261	12.41	170.9	0.5819
68.5333333333333	0.7145	0.007261	5.76	170.4	-2.858
68.55	0.2417	0.007261	1.867	169.6	-3.819
68.5666666666667	-2.048	0.01041	12.34	169.6	-15.46
68.5833333333333	-2.671	0.01041	46.66	169.8	-42.03
68.6	-2.69	0.01041	45.16	170.6	-39.55
68.6166666666667	-2.699	0.007261	44.77	170.6	-36.44
68.6333333333333	-2.69	0.007261	45.61	169.8	-36.76
68.65	-2.72	0.01041	52.97	169.2	-45.01
68.6666666666667	-2.784	0.01357	59.39	169.8	-52.19
68.6833333333333	-2.852	0.01041	65.18	170.9	-55.16
68.7	-2.897	0.007261	70.96	170.6	-56.63
68.7166666666667	-2.908	0.0009541	75.54	170	-59.53
68.7333333333333	-2.924	0.01041	78.49	169.4	-63.77
68.75	-2.939	0.01041	79.75	169.6	-66.3
68.7666666666667	-2.965	0.007261	80.27	170.6	-65.94
68.7833333333333	-2.976	0.01041	80.96	171.3	-64.1
68.8	-2.969	0.004108	82.22	169.2	-64.45
68.8166666666667	-2.958	0.007261	81.75	169.4	-66.04
68.8333333333333	-2.961	0.01041	80.06	170	-66.12
68.85	-2.976	0.01041	77.22	170.9	-60.26
68.8666666666667	-2.973	0.007261	73.54	170.6	-53.23
68.8833333333333	-2.954	0.004108	70.28	169.8	-48.83
68.9	-2.935	0.007261	65.49	169.4	-45.64
68.9166666666667	-2.924	0.007261	58.97	170	-41.74
68.9333333333333	-2.931	0.01041	52.87	170.9	-34.94
68.95	-2.916	0.007261	46.13	170.6	-26.73
68.9666666666667	-2.874	0.004108	38.59	169.6	-20.54
68.9833333333333	-2.829	0.007261	29.41	169.4	-16.83
69	-2.795	0.01357	18.31	170	-12.07
69.0166666666667	-2.701	0.007261	5.313	170.9	-5.011
69.0333333333333	-2.116	0.007261	0.8154	170.9	-2.29
69.05	-0.4656	0.004108	0.7102	169.4	-0.4178
69.0666666666667	0.5503	0.007261	9.495	169.2	21.01
69.0833333333333	0.5951	0.01041	9.863	170.4	24.37
69.1	0.6324	0.007261	11.15	170.6	31.07
69.1166666666667	0.68	0.0009541	13.89	170.2	39.23
69.1333333333333	0.7433	0.004108	16.25	169.6	44.33
69.15	0.7938	0.007261	18.15	169.4	47.5
69.1666666666667	0.8202	0.01041	18.62	170.2	51.3
69.1833333333333	0.8334	0.007261	19.49	170.4	56.77
69.2	0.8513	0.007261	21.12	170.4	61.48
69.2166666666667	0.8834	0.007261	22.83	169.8	63.06
69.2333333333333	0.9032	0.01041	23.22	169.4	62.93
69.25	0.907	0.01357	22.65	170	63.37
69.2666666666667	0.8966	0.01041	22.62	171.1	66.16
69.2833333333333	0.9023	0.004108	23.75	170.4	68.01
69.3	0.9155	0.007261	24.51	169.4	67.26
69.3166666666667	0.9268	0.007261	23.94	169.4	63.55
69.3333333333333	0.9183	0.01041	22.99	170	62.34
69.35	0.9051	0.01041	23.01	170.6	63.55
69.3666666666667	0.9051	0.007261	23.75	170.4	64.76
69.3833333333333	0.9202	0.004108	24.38	169.6	62.53
69.4	0.9221	0.007261	24.33	169.2	53.49
69.4166666666667	0.9004	0.01041	23.46	170.6	39.78
69.4333333333333	0.8787	0.01041	22.88	171.1	34.49
69.45	0.874	0.0009541	23.04	170.2	29.53
69.4666666666667	0.8796	0.007261	22.54	169.6	21.7
69.4833333333333	0.8702	0.007261	19.99	169.4	12.91
69.5	0.8447	0.007261	16.62	169.8	5.765
69.5166666666667	0.7985	0.007261	12.57	170.9	2.177
69.5333333333333	0.7353	0.007261	6.418	170	-2.339
69.55	0.2417	0.004108	1.867	169.4	-4.392
69.5666666666667	-2.159	0.01041	15.1	169.4	-19.35
69.5833333333333	-2.695	0.01357	46.82	170.6	-42.12
69.6	-2.712	0.01041	45.58	170.9	-38.17
69.6166666666667	-2.706	0.007261	45.77	170.4	-36.24
69.6333333333333	-2.69	0.007261	45.71	169.4	-37.61
69.65	-2.722	0.007261	51.21	169.4	-45.15
69.6666666666667	-2.799	0.01357	58.6	170.4	-51.02
69.6833333333333	-2.867	0.007261	65.44	170.6	-53.24
69.7	-2.905	0.007261	70.54	170.9	-58.29
69.7166666666667	-2.912	0.004108	75.86	169.4	-60.78
69.7333333333333	-2.935	0.01041	78.17	169.6	-65.5
69.75	-2.965	0.01041	79.7	170.4	-66.27
69.7666666666667	-2.984	0.01041	81.01	170.9	-64.56
69.7833333333333	-2.98	0.007261	82.22	170	-64.08
69.8	-2.969	0.01041	82.43	169.4	-65.92
69.8166666666667	-2.969	0.01357	81.17	169.6	-67.18
69.8333333333333	-2.988	0.01041	79.8	170.6	-64.96
69.85	-2.991	0.007261	78.01	170.9	-58.81
69.8666666666667	-2.973	0.007261	74.54	170	-53.15
69.8833333333333	-2.954	0.007261	70.23	169.2	-50.81
69.9	-2.946	0.01041	64.49	169.6	-46.97
69.9166666666667	-2.946	0.01041	58.76	170.6	-40.57
69.9333333333333	-2.946	0.007261	53.42	170.9	-32.76
69.95	-2.912	0.004108	47.08	169.8	-27.11
69.9666666666667	-2.874	0.007261	38.48	169	-22.45
69.9833333333333	-2.848	0.01357	28.22	170.2	-17.84
70	-2.82	0.01041	17.73	170.9	-9.91
70.0166666666667	-2.714	0.004108	5.918	170.6	-3.093
70.0333333333333	-2.133	0.004108	1.841	169.4	-2.723
70.05	-0.4982	0.007261	0.605	169	-3.512
70.0666666666667	0.5583	0.01357	8.443	169.8	20.3
70.0833333333333	0.5965	0.01357	9.416	171.5	26.65
70.1	0.6404	0.007261	11.99	170.2	32.99
70.1166666666667	0.7093	0.007261	14.39	169.4	37.96
70.1333333333333	0.7669	0.01041	15.81	169.4	41.45
70.15	0.7966	0.01041	16.86	170	46.72
70.1666666666667	0.8174	0.01041	18.25	170.6	53.33
70.1833333333333	0.8485	0.007261	20.54	170.6	58.48
70.2	0.8825	0.007261	21.99	169.4	59.95
70.2166666666667	0.9061	0.01041	22.36	169.2	60.71
70.2333333333333	0.9051	0.01041	22.17	170.6	62.78
70.25	0.9013	0.01041	22.62	170.9	66.8
70.2666666666667	0.9146	0.004108	23.94	170	68.14
70.2833333333333	0.9334	0.007261	24.49	169.2	66.61
70.3	0.9391	0.007261	23.72	169.4	64.12
70.3166666666667	0.924	0.007261	22.99	170.6	63.92
70.3333333333333	0.9155	0.007261	23.01	171.3	65.38
70.35	0.9259	0.004108	24.22	170.4	65.19
70.3666666666667	0.9391	0.004108	24.43	169	62.6
70.3833333333333	0.9372	0.01357	23.67	170	59.84
70.4	0.9136	0.01357	23.17	170.6	53.54
70.4166666666667	0.9004	0.004108	23.94	170.4	43.16
70.4333333333333	0.9023	0.007261	24.3	170	35.71
70.45	0.9098	0.007261	23.41	169.6	26.86
70.4666666666667	0.8938	0.01041	21.62	170	19.33
70.4833333333333	0.8636	0.01041	19.2	171.1	13.97
70.5	0.8419	0.004108	17.28	170	9.396
70.5166666666667	0.8268	0.007261	14.05	169.2	2.27
70.5333333333333	0.7711	0.007261	6.47	169.2	-5.578
70.55	0.2544	0.01041	0.7891	170	-7.097
70.5666666666667	-2.136	0.01041	12.68	171.1	-15.63
70.5833333333333	-2.718	0.007261	48.16	170.2	-38.89
70.6	-2.701	0.007261	47.45	169.2	-38.79
70.6166666666667	-2.699	0.007261	46.19	169.2	-40.31
70.6333333333333	-2.708	0.01357	44.69	170.4	-40.08
70.65	-2.746	0.01041	49.71	170.6	-42.67
70.6666666666667	-2.808	0.007261	58.92	170	-47.25
70.6833333333333	-2.852	0.007261	66.44	169.4	-53.41
70.7	-2.89	0.01041	71.33	169.8	-59.72
70.7166666666667	-2.931	0.01357	74.49	170.4	-62.41
70.7333333333333	-2.965	0.01041	77.54	170.9	-62.37
70.75	-2.976	0.007261	80.54	170.4	-63.09
70.7666666666667	-2.969	0.007261	82.06	169.4	-65.85
70.7833333333333	-2.973	0.01041	81.64	169.6	-67.78
70.8	-2.988	0.01041	81.17	170.2	-67.07
70.8166666666667	-3.003	-0.005353	81.06	170.6	-63.57
70.8333333333333	-2.991	-0.0022	81.33	169.8	-62.29
70.85	-2.973	0.0009541	79.17	169.4	-60.29
70.8666666666667	-2.973	0.01357	73.49	169.8	-56.99
70.8833333333333	-2.98	0.01041	69.07	170.6	-50.85
70.9	-2.976	0.007261	64.28	170.9	-43.3
70.9166666666667	-2.954	0.007261	59.97	170	-37.98
70.9333333333333	-2.927	0.01041	54.21	169.4	-35.44
70.95	-2.916	0.01357	46	170.2	-30.62
70.9666666666667	-2.905	0.01041	37.01	171.1	-21.7
70.9833333333333	-2.871	0.01357	28.35	170.6	-16.86
71	-2.818	0.004108	19.54	169.4	-8.692
71.0166666666667	-2.693	0.01041	6.391	169.2	-5.839
71.0333333333333	-2.095	0.01041	0.7628	169.8	-5.882
71.05	-0.4553	0.007261	-0.6313	170.4	-2.052
71.0666666666667	0.5489	0.0009541	9.022	170.2	24.26
71.0833333333333	0.6196	0.007261	10.86	169.4	26.62
71.1	0.6791	0.01041	12.1	169.6	29.92
71.1166666666667	0.7197	0.01357	13.2	170.6	35.89
71.1333333333333	0.7541	0.007261	15.2	170.9	43.98
71.15	0.8032	0.004108	17.91	170	50.29
71.1666666666667	0.8494	0.01041	19.54	169.6	52.95
71.1833333333333	0.8759	0.01041	19.94	169.6	54.72
71.2	0.8778	0.01357	20.23	170.9	58.97
71.2166666666667	0.8891	0.01041	21.62	170.9	63.68
71.2333333333333	0.9146	0.004108	23.28	169.8	66.16
71.25	0.94	0.007261	23.72	169.6	64.88
71.2666666666667	0.9382	0.01357	23.04	169.8	64.05
71.2833333333333	0.9287	0.01041	22.91	170.6	65.83
71.3	0.9278	0.007261	23.62	170.9	68.24
71.3166666666667	0.9429	0.007261	24.38	169.4	66.03
71.3333333333333	0.9533	0.007261	24.12	169.2	63.29
71.35	0.9391	0.01357	22.99	170.6	61.93
71.3666666666667	0.9297	0.007261	23.01	170.9	63.33
71.3833333333333	0.9306	0.007261	23.8	170.2	63.79
71.4	0.9429	0.007261	24.93	169.4	54.69
71.4166666666667	0.9363	0.01041	24.01	169.6	39.34
71.4333333333333	0.9127	0.01041	22.91	170.4	32.39
71.45	0.8947	0.007261	22.41	171.1	28.68
71.4666666666667	0.8938	0.007261	22.3	169.8	22.78
71.4833333333333	0.8938	0.007261	20.59	169.4	13.86
71.5	0.8749	0.01357	16.91	169.8	5.381
71.5166666666667	0.8277	0.01357	12.31	170.4	0.8443
71.5333333333333	0.7607	0.01041	6.023	170.9	-2.737
71.55	0.3186	0.004108	1.762	169.8	-3.691
71.5666666666667	-2.038	0.007261	11.42	169.2	-15.18
71.5833333333333	-2.716	0.01357	47.9	169.8	-42.98
71.6	-2.735	0.01041	46.32	170.6	-39.5
71.6166666666667	-2.733	0.004108	46.5	170.4	-36.65
71.6333333333333	-2.718	0.007261	46.53	169.4	-37.68
71.65	-2.735	0.007261	50.92	169.4	-44.36
71.6666666666667	-2.814	0.01041	57.92	170.2	-50.56
71.6833333333333	-2.878	0.01041	64.65	170.9	-53.18
71.7	-2.914	0.004108	71.23	170.2	-55.9
71.7166666666667	-2.927	0.004108	75.7	169.2	-61.18
71.7333333333333	-2.95	0.01041	78.07	169.4	-65.24
71.75	-2.984	0.01041	79.54	170.6	-66.41
71.7666666666667	-3.003	0.007261	81.01	170.6	-63.97
71.7833333333333	-2.991	0.007261	82.27	170	-64.09
71.8	-2.984	0.007261	82.43	169.2	-66.52
71.8166666666667	-2.995	0.007261	80.75	170	-67.4
71.8333333333333	-3.007	0.01041	79.75	170.9	-64.31
71.85	-3.007	0.007261	78.17	170.9	-58.28
71.8666666666667	-2.991	0.007261	74.54	169.8	-53.69
71.8833333333333	-2.969	0.007261	70.12	169.4	-51.88
71.9	-2.969	0.01357	64.39	170	-46.99
71.9166666666667	-2.969	0.01357	58.55	170.9	-39.53
71.9333333333333	-2.95	0.007261	53.97	170	-32.62
71.95	-2.924	0.007261	47.19	169.4	-27.76
71.9666666666667	-2.89	0.007261	37.77	169.4	-23.65
71.9833333333333	-2.878	0.01357	27.78	170.9	-17.06
72	-2.839	0.01041	17.96	170.9	-8.722
72.0166666666667	-2.718	0.004108	6.207	170	-2.751
72.0333333333333	-2.121	0.007261	1.736	169.4	-4.431
72.05	-0.468	0.01357	-0.0263	169.8	-4.496
72.0666666666667	0.572	0.01357	8.259	170.6	21.82
72.0833333333333	0.6201	0.01041	10.34	170.4	28.65
72.1	0.6777	0.007261	12.49	170.2	32.4
72.1166666666667	0.7419	0.007261	14.31	169	36.04
72.1333333333333	0.7796	0.01357	14.83	170.2	41.24
72.15	0.8098	0.01041	16.94	170.9	48.74
72.1666666666667	0.8438	0.007261	19.17	170.2	54.79
72.1833333333333	0.891	0.004108	20.96	169.2	56.5
72.2	0.9108	0.01041	21.04	169.4	57.77
72.2166666666667	0.9155	0.01041	21.17	170.9	61.05
72.2333333333333	0.9155	0.007261	22.49	170.9	65.83
72.25	0.9363	0.007261	23.8	169.8	66.85
72.2666666666667	0.9353	0.007261	23.36	170.6	67.67
72.2833333333333	0.9561	0.01357	22.96	169.8	64.04
72.3	0.9429	0.007261	22.96	170.9	65.68
72.3166666666667	0.94	0.007261	23.67	170.2	66.97
72.3333333333333	0.9589	0.007261	24.49	169.4	65.19
72.35	0.9665	0.01041	23.91	169.2	62.45
72.3666666666667	0.9561	0.007261	23.2	170	60.72
72.3833333333333	0.94	0.01041	23.15	170.9	62.44
72.4	0.9419	0.007261	24.41	170.2	56.14
72.4166666666667	0.9419	0.007261	24.78	169.4	41.5
72.4333333333333	0.9382	0.01041	23.57	170	31.94
72.45	0.9174	0.01357	22.02	170.4	26.33
72.4666666666667	0.8985	0.007261	21.25	171.1	22.44
72.4833333333333	0.8929	0.004108	20.41	169.8	16.09
72.5	0.8919	0.01041	17.83	169.2	7.112
72.5166666666667	0.8579	0.01041	12.65	170	-1.125
72.5333333333333	0.7806	0.01041	5.471	170.6	-4.966
72.55	0.3195	0.007261	1.131	170.2	-3.25
72.5666666666667	-2.027	0.007261	10.49	169.6	-12.37
72.5833333333333	-2.723	0.007261	49.61	169.4	-42.77
72.6	-2.74	0.01041	47.4	170	-41.93
72.6166666666667	-2.754	0.007261	46.32	171.1	-39.11
72.6333333333333	-2.75	0.007261	46.77	170.4	-37.18
72.65	-2.746	0.004108	50.08	169.2	-41.98
72.6666666666667	-2.803	0.004108	58.6	169.4	-50.21
72.6833333333333	-2.871	0.01041	64.34	170.2	-55.22
72.7	-2.931	0.007261	70.54	170.6	-56.65
72.7166666666667	-2.946	0.004108	75.22	170.2	-59.16
72.7333333333333	-2.961	0.007261	78.8	169.4	-63.86
72.75	-2.98	0.01041	79.7	169.8	-66.93
72.7666666666667	-3.003	0.01041	80.43	171.1	-65.9
72.7833333333333	-3.014	0.007261	81.54	170.6	-63.91
72.8	-2.999	0.007261	82.54	169.4	-64.94
72.8166666666667	-2.995	0.01041	81.8	169.4	-66.73
72.8333333333333	-3.003	0.01041	80.43	170.6	-66.29
72.85	-3.018	0.007261	77.59	170.9	-59.28
72.8666666666667	-3.003	0.007261	74.23	170	-52.77
72.8833333333333	-2.984	0.01041	70.6	169.4	-50.1
72.9	-2.969	0.01041	64.81	169.4	-47.05
72.9166666666667	-2.976	0.01357	58.65	170.4	-40.78
72.9333333333333	-2.969	0.004108	52.74	170.6	-32.83
72.95	-2.935	0.004108	46.82	169.6	-26.71
72.9666666666667	-2.901	0.007261	38.45	169.4	-22.53
72.9833333333333	-2.874	0.01041	28.38	169.6	-17.63
73	-2.841	0.01041	17.68	170.6	-10.11
73.0166666666667	-2.735	0.01041	5.865	170.9	-2.635
73.0333333333333	-2.131	0.0009541	1.894	169.2	-2.457
73.05	-0.4713	0.007261	0.7365	169.4	-3.196
73.0666666666667	0.588	0.01041	8.443	170.2	20.54
73.0833333333333	0.6253	0.01041	9.679	170.6	26.66
73.1	0.6833	0.007261	12.13	170	33.62
73.1166666666667	0.7508	0.007261	14.52	170	37.81
73.1333333333333	0.8041	0.007261	15.83	170	41.17
73.15	0.8315	0.01041	16.49	170.6	47.4
73.1666666666667	0.8523	0.01041	18.44	170.6	53.95
73.1833333333333	0.891	0.007261	20.86	170	57.83
73.2	0.9249	0.007261	21.86	169.2	59.1
73.2166666666667	0.9372	0.01357	21.65	170.2	60.41
73.2333333333333	0.9344	0.007261	22.02	170.6	64.04
73.25	0.9419	0.007261	23.12	170.9	67.28
73.2666666666667	0.9655	0.01041	24.36	169.4	66.65
73.2833333333333	0.9759	0.01041	23.83	169.2	64.87
73.3	0.9684	0.007261	23.09	170.2	64.15
73.3166666666667	0.9551	0.007261	23.17	171.1	66.12
73.3333333333333	0.9608	0.007261	24.09	170.4	66.32
73.35	0.9759	0.007261	24.43	169.6	63.84
73.3666666666667	0.9797	0.01041	23.78	169.8	60.9
73.3833333333333	0.9627	0.01672	22.96	170.2	60.53
73.4	0.9495	0.01041	23.46	171.1	55.55
73.4166666666667	0.9514	0.004108	24.65	169.6	42.77
73.4333333333333	0.9533	0.007261	24.38	169.2	33.6
73.45	0.9438	0.01041	22.83	169.8	25.63
73.4666666666667	0.9183	0.01041	20.83	170.9	20.91
73.4833333333333	0.8985	0.007261	19.86	170.6	16.26
73.5	0.8947	0.0009541	17.91	169.6	8.761
73.5166666666667	0.8759	0.007261	13.18	169.4	-0.4122
73.5333333333333	0.8013	0.01041	5.629	170.2	-6.169
73.55	0.3247	0.01041	0.3682	170.9	-4.736
73.5666666666667	-2.044	0.007261	10.34	170.4	-11.6
73.5833333333333	-2.74	0.007261	50.58	169.6	-41.59
73.6	-2.739	0.01041	48.4	169.4	-42.18
73.6166666666667	-2.75	0.01041	47.03	170.2	-40.95
73.6333333333333	-2.767	0.007261	46.66	170.6	-37.86
73.65	-2.765	0.007261	49.45	170.2	-39.9
73.6666666666667	-2.81	0.007261	58.08	169.4	-48.03
73.6833333333333	-2.871	0.01041	64.65	169.6	-55.74
73.7	-2.931	0.01041	70.12	170.9	-58.64
73.7166666666667	-2.961	0.004108	74.65	170.9	-59.18
73.7333333333333	-2.973	0.007261	78.75	169.6	-62.35
73.75	-2.984	0.007261	80.91	169.2	-66.19
73.7666666666667	-2.999	0.01041	81.22	169.8	-67.73
73.7833333333333	-3.025	0.01041	81.38	170.9	-65.32
73.8	-3.022	0.007261	81.85	170.2	-63.65
73.8166666666667	-3.01	0.004108	82.27	169.6	-64.75
73.8333333333333	-2.999	0.007261	81.12	169.4	-66.33
73.85	-3.01	0.01357	77.64	170.4	-61.79
73.8666666666667	-3.018	0.007261	73.07	170.9	-53.92
73.8833333333333	-2.999	0.004108	69.91	170	-47.93
73.9	-2.976	0.007261	65.18	169	-44.99
73.9166666666667	-2.969	0.01357	59.02	169.6	-41.82
73.9333333333333	-2.973	0.01041	52.84	170.6	-35.02
73.95	-2.946	0.01041	45.61	170.4	-26.66
73.9666666666667	-2.924	0.007261	38.09	170	-20.23
73.9833333333333	-2.874	0.007261	28.88	169.4	-16.9
74	-2.841	0.01041	17.78	170	-11.62
74.0166666666667	-2.742	0.01357	5.076	170.9	-4.749
74.0333333333333	-2.195	0.007261	1.078	170.6	-1.697
74.05	-0.5765	0.007261	0.8943	169.4	-1.841
74.0666666666667	0.6145	0.01041	9.258	169.4	20.81
74.0833333333333	0.6588	0.01357	9.837	170.2	25.25
74.1	0.6942	0.01041	11.44	170.9	32.9
74.1166666666667	0.7532	0.007261	14.2	169.6	39.22
74.1333333333333	0.8155	0.004108	16.54	169.4	42.89
74.15	0.8589	0.01041	17.25	169.6	46.32
74.1666666666667	0.874	0.01041	18.07	170.9	52.09
74.1833333333333	0.8929	0.01041	19.73	171.1	57.94
74.2	0.9297	0.004108	21.78	169.6	61.19
74.2166666666667	0.9561	0.007261	22.46	169.4	61.37
74.2333333333333	0.9646	0.01041	22.25	170.2	62.05
74.25	0.9551	0.01041	22.41	170.9	65.61
74.2666666666667	0.9617	0.004108	23.51	170.4	68.22
74.2833333333333	0.9806	0.004108	24.41	169.4	67.47
74.3	0.9938	0.01041	23.86	169.8	64.84
74.3166666666667	0.9816	0.01041	23.22	170.4	63.57
74.3333333333333	0.9693	0.01041	22.99	171.3	64.9
74.35	0.9759	0.01041	23.91	170.2	65.55
74.3666666666667	0.9882	0.007261	24.36	169.6	63.13
74.3833333333333	0.9929	0.007261	23.88	169.6	60.13
74.4	0.9702	0.01041	23.33	170.4	52.3
74.4166666666667	0.9523	0.01041	23.72	170.9	42.62
74.4333333333333	0.9504	0.007261	24.07	170.4	35.49
74.45	0.9589	0.007261	23.65	169.4	27.1
74.4666666666667	0.9495	0.01041	21.54	169.8	19.07
74.4833333333333	0.9193	0.01357	18.99	170.9	13.2
74.5	0.8938	0.007261	16.89	171.1	9.309
74.5166666666667	0.8768	0.004108	13.65	169.6	2.325
74.5333333333333	0.823	0.01041	6.602	169.4	-4.749
74.55	0.3417	0.01041	0.9206	170	-7.283
74.5666666666667	-2.021	0.01041	8.653	171.1	-12.79
74.5833333333333	-2.757	0.007261	48.95	170.6	-39.5
74.6	-2.742	0.007261	48.16	169.4	-39.21
74.6166666666667	-2.737	0.01041	47	169.4	-40.6
74.6333333333333	-2.75	0.01357	45.58	170.2	-40.69
74.65	-2.78	0.01357	49.69	170.9	-41.9
74.6666666666667	-2.839	0.007261	58.81	170.2	-46.87
74.6833333333333	-2.878	0.007261	66.18	169.6	-53.69
74.7	-2.924	0.01357	71.02	170	-60.28
74.7166666666667	-2.969	0.01357	74.38	170.6	-62.37
74.7333333333333	-2.995	0.01041	77.75	170.6	-61.98
74.75	-3.003	0.007261	80.49	170	-62.97
74.7666666666667	-2.999	0.007261	81.7	169	-66.13
74.7833333333333	-3.003	0.01041	81.38	169.6	-67.8
74.8	-3.025	0.01041	80.64	171.1	-65.85
74.8166666666667	-3.029	0.01041	80.7	170.4	-62.93
74.8333333333333	-3.022	0.007261	80.96	170.2	-62.65
74.85	-3.007	0.007261	78.7	169.6	-61.17
74.8666666666667	-3.007	0.01357	73.12	170	-56.48
74.8833333333333	-3.014	0.007261	68.54	170.6	-49.8
74.9	-3.003	0.007261	64.76	170.6	-43.11
74.9166666666667	-2.973	0.007261	60.5	169.4	-39.36
74.9333333333333	-2.954	0.01041	53.81	169.8	-36.39
74.95	-2.954	0.01357	45.92	170.4	-30.37
74.9666666666667	-2.935	0.007261	37.38	170.6	-20.64
74.9833333333333	-2.897	0.007261	28.99	170	-13.87
75	-2.841	0.007261	19.33	169.2	-10.15
75.0166666666667	-2.731	0.01041	5.997	169.8	-7.042
75.0333333333333	-2.242	0.01041	0.3682	170.6	-4.525
75.05	-0.593	0.007261	-0.0263	170.4	-1.084
75.0666666666667	0.6258	0.007261	9.811	170	24.31
75.0833333333333	0.6885	0.007261	10.94	169.2	26.29
75.1	0.7253	0.01041	11.42	170	29.39
75.1166666666667	0.7551	0.01041	12.97	170.9	37.6
75.1333333333333	0.8079	0.007261	15.65	170.4	44.67
75.15	0.8645	0.007261	18.2	169.8	49.24
75.1666666666667	0.907	0.01041	19.1	169.6	51.39
75.1833333333333	0.9212	0.01357	19.57	170.4	55.2
75.2	0.9306	0.007261	20.65	171.1	60.59
75.2166666666667	0.9551	0.004108	22.62	169.8	64.16
75.2333333333333	0.9627	0.007261	22.83	170.2	66
75.25	0.9929	0.01357	23.2	169.4	63.77
75.2666666666667	0.9797	0.01357	22.75	170.6	65.41
75.2833333333333	0.9787	0.01041	23.44	170.4	67.77
75.3	0.991	0.007261	24.25	170.2	67.7
75.3166666666667	1.008	0.007261	24.28	169.6	64.07
75.3333333333333	1.002	0.01357	23.17	170	62.29
75.35	0.9872	0.01357	22.96	170.4	63.18
75.3666666666667	0.9844	0.004108	23.83	170.6	64.64
75.3833333333333	0.9967	0.007261	24.46	169.2	62.37
75.4	1.003	0.007261	24.28	169.4	52.75
75.4166666666667	0.9787	0.01041	23.38	170	39.89
75.4333333333333	0.9589	0.01041	23.01	170.6	34.79
75.45	0.9542	0.007261	23.25	170	29.64
75.4666666666667	0.9627	0.007261	22.46	169.4	21.31
75.4833333333333	0.9504	0.01041	19.78	169.8	12.32
75.5	0.9193	0.01672	16.31	171.1	6.312
75.5166666666667	0.8787	0.01041	12.57	171.1	2.362
75.5333333333333	0.8221	0.01041	6.654	170.4	-2.664
75.55	0.346	0.004108	1.92	169.2	-5.409
75.5666666666667	-2.021	0.01041	9.837	169.8	-15.52
75.5833333333333	-2.757	0.01357	48	170.9	-41.43
75.6	-2.767	0.01041	46.79	170.6	-38.06
75.6166666666667	-2.754	0.007261	46.98	169.6	-37.3
75.6333333333333	-2.74	0.004108	46.66	169.4	-39.47
75.65	-2.774	0.01041	50.74	169.6	-45.31
75.6666666666667	-2.848	0.01357	58.08	170.4	-48.67
75.6833333333333	-2.901	0.004108	65.6	170	-51.92
75.7	-2.927	0.007261	71.54	169.6	-57.29
75.7166666666667	-2.954	0.01041	75.22	169.2	-62.2
75.7333333333333	-2.991	0.01041	77.33	170.2	-64.82
75.75	-3.018	0.01041	79.54	170.9	-63.99
75.7666666666667	-3.025	0.007261	81.54	170.2	-63.58
75.7833333333333	-3.01	0.007261	82.12	169	-66.27
75.8	-3.018	0.01357	81.38	170	-67.62
75.8166666666667	-3.033	0.01041	80.38	170.6	-66.12
75.8333333333333	-3.041	0.007261	80.38	170.9	-62.08
75.85	-3.022	0.007261	78.75	169.8	-58.94
75.8666666666667	-3.003	0.007261	74.17	169.8	-55.41
75.8833333333333	-2.999	0.01357	68.91	170	-51.78
75.9	-3.007	0.01041	64.07	171.1	-45.24
75.9166666666667	-3.003	0.007261	59.55	170.9	-38.08
75.9333333333333	-2.969	0.004108	54.52	169.2	-34.06
75.95	-2.946	0.01041	46.71	169.6	-30.09
75.9666666666667	-2.931	0.01357	36.82	170.4	-23.75
75.9833333333333	-2.912	0.01041	27.46	170.6	-15.14
76	-2.859	0.007261	18.54	169.8	-7.91
76.0166666666667	-2.735	0.01041	6.812	169.6	-4.395
76.0333333333333	-2.221	0.01041	1.473	169.6	-5.557
76.05	-0.6681	0.01357	-0.5523	170.6	-3.614
76.0666666666667	0.6187	0.01041	8.759	170.9	23.85
76.0833333333333	0.6895	0.004108	10.99	169.8	28.7
76.1	0.7456	0.007261	12.63	169.2	31.06
76.1166666666667	0.7947	0.01041	13.41	169.6	35.31
76.1333333333333	0.8277	0.01357	14.83	170.6	42.68
76.15	0.8636	0.01041	17.31	170.2	49.94
76.1666666666667	0.907	0.007261	19.38	169.8	53.75
76.1833333333333	0.9419	0.007261	20.52	169.4	55.14
76.2	0.9561	0.01041	20.59	169.8	58.05
76.2166666666667	0.9608	0.01357	21.12	170.9	62.43
76.2333333333333	0.975	0.007261	22.8	170.4	66.05
76.25	1.004	0.004108	23.99	169.2	66.12
76.2666666666667	1.015	0.01041	23.62	169.6	64.45
76.2833333333333	1.006	0.01357	23.09	169.8	64.77
76.3	0.9948	0.007261	23.17	171.1	67.17
76.3166666666667	1.003	0.007261	24.04	170	66.8
76.3333333333333	1.018	0.004108	24.3	169.2	64.45
76.35	1.018	0.007261	23.44	169.8	61.45
76.3666666666667	1.005	0.01041	22.86	170.6	61.57
76.3833333333333	0.9948	0.007261	23.07	171.1	62.84
76.4	1.002	0.007261	24.7	169.8	55.73
76.4166666666667	1.003	0.007261	24.59	169.2	40.78
76.4333333333333	0.9938	0.007261	23.59	169.4	32.06
76.45	0.9665	0.01357	22.15	170.9	27.33
76.4666666666667	0.9551	0.007261	21.78	170.4	23.07
76.4833333333333	0.9523	0.007261	20.49	169.8	15.7
76.5	0.9457	0.007261	17.7	169.2	6.662
76.5166666666667	0.9117	0.007261	13.76	169.4	1.117
76.5333333333333	0.8249	0.01041	4.892	171.1	-4.461
76.55	0.353	0.007261	0.9995	170.4	-3.317
76.5666666666667	-1.961	0.007261	9.337	169.6	-11.31
76.5833333333333	-2.748	0.01041	49.5	169.6	-43.12
76.6	-2.767	0.01357	46.82	170.2	-41.62
76.6166666666667	-2.778	0.007261	46.4	170.9	-38.59
76.6333333333333	-2.773	0.007261	46.74	170.2	-37.19
76.65	-2.769	0.01041	50.9	169.4	-42.72
76.6666666666667	-2.833	0.01041	58.18	169.6	-50.69
76.6833333333333	-2.897	0.01357	64.55	170.4	-55.31
76.7	-2.954	0.01041	70.6	170.6	-56.66
76.7166666666667	-2.973	0.004108	75.33	169.8	-59.3
76.7333333333333	-2.988	0.007261	78.85	169.4	-63.81
76.75	-3.003	0.01041	79.85	170	-66.68
76.7666666666667	-3.029	0.01041	80.49	170.9	-66.71
76.7833333333333	-3.041	0.007261	81.43	170.6	-64
76.8	-3.029	0.01041	82.33	170	-64.38
76.8166666666667	-3.018	0.01041	81.7	169.2	-65.95
76.8333333333333	-3.025	0.01041	80.12	170	-66.23
76.85	-3.033	0.007261	77.59	170.4	-60.81
76.8666666666667	-3.037	0.007261	73.75	170.6	-52.8
76.8833333333333	-3.014	0.01041	70.17	169.2	-48.45
76.9	-2.995	0.01041	65.18	169.6	-46.66
76.9166666666667	-2.988	0.007261	58.86	170.6	-41.91
76.9333333333333	-2.995	0.01357	53.1	171.1	-34.37
76.95	-2.976	0.004108	46.71	170.6	-26.74
76.9666666666667	-2.931	0.007261	38.69	169.6	-21.08
76.9833333333333	-2.893	0.01041	28.85	169.6	-17.5
77	-2.856	0.01357	17.94	170.2	-11.75
77.0166666666667	-2.763	0.01041	5.445	170.9	-4.089
77.0333333333333	-2.225	0.004108	1.394	170	-1.751
77.05	-0.6133	0.01041	0.8943	169.6	-1.716
77.0666666666667	0.6536	0.01041	8.969	169.4	20.86
77.0833333333333	0.6989	0.01357	9.679	170.2	25.44
77.1	0.7334	0.01357	11.1	171.1	32.24
77.1166666666667	0.7881	0.004108	13.81	170.4	39.12
77.1333333333333	0.8532	0.004108	16.23	169.4	43.07
77.15	0.8985	0.007261	17.57	169.6	46.87
77.1666666666667	0.9155	0.01672	17.96	170.6	51.82
77.1833333333333	0.9315	0.007261	19.67	170.9	57.54
77.2	0.9599	0.007261	21.33	169.8	61.49
77.2166666666667	0.9967	0.007261	22.65	169.4	62.49
77.2333333333333	1.008	0.007261	22.46	169.8	62.28
77.25	1.005	0.01041	22.36	170.6	64.25
77.2666666666667	1.002	0.01357	23.04	170.9	67.69
77.2833333333333	1.015	0.004108	24.04	170.2	67.75
77.3	1.033	0.01041	24.07	169.4	65.78
77.3166666666667	1.032	0.01041	23.65	169.6	63.29
77.3333333333333	1.014	0.01357	22.86	170.6	63.8
77.35	1.009	0.01041	23.12	170.9	65.2
77.3666666666667	1.018	0.007261	24.04	169.8	64.51
77.3833333333333	1.033	0.004108	24.25	169.2	60.81
77.4	1.025	0.01357	23.88	169.6	52.35
77.4166666666667	0.9976	0.01357	23.2	170.4	40.76
77.4333333333333	0.9863	0.004108	23.46	170.6	35.99
77.45	0.9891	0.007261	23.33	169.8	28.93
77.4666666666667	0.991	0.004108	22.2	169.4	20.47
77.4833333333333	0.974	0.007261	19.17	170	12.25
77.5	0.94	0.01041	16.36	170.6	7.274
77.5166666666667	0.9042	0.01357	12.76	170.6	2.816
77.5333333333333	0.8551	0.007261	6.523	169.4	-3.345
77.55	0.3705	0.007261	1.473	169.4	-6.437
77.5666666666667	-2.008	0.01041	8.89	169.8	-14.86
77.5833333333333	-2.776	0.01041	48.29	170.9	-41.24
77.6	-2.78	0.007261	47.37	170.6	-38.12
77.6166666666667	-2.767	0.007261	47.55	169.4	-37.9
77.6333333333333	-2.756	0.007261	46.63	169.4	-40.34
77.65	-2.78	0.01357	49.63	170.2	-44.8
77.6666666666667	-2.859	0.007261	57.87	170.6	-49
77.6833333333333	-2.916	0.007261	65.55	170.4	-51.94
77.7	-2.95	0.007261	71.59	169.4	-56.83
77.7166666666667	-2.965	0.01357	75.75	169.6	-62.48
77.7333333333333	-2.999	0.01357	77.54	170.2	-65.36
77.75	-3.029	0.01041	79.38	170.9	-64.73
77.7666666666667	-3.041	0.007261	81.22	170.6	-63.6
77.7833333333333	-3.025	0.004108	82.38	169.4	-64.76
77.8	-3.041	0.007261	82.01	170.2	-63.59
77.8166666666667	-3.029	0.007261	80.8	170	-67.36
77.8333333333333	-3.048	0.01357	79.85	170.9	-63.68
77.85	-3.048	0.01041	78.07	170.4	-58.37
77.8666666666667	-3.025	0.007261	74.44	170	-53.57
77.8833333333333	-3.007	0.007261	69.86	169.2	-50.63
77.9	-3.007	0.01357	64.13	170	-46.94
77.9166666666667	-3.014	0.01357	58.81	170.4	-40.26
77.9333333333333	-2.999	0.007261	53.31	170.9	-32.45
77.95	-2.969	0.004108	46.9	169.4	-27.24
77.9666666666667	-2.931	0.01041	37.9	169.4	-22.87
77.9833333333333	-2.905	0.01041	28.06	169.6	-17.9
78	-2.878	0.01041	17.52	170.9	-9.982
78.0166666666667	-2.765	0.004108	5.997	170.6	-2.896
78.0333333333333	-2.223	0.004108	1.894	169.6	-2.532
78.05	-0.6195	0.01041	0.9469	169	-3.776
78.0666666666667	0.6607	0.01357	8.653	169.6	20.6
78.0833333333333	0.7051	0.01357	9.89	170.6	26.7
78.1	0.7456	0.007261	11.84	170.4	33.33
78.1166666666667	0.8089	0.007261	14.18	170.2	38.48
78.1333333333333	0.8683	0.007261	16.23	169.4	42.24
78.15	0.907	0.01357	16.89	170	46.42
78.1666666666667	0.9249	0.01357	17.99	170.6	52.45
78.1833333333333	0.9457	0.01041	19.6	170.9	57.98
78.2	0.9797	0.01041	21.94	169.8	61.16
78.2166666666667	1.011	0.01041	22.57	169.6	61.97
78.2333333333333	1.021	0.01041	22.67	169.4	62.22
78.25	1.014	0.01041	22.28	170.9	64.68
78.2666666666667	1.015	0.007261	23.2	170.6	67.55
78.2833333333333	1.025	0.004108	24.04	170.2	68.12
78.3	1.045	0.01041	24.12	169.6	65.45
78.3166666666667	1.045	0.01041	23.59	169.6	63.22
78.3333333333333	1.031	0.01041	22.78	170.4	63.03
78.35	1.022	0.007261	23.04	170.6	64.62
78.3666666666667	1.028	0.007261	23.96	169.6	64.57
78.3833333333333	1.041	0.007261	24.22	169.4	61.83
78.4	1.042	0.004108	23.99	169.4	53.17
78.4166666666667	1.015	0.01041	23.22	170.4	39.67
78.4333333333333	0.9985	0.01357	22.86	170.9	34.71
78.45	0.9957	0.007261	22.96	170.4	29.56
78.4666666666667	1	0.01041	22.36	169.4	21.11
78.4833333333333	0.9929	0.01041	20.09	169	12.58
78.5	0.9617	0.01357	16.25	170.2	6.133
78.5166666666667	0.9174	0.007261	12.49	170.6	2.178
78.5333333333333	0.856	0.01041	6.313	170.2	-2.404
78.55	0.4196	0.007261	1.71	169.4	-4.641
78.5666666666667	-1.891	0.01357	7.601	169.2	-12.28
78.5833333333333	-2.769	0.01357	48.74	170.2	-43.6
78.6	-2.786	0.01357	47.24	170.9	-40.25
78.6166666666667	-2.79	0.007261	46.95	170.6	-37.6
78.6333333333333	-2.773	0.01041	47.42	169.4	-38.17
78.65	-2.776	0.004108	50.08	169.4	-43.72
78.6666666666667	-2.848	0.007261	55.45	170.2	-50.31
78.6833333333333	-2.916	0.01041	64.13	170.9	-53.87
78.7	-2.965	0.007261	70.6	170.4	-56.27
78.7166666666667	-2.976	0.01041	75.59	169.8	-60.1
78.7333333333333	-2.991	0.007261	78.8	169.4	-64.54
78.75	-3.018	0.01041	80.12	170	-67.02
78.7666666666667	-3.041	0.01041	80.54	170.4	-65.59
78.7833333333333	-3.056	0.007261	81.38	170.6	-64.01
78.8	-3.044	0.007261	82.12	170.2	-64.12
78.8166666666667	-3.025	0.01041	81.85	169.4	-66.22
78.8333333333333	-3.037	0.007261	80.17	169.6	-66.29
78.85	-3.048	0.01041	77.28	170.9	-60.69
78.8666666666667	-3.048	0.007261	73.33	171.1	-53.61
78.8833333333333	-3.025	0.01041	70.17	170	-48.54
78.9	-3.003	0.007261	65.23	169.4	-45.47
78.9166666666667	-2.999	0.01041	59.44	169.6	-41.96
78.9333333333333	-2.999	0.01357	52.92	170.6	-35.89
78.95	-2.991	0.01041	45.92	170.6	-26.94
78.9666666666667	-2.958	0.007261	38.09	170.4	-19.85
78.9833333333333	-2.908	0.01041	29.3	169.4	-15.98
79	-2.859	0.01041	18.31	169.4	-11.87
79.0166666666667	-2.756	0.01672	5.155	170	-6.321
79.0333333333333	-2.189	0.007261	0.4734	170.9	-2.884
79.05	-0.5473	0.004108	0.3419	170	-0.5589
79.0666666666667	0.6833	0.0009541	9.995	169	23.48
79.0833333333333	0.7206	0.007261	10.84	170	28.24
79.1	0.7702	0.01041	11.13	170	29.44
79.1166666666667	0.8107	0.01041	12.94	170.6	37.26
79.1333333333333	0.8598	0.007261	15.68	170.6	45.09
79.15	0.9155	0.007261	18.25	169.4	49.35
79.1666666666667	0.958	0.007261	19.41	169.4	51.75
79.1833333333333	0.9759	0.01041	19.36	170.4	54.59
79.2	0.9844	0.01357	20.23	170.9	59.67
79.2166666666667	0.9976	0.007261	21.65	171.1	63.92
79.2333333333333	1.026	0.007261	23.3	169.6	65.65
79.25	1.048	0.01041	23.57	169.6	64.81
79.2666666666667	1.05	0.01672	23.2	169.8	64.05
79.2833333333333	1.039	0.01357	22.7	170.6	65.37
79.3	1.034	0.007261	23.44	170.6	67.6
79.3166666666667	1.043	0.01041	24.01	169.8	66.91
79.3333333333333	1.058	0.0009541	24.36	169.2	64.42
79.35	1.057	0.01041	23.36	170	61.43
79.3666666666667	1.045	0.01357	22.7	170.6	61.42
79.3833333333333	1.033	0.01041	22.91	170.6	62.7
79.4	1.036	0.007261	24.25	170.2	55.64
79.4166666666667	1.038	0.01041	24.83	169.4	41.46
79.4333333333333	1.036	0.007261	23.8	169.2	32.18
79.45	1.014	0.01041	22.09	170.4	26.05
79.4666666666667	0.9929	0.01041	20.96	171.1	21.33
79.4833333333333	0.9806	0.01357	18.94	170.6	15.93
79.5	0.9787	0.01041	17.6	169.6	8.436
79.5166666666667	0.9599	0.01041	13.57	169	-0.1496
79.5333333333333	0.8891	0.01041	6.102	170	-6.351
79.55	0.4304	0.01041	0.3945	170.6	-5.303
79.5666666666667	-1.865	0.004108	5.971	170.6	-8.569
79.5833333333333	-2.788	0.01041	50.82	170	-40.76
79.6	-2.778	0.01041	49.29	169.4	-41.54
79.6166666666667	-2.782	0.01357	47.61	170	-42.02
79.6333333333333	-2.791	0.01357	46.66	170.4	-40.77
79.65	-2.812	0.01357	49.05	170.4	-41.18
79.6666666666667	-2.856	0.004108	58.13	170	-46.47
79.6833333333333	-2.905	0.007261	65.76	169.4	-53.1
79.7	-2.946	0.01041	70.54	169.8	-59.75
79.7166666666667	-2.988	0.01041	74.12	170.2	-62.57
79.7333333333333	-3.025	0.01041	77.43	170.9	-63.13
79.75	-3.037	0.007261	80.38	170	-62.72
79.7666666666667	-3.033	0.004108	82.06	169.8	-64.31
79.7833333333333	-3.033	0.007261	82.06	168.5	-66.8
79.8	-3.044	0.01041	81.22	170.2	-67.71
79.8166666666667	-3.059	0.01041	80.64	170.9	-65.54
79.8333333333333	-3.063	0.007261	80.27	170.9	-62.49
79.85	-3.048	0.004108	79.12	169.4	-58.74
79.8666666666667	-3.033	0.004108	74.49	169.6	-55.49
79.8833333333333	-3.025	0.01041	69.54	169.2	-52.04
79.9	-3.029	0.01672	63.97	170.2	-46.5
79.9166666666667	-3.025	0.01041	58.92	170.4	-38.81
79.9333333333333	-3.007	0.007261	53.66	170.4	-32.51
79.95	-2.976	0.007261	46.71	169.6	-27.45
79.9666666666667	-2.946	0.01041	37.74	169.4	-23.4
79.9833333333333	-2.92	0.01041	27.67	170	-17.52
80	-2.882	0.01357	16.94	170.9	-9.917
80.0166666666667	-2.78	0.01041	5.997	170.4	-2.826
80.0333333333333	-2.199	0.004108	1.973	169.6	-2.335
80.05	-0.5633	0.01357	0.8154	169.2	-2.807
80.0666666666667	0.6904	0.01357	8.785	169.6	20.72
80.0833333333333	0.7338	0.007261	9.811	170.4	25.93
80.1	0.7683	0.01041	11.2	170.9	32.17
80.1166666666667	0.8287	0.007261	13.94	170.2	38.67
80.1333333333333	0.8938	0.007261	16.44	169.4	43.69
80.15	0.94	0.01041	17.73	169.4	46.6
80.1666666666667	0.958	0.01357	17.99	170.2	51.1
80.1833333333333	0.9731	0.007261	19.23	171.1	56.87
80.2	0.9948	0.01041	21.09	170.6	61.45
80.2166666666667	1.028	0.007261	22.54	169.6	63.23
80.2333333333333	1.049	0.004108	23.2	169.2	63.22
80.25	1.054	0.01041	22.86	169.6	63.22
80.2666666666667	1.044	0.01357	22.59	170.9	65.3
80.2833333333333	1.044	0.007261	23.25	171.1	67.84
80.3	1.053	0.007261	23.94	170.2	67.78
80.3166666666667	1.071	0.007261	24.43	169.2	64.99
80.3333333333333	1.071	0.01357	23.62	169.8	62.44
80.35	1.061	0.01357	22.8	170.4	61.99
80.3666666666667	1.05	0.007261	22.83	170.9	62.88
80.3833333333333	1.049	0.01041	23.57	170.4	63.78
80.4	1.058	0.0009541	24.67	169.4	56.34
80.4166666666667	1.057	0.01357	24.54	169.4	40.31
80.4333333333333	1.043	0.01357	23.25	169.8	31.91
80.45	1.022	0.01357	21.78	170.9	26.93
80.4666666666667	1.007	0.007261	21.38	170.6	22.8
80.4833333333333	0.9995	0.01041	20.07	170.2	16
80.5	0.9929	0.01041	17.7	169.2	7.869
80.5166666666667	0.9693	0.007261	13.07	169.4	-0.1571
80.5333333333333	0.8929	0.01041	5.392	170.2	-6.163
80.55	0.4149	0.01357	0.2104	170.6	-5.112
80.5666666666667	-1.884	0.01041	6.286	170.6	-8.768
80.5833333333333	-2.79	0.007261	50.84	169.2	-41.27
80.6	-2.784	0.01041	49.11	169.2	-41.54
80.6166666666667	-2.788	0.01041	47.71	169.6	-42.08
80.6333333333333	-2.805	0.01357	46.56	170.4	-40.58
80.65	-2.816	0.01357	48.61	170.6	-40.65
80.6666666666667	-2.867	0.007261	57.55	170.2	-46.35
80.6833333333333	-2.908	0.007261	65.55	169.8	-53.05
80.7	-2.946	0.01041	70.91	168.8	-59.27
80.7166666666667	-2.991	0.01041	74.38	169.8	-62.76
80.7333333333333	-3.033	0.01357	77.38	170.6	-63.67
80.75	-3.048	0.007261	80.12	170.6	-63.14
80.7666666666667	-3.056	0.01357	80.59	170.6	-66.26
80.7833333333333	-3.041	0.007261	82.33	169.4	-66.56
80.8	-3.044	0.01041	81.75	169.6	-67.56
80.8166666666667	-3.056	0.01357	80.43	170.4	-66.86
80.8333333333333	-3.067	0.01041	80.01	170.9	-62.96
80.85	-3.063	0.004108	78.59	170.6	-58.31
80.8666666666667	-3.044	0.007261	74.7	169.4	-54.17
80.8833333333333	-3.029	0.01041	70.02	169.2	-51.64
80.9	-3.022	0.01357	64.34	169.8	-47.28
80.9166666666667	-3.022	0.01357	58.65	170.6	-40.54
80.9333333333333	-3.018	0.007261	53.55	170.6	-32.85
80.95	-2.991	0.007261	46.84	169.8	-26.66
80.9666666666667	-2.958	0.007261	38.38	169.2	-21.48
80.9833333333333	-2.92	0.007261	28.88	169	-17.43
81	-2.878	0.01357	17.54	170.4	-11.89
81.0166666666667	-2.78	0.01357	4.971	170.9	-4.949
81.0333333333333	-2.199	0.01041	0.9206	170.9	-1.964
81.05	-0.5723	0.007261	0.9206	169.4	-1.324
81.0666666666667	0.7154	0.004108	9.916	169.2	22.89
81.0833333333333	0.764	0.01041	10.52	169.4	25.18
81.1	0.789	0.01357	10.99	170.2	29.88
81.1166666666667	0.8334	0.007261	13.02	170.9	37.76
81.1333333333333	0.8844	0.007261	15.57	170.4	44.95
81.15	0.9419	0.004108	17.99	169.6	49.14
81.1666666666667	0.9825	0.007261	19.23	169.6	52.05
81.1833333333333	1.008	0.01357	19.91	169.6	54.78
81.2	1.016	0.01041	20.2	170.6	58.64
81.2166666666667	1.023	0.007261	21.57	170.2	63.67
81.2333333333333	1.041	0.007261	22.59	170	66.33
81.25	1.067	0.01041	23.72	169.4	65.82
81.2666666666667	1.078	0.007261	23.62	169.2	64.86
81.2833333333333	1.073	0.01041	22.99	170	64.28
81.3	1.062	0.01041	22.65	170.9	66.31
81.3166666666667	1.059	0.007261	23.46	170.4	66.76
81.3333333333333	1.067	0.007261	23.99	169.8	66
81.35	1.082	0.007261	24.22	169.4	63.9
81.3666666666667	1.083	0.01357	23.3	169.6	61.1
81.3833333333333	1.075	0.007261	22.99	170	59.95
81.4	1.055	0.01357	23.09	171.1	55.3
81.4166666666667	1.046	0.007261	24.09	170.4	43.86
81.4333333333333	1.048	0.007261	24.09	170	35.59
81.45	1.05	0.01041	23.28	169.4	27.14
81.4666666666667	1.041	0.01041	21.25	169.6	19.38
81.4833333333333	1.016	0.01041	18.83	170.6	12.93
81.5	0.9863	0.01041	16.1	170.6	7.907
81.5166666666667	0.9599	0.004108	13.18	170.2	3.14
81.5333333333333	0.908	0.007261	7.023	169.6	-3.283
81.55	0.4922	0.007261	1.683	169	-5.909
81.5666666666667	-1.797	0.01357	5.313	170.2	-11.83
81.5833333333333	-2.799	0.01357	49.24	170.4	-43.29
81.6	-2.816	0.01041	48.13	171.5	-39.94
81.6166666666667	-2.814	0.007261	48.03	170.4	-38
81.6333333333333	-2.799	0.007261	48.26	169.8	-38.78
81.65	-2.797	0.01041	50.32	169.4	-43.2
81.6666666666667	-2.859	0.01357	57.39	170	-50.38
81.6833333333333	-2.931	0.01357	64.13	170.9	-54.41
81.7	-2.984	0.007261	70.33	170.9	-56.75
81.7166666666667	-3.007	0.007261	75.22	170	-59.06
81.7333333333333	-3.014	0.007261	78.8	169.2	-63.16
81.75	-3.025	0.01041	80.7	169.2	-66.15
81.7666666666667	-3.048	0.01041	80.8	170	-67.44
81.7833333333333	-3.067	0.01041	80.75	170.9	-66.07
81.8	-3.075	0.007261	81.38	170.6	-64.22
81.8166666666667	-3.067	0.01041	81.85	169.6	-63.6
81.8333333333333	-3.052	0.007261	81.22	169.4	-64.31
81.85	-3.044	0.01041	78.43	169.6	-62.13
81.8666666666667	-3.052	0.01357	73.17	170.2	-56.58
81.8833333333333	-3.056	0.01041	69.18	170.6	-50.29
81.9	-3.048	0.007261	64.28	170.6	-43.53
81.9166666666667	-3.022	0.01041	60.39	169.4	-38.72
81.9333333333333	-2.999	0.007261	54.52	169.4	-34.94
81.95	-2.98	0.01357	46.58	169.8	-30.3
81.9666666666667	-2.969	0.01357	36.95	170.6	-23.89
81.9833333333333	-2.942	0.01041	27.43	170.6	-15.15
82	-2.901	0.007261	17.78	170.9	-7.867
82.0166666666667	-2.776	0.01041	6.26	169.8	-3.211
82.0333333333333	-2.204	0.007261	1.841	169.2	-3.97
82.05	-0.5746	0.004108	0.8943	170	-1.076
82.0666666666667	0.7079	0.007261	8.312	170.2	21.03
82.0833333333333	0.7504	0.01041	9.627	170.9	27.2
82.1	0.7994	0.007261	11.97	170.4	33.44
82.1166666666667	0.8617	0.01041	14.28	169.8	38.85
82.1333333333333	0.9231	0.007261	16.23	169.2	42.34
82.15	0.9636	0.01357	17.12	169.6	46.84
82.1666666666667	0.9844	0.01357	17.99	170.4	51.53
82.1833333333333	0.9985	0.01041	19.33	170.9	57.5
82.2	1.024	0.01041	21.3	170	61.89
82.2166666666667	1.052	0.007261	22.54	169.4	63.35
82.2333333333333	1.076	0.01041	23.15	169.4	63.14
82.25	1.084	0.01357	22.73	170	63.7
82.2666666666667	1.078	0.01357	22.7	170.4	65.03
82.2833333333333	1.07	0.01357	22.86	171.3	67.38
82.3	1.075	0.007261	23.86	170.2	67.9
82.3166666666667	1.087	0.007261	24.22	169.6	66.06
82.3333333333333	1.1	0.007261	23.83	169.4	62.93
82.35	1.096	0.01357	23.3	170	61.47
82.3666666666667	1.082	0.01672	22.75	170.6	61.78
82.3833333333333	1.072	0.01357	23.12	170.9	63.06
82.4	1.075	0.01041	24.15	170.2	56.77
82.4166666666667	1.075	0.007261	24.75	169.8	41.95
82.4333333333333	1.075	0.01357	23.8	169.4	32.54
82.45	1.062	0.01357	22.54	170.2	25.66
82.4666666666667	1.039	0.01357	20.7	170.6	20.12
82.4833333333333	1.017	0.01041	19.07	170.9	15.67
82.5	1.005	0.004108	17.07	170.4	9.564
82.5166666666667	0.9872	0.004108	13.6	169.6	2.195
82.5333333333333	0.9297	0.007261	6.523	169	-5.119
82.55	0.4691	0.01357	0.6576	170	-7.146
82.5666666666667	-1.831	0.01357	4.945	170.4	-10.72
82.5833333333333	-2.814	0.01041	49.61	170.6	-41.31
82.6	-2.812	0.007261	49.37	169.8	-38.91
82.6166666666667	-2.801	0.007261	48.71	169.6	-39.5
82.6333333333333	-2.795	0.007261	48.11	168.8	-40.94
82.65	-2.807	0.01357	48.63	169.8	-43.81
82.6666666666667	-2.871	0.01357	55.45	170.6	-48.55
82.6833333333333	-2.939	0.01041	64.39	171.5	-52.3
82.7	-2.98	0.007261	71.28	169.6	-55.99
82.7166666666667	-2.999	0.01041	75.38	169.4	-60.17
82.7333333333333	-3.014	0.007261	78.54	169.8	-64.63
82.75	-3.041	0.01041	80.22	169.8	-66.9
82.7666666666667	-3.067	0.01357	80.91	170.6	-66.54
82.7833333333333	-3.078	0.01041	81.54	171.1	-64.96
82.8	-3.071	0.007261	82.59	169.8	-64.33
82.8166666666667	-3.063	0.007261	82.54	169.2	-65.18
82.8333333333333	-3.052	0.007261	81.43	169.4	-65.44
82.85	-3.059	0.01357	77.64	169.8	-61.74
82.8666666666667	-3.063	0.01357	73.17	171.1	-55.27
82.8833333333333	-3.063	0.01041	69.44	170.9	-49.37
82.9	-3.044	0.007261	65.44	170.2	-43.38
82.9166666666667	-3.022	0.007261	60.28	169.6	-39.39
82.9333333333333	-3.007	0.01041	54.16	169.4	-35.67
82.95	-2.991	0.01672	45.77	169.8	-30.44
82.9666666666667	-2.98	0.01357	36.77	170.6	-22.51
82.9833333333333	-2.954	0.01041	28.01	170.6	-14.55
83	-2.901	0.007261	18.23	170.4	-7.726
83.0166666666667	-2.776	0.01041	6.47	169.6	-3.868
83.0333333333333	-2.18	0.01041	1.736	169.4	-5.025
83.05	-0.5793	0.01357	-0.3419	169.8	-4.242
83.0666666666667	0.714	0.01357	8.18	170.6	22.23
83.0833333333333	0.7626	0.01357	9.811	171.1	28.15
83.1	0.8164	0.007261	12.18	170.2	33.5
83.1166666666667	0.8787	0.004108	14.55	169.6	38.02
83.1333333333333	0.9353	0.007261	16.18	169.2	42.15
83.15	0.9731	0.01357	17.18	169.6	46.33
83.1666666666667	0.991	0.01357	17.96	170.9	52.09
83.1833333333333	1.011	0.01041	19.49	171.1	57.42
83.2	1.035	0.01357	21.15	170.4	61.5
83.2166666666667	1.067	0.007261	22.65	169.4	63.15
83.2333333333333	1.087	0.007261	23.25	169	63.52
83.25	1.096	0.01357	22.99	169.6	63.45
83.2666666666667	1.089	0.01357	22.54	170.4	65.15
83.2833333333333	1.083	0.01041	22.99	170.6	66.93
83.3	1.086	0.007261	23.59	170.4	68.01
83.3166666666667	1.101	0.007261	24.49	169.8	66.23
83.3333333333333	1.087	0.007261	23.62	170.6	66.04
83.35	1.11	0.01357	23.51	169.6	61.78
83.3666666666667	1.096	0.01357	22.7	170.4	61.52
83.3833333333333	1.088	0.01041	22.7	170.9	62.28
83.4	1.083	0.01041	23.62	170.6	56.5
83.4166666666667	1.085	0.007261	24.78	169.8	42.84
83.4333333333333	1.086	0.007261	24.15	169.2	33.69
83.45	1.078	0.01041	22.73	169.6	25.54
83.4666666666667	1.055	0.01357	20.65	170.4	19.8
83.4833333333333	1.032	0.01357	19.04	170.6	14.71
83.5	1.012	0.01041	16.57	170.9	9.302
83.5166666666667	0.9985	0.007261	13.57	169.6	2.386
83.5333333333333	0.9429	0.01041	6.707	169.6	-4.684
83.55	0.5305	0.01357	1.157	169.4	-7.322
83.5666666666667	-1.719	0.01357	3.63	170.6	-10.06
83.5833333333333	-2.827	0.01041	50.47	170.6	-42.71
83.6	-2.837	0.007261	49.74	170.2	-39.66
83.6166666666667	-2.825	0.007261	49.58	169.6	-39.38
83.6333333333333	-2.81	0.007261	49.11	169.2	-40.82
83.65	-2.812	0.01357	48.84	169.8	-43.08
83.6666666666667	-2.867	0.01041	55.45	170.4	-49.33
83.6833333333333	-2.942	0.01357	63.55	170.9	-52.82
83.7	-2.991	0.01041	70.33	170.6	-56.02
83.7166666666667	-3.01	0.007261	75.44	170	-59.53
83.7333333333333	-3.025	0.007261	78.8	169.4	-63.77
83.75	-3.041	0.01041	80.59	169.2	-66.82
83.7666666666667	-3.059	0.01041	80.91	170	-67.64
83.7833333333333	-3.082	0.01357	81.33	171.1	-65.76
83.8	-3.086	0.007261	81.85	170.6	-64.16
83.8166666666667	-3.086	0.007261	82.12	170.2	-63.49
83.8333333333333	-3.067	0.007261	81.7	169.2	-64.65
83.85	-3.059	0.01041	78.54	169.4	-61.67
83.8666666666667	-3.059	0.01357	73.33	170.2	-56.78
83.8833333333333	-3.067	0.01357	69.07	170.9	-50.17
83.9	-3.063	0.01357	64.7	170.9	-43.74
83.9166666666667	-3.037	0.007261	60.07	169.8	-38.2
83.9333333333333	-3.014	0.007261	54.13	169.2	-34.67
83.95	-2.995	0.007261	46.32	169.4	-30.3
83.9666666666667	-2.976	0.01041	36.88	170	-23.68
83.9833333333333	-2.958	0.01672	27.3	170.6	-15.15
84	-2.908	0.007261	17.65	170.6	-7.863
84.0166666666667	-2.791	0.007261	6.181	170.2	-2.757
84.0333333333333	-2.203	0.007261	1.789	169.2	-3.839
84.05	-0.5812	0.01357	0.3682	169.2	-3.972
84.0666666666667	0.7301	0.01357	8.206	170.2	20.83
84.0833333333333	0.7787	0.01357	9.969	170.9	27.25
84.1	0.8249	0.007261	11.76	170.9	33.62
84.1166666666667	0.8815	0.01041	14.1	170	39.16
84.1333333333333	0.9457	0.007261	16.28	169.4	43.09
84.15	0.9891	0.01041	17.62	169.2	46.96
84.1666666666667	1.014	0.01357	18.25	170.2	50.76
84.1833333333333	1.027	0.01357	19.41	170.6	56.47
84.2	1.044	0.007261	20.7	170.6	61.29
84.2166666666667	1.068	0.007261	22.38	170	64.09
84.2333333333333	1.094	0.007261	23.49	169.6	65.03
84.25	1.108	0.01041	23.46	169.4	63.95
84.2666666666667	1.11	0.01357	22.99	170	64.13
84.2833333333333	1.099	0.01041	22.78	170.4	66.35
84.3	1.097	0.01041	23.22	171.1	67.61
84.3166666666667	1.102	0.01041	24.01	170.2	67.18
84.3333333333333	1.119	0.01041	24.51	169.4	64.45
84.35	1.124	0.01041	23.86	169.4	62.48
84.3666666666667	1.117	0.01041	23.3	169.4	60.89
84.3833333333333	1.102	0.01357	22.78	170.9	61.38
84.4	1.093	0.01041	23.54	170.6	55.48
84.4166666666667	1.087	0.007261	24.04	170.2	42.89
84.4333333333333	1.094	0.007261	24.2	169.8	34.37
84.45	1.09	0.01041	23.28	169.2	26.69
84.4666666666667	1.078	0.01041	21.28	169.4	19.37
84.4833333333333	1.052	0.01357	18.89	170.4	12.87
84.5	1.023	0.01041	16.31	170.4	8.608
84.5166666666667	0.9957	0.007261	12.63	170.6	3.195
84.5333333333333	0.941	0.007261	6.339	169.6	-2.836
84.55	0.4989	0.007261	1.683	169.4	-5.981
84.5666666666667	-1.78	0.01357	5.208	169.6	-11.29
84.5833333333333	-2.816	0.01357	50.18	170.2	-44.22
84.6	-2.833	0.01041	48.79	170.6	-40.46
84.6166666666667	-2.816	0.01672	47.87	170.4	-42.3
84.6333333333333	-2.825	0.007261	48.55	170.2	-38.2
84.65	-2.814	0.01041	49.37	169.2	-42.01
84.6666666666667	-2.867	0.01041	57.29	169.4	-49.98
84.6833333333333	-2.935	0.01357	64.39	170	-55.45
84.7	-2.995	0.01041	70.33	170.9	-57.62
84.7166666666667	-3.025	0.01041	74.49	170.6	-58.95
84.7333333333333	-3.044	0.007261	78.75	169.4	-61.66
84.75	-3.048	0.007261	81.06	168.8	-65.56
84.7666666666667	-3.056	0.007261	81.7	169.4	-67.76
84.7833333333333	-3.071	0.01357	81.48	169.8	-68.05
84.8	-3.086	0.01357	81.27	170.9	-65.62
84.8166666666667	-3.093	0.007261	81.06	170.6	-63.63
84.8333333333333	-3.082	0.004108	81.27	169.8	-62.22
84.85	-3.063	0.01041	79.06	169.4	-60.01
84.8666666666667	-3.052	0.01357	74.07	169.4	-56.5
84.8833333333333	-3.052	0.01672	69.07	170	-51.67
84.9	-3.063	0.01041	64.18	171.1	-45.07
84.9166666666667	-3.056	0.007261	59.39	170.6	-38.69
84.9333333333333	-3.037	0.01041	54.1	170.2	-32.78
84.95	-3.007	0.007261	47.08	169.4	-27.59
84.9666666666667	-2.969	0.01041	38.16	169.2	-23.34
84.9833333333333	-2.946	0.01357	28.38	169.8	-17.91
85	-2.908	0.01357	17.25	170.6	-10.58
85.0166666666667	-2.801	0.01672	4.892	171.1	-3.566
85.0333333333333	-2.257	0.01041	1.315	170.4	-1.76
85.05	-0.6421	0.007261	1.026	169.4	-1.519
85.0666666666667	0.7588	0.007261	9.574	169.4	21.73
85.0833333333333	0.8164	0.01041	10.34	170	25.47
85.1	0.8457	0.01357	11.13	171.1	31.06
85.1166666666667	0.8862	0.01357	12.97	170.6	37.94
85.1333333333333	0.9363	0.01041	15.44	170.4	44.86
85.15	0.9872	0.007261	17.86	170	49.81
85.1666666666667	1.035	0.01041	19.46	168.8	52.04
85.1833333333333	1.061	0.01357	19.94	169.4	54.69
85.2	1.069	0.01041	20.31	170.4	58.48
85.2166666666667	1.076	0.01357	21.04	171.1	62.54
85.2333333333333	1.09	0.01041	22.62	170.9	65.91
85.25	1.112	0.007261	23.72	170	66.79
85.2666666666667	1.129	0.01041	24.04	169	66.1
85.2833333333333	1.134	0.01041	23.57	170	64.68
85.3	1.128	0.01041	23.04	169.8	64.25
85.3166666666667	1.115	0.01041	22.75	170.6	65
85.3333333333333	1.112	0.007261	23.12	170.6	65.64
85.35	1.119	0.007261	23.96	170	65.14
85.3666666666667	1.133	0.007261	24.46	169.4	62.79
85.3833333333333	1.137	0.01041	23.8	169.4	60.37
85.4	1.128	0.01357	23.62	169.6	53
85.4166666666667	1.102	0.01357	23.07	170.2	40.79
85.4333333333333	1.088	0.01041	22.8	170.9	35.31
85.45	1.084	0.007261	22.73	170	29.54
85.4666666666667	1.086	0.007261	22.38	169.2	22.05
85.4833333333333	1.082	0.01041	19.96	169.2	13.14
85.5	1.062	0.01357	16.91	169.6	5.884
85.5166666666667	1.015	0.01357	11.78	170.6	-0.1159
85.5333333333333	0.9419	0.01041	5.26	170.4	-3.552
85.55	0.5234	0.007261	1.078	170.6	-3.635
85.5666666666667	-1.676	0.007261	4.787	169.6	-7.554
85.5833333333333	-2.822	0.01041	52.5	169.4	-44.14
85.6	-2.825	0.01357	50.5	169.6	-43.61
85.6166666666667	-2.841	0.01357	48.79	170.6	-41.52
85.6333333333333	-2.852	0.01041	48.29	170.6	-39.34
85.65	-2.856	0.007261	48.97	170.6	-39.67
85.6666666666667	-2.89	0.01041	58.23	169.4	-46.48
85.6833333333333	-2.935	0.007261	65.6	169.2	-53.25
85.7	-2.976	0.01041	71.07	169	-59.62
85.7166666666667	-3.018	0.01357	74.12	170	-62.58
85.7333333333333	-3.052	0.01357	77.49	171.1	-63.69
85.75	-3.071	0.01041	79.7	170.6	-63.55
85.7666666666667	-3.078	0.007261	81.91	169.6	-63.8
85.7833333333333	-3.071	0.007261	82.43	169.2	-65.12
85.8	-3.071	0.01041	82.06	169.4	-66.98
85.8166666666667	-3.078	0.01357	80.85	170	-67.39
85.8333333333333	-3.086	0.01357	79.75	170.6	-65.42
85.85	-3.097	0.01041	77.8	170.6	-59.59
85.8666666666667	-3.082	0.007261	73.7	170.2	-52.48
85.8833333333333	-3.059	0.01041	69.86	169.8	-48.55
85.9	-3.044	0.01041	65.23	169.6	-45.76
85.9166666666667	-3.037	0.01357	59.76	169.8	-42.05
85.9333333333333	-3.033	0.01041	52.66	170.6	-36.03
85.95	-3.025	0.01041	45.66	170.9	-28.55
85.9666666666667	-3.003	0.01041	37.19	170.9	-20
85.9833333333333	-2.954	0.007261	28.62	169.8	-14.01
86	-2.897	0.007261	18.17	169	-9.353
86.0166666666667	-2.788	0.01357	5.997	169.6	-6.711
86.0333333333333	-2.289	0.01041	0.7102	169.6	-5.758
86.05	-0.7049	0.01357	-0.3156	170.2	-3.219
86.0666666666667	0.7466	0.01041	8.864	170.9	24.77
86.0833333333333	0.8164	0.007261	11.18	170.2	29.55
86.1	0.8711	0.007261	12.68	169.8	33.11
86.1166666666667	0.9268	0.01041	14.18	169.4	36.29
86.1333333333333	0.9674	0.01357	15.26	170.2	41.03
86.15	0.9976	0.01357	16.39	170.6	47.13
86.1666666666667	1.023	0.01041	18.36	170.9	53.6
86.1833333333333	1.052	0.007261	20.15	170.4	58.62
86.2	1.084	0.007261	21.62	169.8	61.16
86.2166666666667	1.112	0.007261	22.67	169.2	61.59
86.2333333333333	1.123	0.01357	22.41	170	62.15
86.25	1.125	0.01357	22.44	170.4	63.86
86.2666666666667	1.12	0.01041	22.65	170.9	66.01
86.2833333333333	1.123	0.007261	23.33	171.1	67.98
86.3	1.129	0.01041	22.8	170.6	67.85
86.3166666666667	1.145	0.007261	24.28	169.6	65.44
86.3333333333333	1.15	0.01357	24.01	169.2	62.53
86.35	1.143	0.01041	23.25	169.6	61.51
86.3666666666667	1.132	0.01357	22.78	170.2	61.69
86.3833333333333	1.121	0.007261	23.04	170.6	62.77
86.4	1.123	0.007261	24.07	170.6	56.28
86.4166666666667	1.121	0.007261	24.51	169.8	42.5
86.4333333333333	1.127	0.007261	23.99	169.6	32.9
86.45	1.116	0.01357	22.57	169.8	25.65
86.4666666666667	1.098	0.01041	20.96	170.4	19.41
86.4833333333333	1.069	0.01357	18.83	170.9	14.51
86.5	1.05	0.007261	16.54	170.6	9.302
86.5166666666667	1.029	0.007261	13.18	170.2	3.265
86.5333333333333	0.9731	0.007261	6.313	169.2	-4.165
86.55	0.546	0.01041	1.315	169.4	-7.001
86.5666666666667	-1.684	0.01357	3.866	169.8	-10.63
86.5833333333333	-2.837	0.01357	51.21	170.2	-44.62
86.6	-2.854	0.007261	49.82	170.4	-40.93
86.6166666666667	-2.848	0.007261	49.37	170.4	-37.88
86.6333333333333	-2.837	0.007261	49.61	169.4	-38.85
86.65	-2.829	0.007261	49.79	169.6	-42.55
86.6666666666667	-2.874	0.01357	56.76	169.4	-49.78
86.6833333333333	-2.946	0.01357	63.76	170.6	-54.67
86.7	-3.003	0.01041	70.07	170.4	-57.48
86.7166666666667	-3.033	0.01041	74.54	170.2	-59.02
86.7333333333333	-3.044	0.007261	78.91	169.6	-61.86
86.75	-3.056	0.007261	80.91	169.4	-64.98
86.7666666666667	-3.063	0.01357	81.85	169.6	-67.44
86.7833333333333	-3.075	0.01041	81.54	170.2	-68.06
86.8	-3.09	0.01041	80.91	171.1	-66.23
86.8166666666667	-3.101	0.01357	80.91	171.1	-64.05
86.8333333333333	-3.093	0.007261	81.01	170.2	-62.37
86.85	-3.078	0.007261	79.17	169.4	-59.62
86.8666666666667	-3.059	0.01041	74.01	169.4	-55.57
86.8833333333333	-3.056	0.01357	68.91	169.2	-51.66
86.9	-3.063	0.01041	63.76	170.4	-45.92
86.9166666666667	-3.059	0.01041	59.39	170.9	-39.03
86.9333333333333	-3.048	0.01041	53.95	170.4	-32.79
86.95	-3.014	0.01041	47.5	169.2	-27.65
86.9666666666667	-2.98	0.007261	38.74	169.2	-22.61
86.9833333333333	-2.942	0.007261	28.3	169.8	-17.71
87	-2.912	0.01357	17.1	170.2	-11.43
87.0166666666667	-2.81	0.01041	5.024	170.2	-4.476
87.0333333333333	-2.276	0.01041	1.026	170.6	-2.027
87.05	-0.6586	0.007261	1.052	169.6	-1.329
87.0666666666667	0.7692	0.01041	9.311	169.4	22.24
87.0833333333333	0.8438	0.01357	10.81	169.4	26.24
87.1	0.8825	0.01357	11.68	170	30.81
87.1166666666667	0.9193	0.01041	13.1	170.6	37.16
87.1333333333333	0.9599	0.007261	15.23	170.9	44.4
87.15	1.011	0.007261	17.7	169.8	50.06
87.1666666666667	1.054	0.007261	19.46	169.6	53.29
87.1833333333333	1.085	0.01041	20.36	169.6	55.37
87.2	1.1	0.01041	20.41	170	57.84
87.2166666666667	1.106	0.01357	21.23	170.9	61.25
87.2333333333333	1.113	0.01357	21.83	170.6	65.26
87.25	1.13	0.007261	23.41	170	67.61
87.2666666666667	1.146	0.01041	23.96	169.2	67.42
87.2833333333333	1.159	0.01041	24.12	169.2	65.51
87.3	1.16	0.01041	23.54	170	64.35
87.3166666666667	1.15	0.01357	22.96	170.2	63.53
87.3333333333333	1.139	0.01041	22.96	170.6	64.48
87.35	1.136	0.01041	23.46	170.2	65.12
87.3666666666667	1.149	0.007261	24.25	169.4	64.05
87.3833333333333	1.16	0.007261	24.17	169	61.63
87.4	1.158	0.01041	24.17	169	52.55
87.4166666666667	1.136	0.01357	23.28	169.6	39.45
87.4333333333333	1.119	0.01357	22.46	170.6	33.91
87.45	1.104	0.01041	22.02	170.6	28.63
87.4666666666667	1.103	0.007261	22.02	170	22.79
87.4833333333333	1.1	0.01041	20.25	169.4	14.85
87.5	1.088	0.01041	17.04	169.2	6.717
87.5166666666667	1.05	0.01357	11.78	170	-0.8046
87.5333333333333	0.9702	0.01357	5.024	170.4	-5.271
87.55	0.555	0.01041	0.5523	170.6	-4.401
87.5666666666667	-1.655	0.007261	3.814	170.4	-6.26
87.5833333333333	-2.852	0.01357	51.42	170.9	-41.99
87.6	-2.831	0.01041	50.92	169.4	-42.88
87.6166666666667	-2.833	0.01672	49	170.2	-42.77
87.6333333333333	-2.848	0.01357	48.21	170.2	-41.32
87.65	-2.859	0.01357	48.61	170.9	-41.27
87.6666666666667	-2.901	0.007261	55.42	170.2	-45.9
87.6833333333333	-2.95	0.007261	65.18	169.6	-51.74
87.7	-2.984	0.007261	71.33	169.2	-57.97
87.7166666666667	-3.014	0.01357	74.91	169.4	-62.97
87.7333333333333	-3.056	0.01357	77.64	170	-65.52
87.75	-3.078	0.01041	79.43	170.2	-64.81
87.7666666666667	-3.093	0.01357	81.06	170.4	-64.1
87.7833333333333	-3.093	0.01041	82.22	170	-64.29
87.8	-3.082	0.01041	82.59	169.6	-65.53
87.8166666666667	-3.078	0.01357	81.7	169.6	-66.86
87.8333333333333	-3.09	0.01357	80.17	170.4	-66.41
87.85	-3.093	0.01357	77.54	170.6	-60.65
87.8666666666667	-3.093	0.007261	73.44	170.9	-52.9
87.8833333333333	-3.082	0.007261	69.33	170.2	-47.91
87.9	-3.059	0.01041	65.49	169.4	-44.37
87.9166666666667	-3.041	0.007261	60.07	169.4	-41.18
87.9333333333333	-3.033	0.01357	53.13	170	-36.69
87.95	-3.025	0.01041	45.4	170.4	-29.27
87.9666666666667	-3.01	0.007261	37.03	170.9	-20.92
87.9833333333333	-2.973	0.007261	28.43	170.2	-13.56
88	-2.908	0.007261	18.23	169.4	-8.7
88.0166666666667	-2.791	0.01357	6.26	169.2	-5.183
88.0333333333333	-2.259	0.01357	0.9732	169.6	-5.756
88.05	-0.6926	0.01357	-0.3682	170.2	-4.19
88.0666666666667	0.789	0.01041	8.838	170.6	24.38
88.0833333333333	0.84	0.01041	10.71	170.4	29.73
88.1	0.89	0.007261	12.7	169.8	33.23
88.1166666666667	0.9476	0.007261	14.2	169.4	36.72
88.1333333333333	0.9929	0.01357	15.2	169.8	40.78
88.15	1.03	0.01357	16.75	170	46.36
88.1666666666667	1.051	0.01357	17.94	171.1	52.63
88.1833333333333	1.077	0.01041	19.96	170.2	58.48
88.2	1.106	0.007261	21.62	170	61.52
88.2166666666667	1.135	0.01041	22.73	169.6	62.59
88.2333333333333	1.153	0.01041	22.54	169.8	62.39
88.25	1.155	0.01357	22.49	170.2	63.52
88.2666666666667	1.151	0.01672	22.46	170.9	65.42
88.2833333333333	1.147	0.01041	23.22	171.1	67.64
88.3	1.156	0.007261	23.88	169.8	67.91
88.3166666666667	1.167	0.01041	24.25	169.8	65.87
88.3333333333333	1.177	0.01357	23.88	169.8	63.2
88.35	1.172	0.01357	23.22	169.8	61.49
88.3666666666667	1.16	0.01357	22.7	170.6	61.67
88.3833333333333	1.15	0.01041	22.91	171.1	63
88.4	1.15	0.007261	23.88	170.4	56.27
88.4166666666667	1.147	0.01041	24.57	169.4	42.75
88.4333333333333	1.153	0.01041	23.96	169.6	33.21
88.45	1.141	0.01041	22.49	169.6	25.71
88.4666666666667	1.125	0.01357	20.81	170.2	19.73
88.4833333333333	1.098	0.01041	18.96	170.6	14.77
88.5	1.077	0.007261	16.52	170.4	9.621
88.5166666666667	1.055	0.007261	13.15	169.4	2.77
88.5333333333333	1.002	0.007261	6.181	169.2	-4.61
88.55	0.5342	0.01041	1.105	169.4	-6.938
88.5666666666667	-1.74	0.01357	4.103	170	-10.77
88.5833333333333	-2.848	0.01357	51.11	170.6	-44.24
88.6	-2.859	0.007261	50.18	170.4	-40.66
88.6166666666667	-2.854	0.007261	49.66	170.2	-38.48
88.6333333333333	-2.837	0.007261	49.66	169.2	-39.57
88.65	-2.837	0.007261	49.13	169.4	-42.49
88.6666666666667	-2.886	0.01041	55.42	169.8	-49.99
88.6833333333333	-2.958	0.01672	63.91	170.6	-54.48
88.7	-3.01	0.01357	70.12	171.1	-56.64
88.7166666666667	-3.037	0.007261	74.59	170.4	-58.69
88.7333333333333	-3.052	0.01041	78.59	169.4	-62.13
88.75	-3.059	0.01041	80.96	169.6	-65.25
88.7666666666667	-3.075	0.01041	81.48	169.6	-67.98
88.7833333333333	-3.09	0.01357	81.27	169.6	-67.53
88.8	-3.109	0.01041	81.22	170.6	-65.3
88.8166666666667	-3.101	0.007261	81.54	170.4	-63.57
88.8333333333333	-3.093	0.007261	81.43	170.2	-62.76
88.85	-3.078	0.01357	79.12	169.4	-60.69
88.8666666666667	-3.086	0.004108	74.38	169.8	-53.73
88.8833333333333	-3.071	0.01357	68.86	169.8	-51.61
88.9	-3.082	0.01041	64.13	170.2	-44.79
88.9166666666667	-3.067	0.01041	59.5	170.6	-38.23
88.9333333333333	-3.048	0.01041	54.08	170.2	-32.65
88.95	-3.018	0.01041	47.21	169.4	-28.72
88.9666666666667	-2.991	0.007261	38.14	169.4	-24.07
88.9833333333333	-2.961	0.01041	27.93	169.8	-17.98
89	-2.924	0.01357	16.7	171.1	-9.792
89.0166666666667	-2.814	0.01041	5.05	170.6	-2.963
89.0333333333333	-2.244	0.004108	1.499	170.2	-1.69
89.05	-0.6308	0.007261	1.21	169.4	-1.713
89.0666666666667	0.8211	0.007261	9.679	169.6	22.23
89.0833333333333	0.8683	0.01041	10.23	169.8	25.4
89.1	0.8976	0.01357	11.13	170.6	30.54
89.1166666666667	0.9372	0.01041	12.97	171.1	38.16
89.1333333333333	0.9901	0.007261	15.52	170.2	44.91
89.15	1.043	0.004108	17.86	169.6	49.41
89.1666666666667	1.086	0.007261	19.23	169.2	51.82
89.1833333333333	1.112	0.01357	19.88	169.8	54.53
89.2	1.123	0.01357	20.41	170.4	58.14
89.2166666666667	1.129	0.01357	21.36	170.9	62.96
89.2333333333333	1.142	0.01041	22.49	170.6	66.32
89.25	1.162	0.007261	23.54	169.2	67.16
89.2666666666667	1.183	0.007261	23.88	169.2	65.49
89.2833333333333	1.185	0.01041	23.65	169.2	64.41
89.3	1.18	0.01357	23.07	169.8	64.28
89.3166666666667	1.166	0.01357	22.75	171.1	65.35
89.3333333333333	1.166	0.007261	23.28	170.6	65.86
89.35	1.172	0.007261	23.91	170.2	65.54
89.3666666666667	1.186	0.01041	24.15	169.4	62.44
89.3833333333333	1.189	0.01357	23.49	169.6	60.21
89.4	1.179	0.01357	23.41	169.8	53.03
89.4166666666667	1.15	0.01357	23.07	171.1	41.2
89.4333333333333	1.141	0.01041	23.09	170.2	35.68
89.45	1.138	0.007261	23.04	170	29.46
89.4666666666667	1.139	0.01041	22.09	169.8	21.9
89.4833333333333	1.134	0.01041	19.78	169.4	12.94
89.5	1.109	0.01357	16.44	169.8	5.814
89.5166666666667	1.066	0.01357	11.86	170.9	0.7075
89.5333333333333	0.9891	0.01357	4.682	171.1	-3.116
89.55	0.5843	0.01041	1.131	170.2	-3.625
89.5666666666667	-1.606	0.01041	4.287	169.4	-7.479
89.5833333333333	-2.833	0.01357	52.39	169.4	-44.67
89.6	-2.841	0.01357	50.42	169.6	-44.15
89.6166666666667	-2.859	0.01041	48.92	170.9	-41.73
89.6333333333333	-2.863	0.01357	48.4	170.9	-39.22
89.65	-2.863	0.01041	49.34	170.2	-39.34
89.6666666666667	-2.89	0.01041	57.6	169.4	-46.88
89.6833333333333	-2.942	0.007261	65.28	169.2	-53.98
89.7	-2.995	0.01357	70.54	169.8	-59.92
89.7166666666667	-3.033	0.01357	74.12	170.2	-62.6
89.7333333333333	-3.067	0.01041	77.43	170.9	-62.5
89.75	-3.086	0.004108	80.54	170.6	-63.03
89.7666666666667	-3.09	0.007261	81.96	169.8	-64.08
89.7833333333333	-3.078	0.01041	82.43	169.4	-66.32
89.8	-3.086	0.007261	81.85	169.6	-67.59
89.8166666666667	-3.097	0.01041	80.91	170.4	-66.88
89.8333333333333	-3.112	0.01041	79.96	171.3	-64.19
89.85	-3.105	0.004108	78.28	170.9	-58.74
89.8666666666667	-3.086	0.0009541	74.7	169.8	-53.53
89.8833333333333	-3.071	0.007261	70.02	169.4	-49.94
89.9	-3.059	0.01041	64.97	169.4	-47.09
89.9166666666667	-3.052	0.01357	58.86	170	-41.73
89.9333333333333	-3.056	0.01357	52.47	170.9	-34.19
89.95	-3.041	0.01041	45.74	170.9	-26.5
89.9666666666667	-3.007	0.01041	38.06	169.8	-20.31
89.9833333333333	-2.961	0.007261	28.49	169.6	-15.86
90	-2.908	0.01041	17.49	169.6	-11.62
90.0166666666667	-2.803	0.01357	4.734	170.4	-6.133
90.0333333333333	-2.257	0.007261	0.4208	170.6	-3.21
90.05	-0.6751	0.01041	0.3682	170.4	-1.02
90.0666666666667	0.8211	0.007261	9.969	169.8	25.41
90.0833333333333	0.8881	0.01041	11.42	169.2	27
90.1	0.9259	0.01357	11.78	169.8	29.53
90.1166666666667	0.9589	0.01672	12.89	170.4	35.37
90.1333333333333	0.9967	0.01041	14.76	171.1	43.62
90.15	1.05	0.01357	16.6	170.4	47.04
90.1666666666667	1.089	0.0009541	19.52	169.6	54.28
90.1833333333333	1.125	0.01357	20.62	169.2	55.49
90.2	1.144	0.01357	20.88	169.8	57.88
90.2166666666667	1.149	0.01357	21.12	170.6	61.04
90.2333333333333	1.153	0.01041	22.09	170.9	65.86
90.25	1.168	0.007261	23.38	170	67.52
90.2666666666667	1.185	0.004108	23.99	169.4	67.14
90.2833333333333	1.199	0.007261	23.78	169.2	64.53
90.3	1.193	0.01357	22.86	170	64.2
90.3166666666667	1.182	0.01357	22.75	170.6	64.26
90.3333333333333	1.176	0.01041	23.25	170.9	65.98
90.35	1.185	0.007261	23.88	170	65.47
90.3666666666667	1.196	0.007261	24.28	169.6	63
90.3833333333333	1.201	0.01041	23.96	169.2	60.33
90.4	1.186	0.01041	23.28	170	52.89
90.4166666666667	1.165	0.01357	22.99	170.9	41.13
90.4333333333333	1.153	0.007261	23.36	170.2	35.87
90.45	1.155	0.007261	23.33	169.8	29.08
90.4666666666667	1.157	0.01041	22.02	169.4	21.2
90.4833333333333	1.147	0.01357	19.65	169.4	12.75
90.5	1.113	0.01357	15.83	170.4	5.866
90.5166666666667	1.072	0.01357	11.81	170.6	1.666
90.5333333333333	0.9995	0.01041	5.313	170.4	-2.468
90.55	0.5772	0.01357	1.631	169.6	-4.126
90.5666666666667	-1.619	0.007261	4.419	169.6	-8.791
90.5833333333333	-2.833	0.01041	51.5	169.6	-45.4
90.6	-2.856	0.01357	49.69	170.4	-43.31
90.6166666666667	-2.867	0.01357	48.95	170.9	-40.08
90.6333333333333	-2.861	0.007261	49.05	170.4	-38.35
90.65	-2.848	0.01041	49.71	169.4	-40.51
90.6666666666667	-2.882	0.01041	56.87	169.2	-48.72
90.6833333333333	-2.946	0.01357	63.86	169.8	-55.25
90.7	-3.01	0.01357	69.81	170.9	-58.29
90.7166666666667	-3.048	0.007261	74.23	170.6	-59.23
90.7333333333333	-3.063	0.007261	78.43	170.6	-61.43
90.75	-3.067	0.01041	81.06	169.2	-64.78
90.7666666666667	-3.078	0.01357	81.91	169	-67.51
90.7833333333333	-3.09	0.01357	81.22	170.4	-67.81
90.8	-3.109	0.01357	81.22	170.6	-65.44
90.8166666666667	-3.112	0.007261	81.59	170.6	-63.58
90.8333333333333	-3.105	0.007261	81.64	170	-62.5
90.85	-3.086	0.01041	79.12	169.2	-61.08
90.8666666666667	-3.082	0.01357	73.49	169.8	-56.65
90.8833333333333	-3.082	0.01672	68.86	170.4	-51.56
90.9	-3.082	0.01357	64.18	170.6	-44.87
90.9166666666667	-3.067	0.01041	59.39	170.4	-37.57
90.9333333333333	-3.044	0.01041	54.31	169.6	-33.1
90.95	-3.018	0.01041	46.58	169.2	-29.77
90.9666666666667	-3.003	0.01672	37.45	169.8	-24.28
90.9833333333333	-2.976	0.01357	27.09	170.6	-16.41
91	-2.939	0.01041	16.89	170.9	-8.466
91.0166666666667	-2.82	0.007261	6.313	170	-2.82
91.0333333333333	-2.237	0.01041	1.631	169.4	-3.055
91.05	-0.6671	0.01041	0.6576	169.4	-4.044
91.0666666666667	0.8306	0.01357	8.496	170.2	21.58
91.0833333333333	0.8721	0.01357	9.732	170.9	27.55
91.1	0.9127	0.007261	11.73	170.6	33.27
91.1166666666667	0.9759	0.007261	14.41	169.8	38.36
91.1333333333333	1.035	0.007261	16.07	169.4	42.36
91.15	1.078	0.01041	17.18	169.8	46.53
91.1666666666667	1.096	0.01357	17.91	170.9	51.72
91.1833333333333	1.114	0.01357	19.6	170.6	57.82
91.2	1.138	0.007261	21.23	170.4	61.62
91.2166666666667	1.169	0.01041	22.7	169.8	63.27
91.2333333333333	1.194	0.01041	22.94	169.4	62.88
91.25	1.195	0.01357	22.59	170	63.31
91.2666666666667	1.185	0.007261	22.54	170.6	65.97
91.2833333333333	1.184	0.01041	23.25	170.6	68.07
91.3	1.199	0.007261	23.96	170.2	67.75
91.3166666666667	1.214	0.01041	24.15	169.4	64.64
91.3333333333333	1.214	0.01041	23.54	169.4	62.29
91.35	1.202	0.01357	22.67	170.2	62.1
91.3666666666667	1.19	0.01357	23.04	170.9	63.62
91.3833333333333	1.192	0.01041	23.75	170.2	63.5
91.4	1.201	0.007261	24.33	169.6	56.26
91.4166666666667	1.199	0.01041	24.04	169.2	40
91.4333333333333	1.184	0.01041	24.01	169.6	34.92
91.45	1.163	0.01357	21.75	170.6	26.58
91.4666666666667	1.148	0.01041	20.96	170.6	22.64
91.4833333333333	1.143	0.007261	19.88	169.8	16.05
91.5	1.136	0.01041	17.31	169.2	7.794
91.5166666666667	1.108	0.01357	12.76	169.2	-0.6619
91.5333333333333	1.024	0.01357	4.55	170.2	-5.837
91.55	0.5173	0.01041	0.3682	170.9	-4.918
91.5666666666667	-1.738	0.004108	4.682	170.4	-6.919
91.5833333333333	-2.841	0.01041	52.21	169.4	-42.23
91.6	-2.841	0.01357	50.63	169.2	-43.02
91.6166666666667	-2.844	0.01357	48.66	169.8	-42.5
91.6333333333333	-2.859	0.01357	47.77	171.1	-40.02
91.65	-2.867	0.007261	48.5	170.9	-39.35
91.6666666666667	-2.905	0.004108	57.23	170	-45.77
91.6833333333333	-2.95	0.007261	65.18	169.6	-53.73
91.7	-2.999	0.01357	70.86	169.4	-59.91
91.7166666666667	-3.041	0.01357	74.01	170.4	-62.21
91.7333333333333	-3.078	0.01041	77.96	170.9	-62.17
91.75	-3.09	0.007261	80.91	170.2	-63.22
91.7666666666667	-3.086	0.01041	82.48	169.4	-65.99
91.7833333333333	-3.09	0.01041	82.33	169.6	-68.12
91.8	-3.105	0.01672	81.48	170.4	-67.75
91.8166666666667	-3.116	0.01041	81.06	170.6	-65.24
91.8333333333333	-3.112	0.01357	80.22	170.4	-62.19
91.85	-3.097	0.004108	79.12	169.4	-59.17
91.8666666666667	-3.082	0.01041	74.49	169.4	-55.91
91.8833333333333	-3.082	0.01357	69.23	170	-52.15
91.9	-3.086	0.01357	63.97	170.9	-45.4
91.9166666666667	-3.078	0.01041	59.29	170.4	-38.1
91.9333333333333	-3.052	0.007261	54.18	169.6	-32.9
91.95	-3.022	0.01041	46.45	169.2	-29.05
91.9666666666667	-2.999	0.01357	37.66	169.6	-24.15
91.9833333333333	-2.988	0.01357	27.91	170.6	-16.61
92	-2.942	0.01041	17.2	170.4	-7.995
92.0166666666667	-2.825	0.01041	6.339	170	-2.621
92.0333333333333	-2.265	0.01041	1.867	169.2	-4.17
92.05	-0.6633	0.01357	0.6313	169.4	-4.497
92.0666666666667	0.8485	0.01357	8.627	170.6	22.27
92.0833333333333	0.8844	0.01041	9.837	170.9	27.86
92.1	0.9297	0.007261	12.2	170	33.34
92.1166666666667	0.9919	0.01357	14.23	169.4	37.73
92.1333333333333	1.048	0.01357	15.47	169.8	41.07
92.15	1.08	0.01672	16.54	170.4	46.65
92.1666666666667	1.101	0.01357	18.15	170.9	53.24
92.1833333333333	1.13	0.004108	20.36	170	58.45
92.2	1.166	0.007261	21.86	169.4	60.35
92.2166666666667	1.192	0.01041	22.3	169	61.36
92.2333333333333	1.199	0.01357	22.04	169.8	62.17
92.25	1.191	0.01357	22.23	170.9	65.33
92.2666666666667	1.194	0.01041	23.09	170.4	67.75
92.2833333333333	1.213	0.01041	24.01	169.8	67.49
92.3	1.226	0.01041	23.91	169.6	64.95
92.3166666666667	1.223	0.01672	23.3	169.8	63.04
92.3333333333333	1.209	0.01357	22.7	170.6	63.8
92.35	1.202	0.01357	23.49	170.4	65.21
92.3666666666667	1.216	0.01041	24.12	170	64.12
92.3833333333333	1.227	0.01041	24.01	169.4	61.2
92.4	1.217	0.01672	23.22	169.8	53.07
92.4166666666667	1.192	0.01672	22.94	170.9	41.19
92.4333333333333	1.178	0.007261	22.91	170.9	35.21
92.45	1.182	0.004108	23.46	169.4	28.95
92.4666666666667	1.184	0.01041	21.86	170	20.87
92.4833333333333	1.17	0.01357	19.23	169.6	12.68
92.5	1.136	0.01672	15.78	170.6	6.433
92.5166666666667	1.096	0.01041	12.07	170.6	2.492
92.5333333333333	1.035	0.01041	5.787	170	-2.332
92.55	0.5876	0.01357	1.578	169.2	-5.652
92.5666666666667	-1.687	0.01357	4.103	169.6	-10.17
92.5833333333333	-2.848	0.01041	51.08	170.6	-44.96
92.6	-2.874	0.004108	49.92	170.9	-40.61
92.6166666666667	-2.863	0.004108	49.87	170	-38.41
92.6333333333333	-2.85	0.007261	49.53	169.2	-39.71
92.65	-2.848	0.01041	48.76	169.6	-43.09
92.6666666666667	-2.905	0.01357	55.37	171.3	-48.84
92.6833333333333	-2.973	0.01357	63.7	170.9	-52.37
92.7	-3.014	0.01357	71.02	169.8	-55.95
92.7166666666667	-3.033	0.01041	75.54	169.2	-60.52
92.7333333333333	-3.052	0.01041	78.22	169.2	-64.97
92.75	-3.09	0.01357	79.38	170.6	-66.02
92.7666666666667	-3.109	0.01357	81.17	170.9	-64.84
92.7833333333333	-3.112	0.01041	82.06	170.9	-63.92
92.8	-3.097	0.007261	82.59	169.4	-66
92.8166666666667	-3.097	0.01357	81.64	169.4	-67.13
92.8333333333333	-3.105	0.01357	80.17	170.9	-65.97
92.85	-3.116	0.01357	78.01	170.9	-59.61
92.8666666666667	-3.101	0.01041	74.28	170.2	-52.76
92.8833333333333	-3.082	0.007261	70.54	169.2	-49.88
92.9	-3.067	0.01041	65.18	169.2	-46.69
92.9166666666667	-3.071	0.01357	58.5	170.2	-41.28
92.9333333333333	-3.067	0.01357	52.26	171.1	-33.47
92.95	-3.048	0.01357	45.95	170.2	-26.16
92.9666666666667	-3.007	0.01041	38.72	169.2	-21.89
92.9833333333333	-2.965	0.01041	28.38	169.4	-17.18
93	-2.927	0.01672	17.18	169.8	-11.42
93.0166666666667	-2.835	0.01041	5.26	171.1	-3.964
93.0333333333333	-2.229	0.007261	1.42	170	-1.62
93.05	-0.5808	0.007261	1.315	169.2	-1.385
93.0666666666667	0.8542	0.007261	9.337	169.4	21.46
93.0833333333333	0.9032	0.01357	10.05	170.2	25.64
93.1	0.9363	0.01357	11.15	170.6	32.31
93.1166666666667	0.9976	0.01357	12.73	170.4	35.92
93.1333333333333	1.056	0.007261	16.2	169.8	43.74
93.15	1.104	0.01041	17.75	169.6	47.03
93.1666666666667	1.122	0.01041	18.04	170.2	51.52
93.1833333333333	1.135	0.01041	19.31	170.9	57.1
93.2	1.163	0.01041	21.17	170.6	61.6
93.2166666666667	1.195	0.01041	22.51	169.6	62.74
93.2333333333333	1.216	0.01041	22.75	169.4	62.61
93.25	1.213	0.01357	22.15	170.2	63.68
93.2666666666667	1.207	0.01041	22.59	170.9	66.4
93.2833333333333	1.214	0.007261	23.57	170.4	68.18
93.3	1.23	0.01041	24.3	169.4	66.35
93.3166666666667	1.238	0.01041	23.83	169.2	63.74
93.3333333333333	1.227	0.01357	22.91	170	62.46
93.35	1.213	0.01041	22.73	170.9	64.3
93.3666666666667	1.217	0.007261	23.67	170.2	64.56
93.3833333333333	1.235	0.007261	24.15	169.2	61.9
93.4	1.234	0.01041	23.67	169.4	52.94
93.4166666666667	1.21	0.01041	23.15	170	39.86
93.4333333333333	1.188	0.007261	22.7	170.6	35.34
93.45	1.186	0.007261	22.75	170.2	29.44
93.4666666666667	1.19	0.007261	21.91	169.4	21.64
93.4833333333333	1.182	0.01357	19.65	169.6	12.61
93.5	1.148	0.01357	15.86	170.6	6.178
93.5166666666667	1.109	0.01041	11.65	171.1	2.103
93.5333333333333	1.041	0.007261	5.313	170.9	-2.283
93.55	0.6008	0.007261	1.736	169.2	-5.204
93.5666666666667	-1.657	0.01357	4.024	170	-10.63
93.5833333333333	-2.867	0.01357	51.32	170.9	-44.51
93.6	-2.882	0.01041	50.47	170.9	-41.01
93.6166666666667	-2.871	0.007261	50.32	169.8	-39.14
93.6333333333333	-2.856	0.01041	49.9	169.4	-40.91
93.65	-2.856	0.01357	49.11	169.6	-42.9
93.6666666666667	-2.912	0.01041	55.92	170.9	-48.11
93.6833333333333	-2.973	0.007261	64.07	170.6	-51.37
93.7	-3.014	0.007261	71.23	169.8	-56.15
93.7166666666667	-3.033	0.007261	75.44	169.4	-61.58
93.7333333333333	-3.063	0.01357	77.59	169.8	-65.33
93.75	-3.097	0.01357	79.7	170.9	-65.37
93.7666666666667	-3.109	0.007261	81.38	170.4	-63.64
93.7833333333333	-3.097	0.007261	82.69	169.6	-64.74
93.8	-3.097	0.01041	82.33	169.4	-67.26
93.8166666666667	-3.105	0.01357	81.33	169.8	-67.67
93.8333333333333	-3.12	0.01357	80.12	170.6	-64.71
93.85	-3.116	0.01041	78.75	170.6	-58.68
93.8666666666667	-3.097	0.01041	74.49	169.6	-53.87
93.8833333333333	-3.078	0.01041	70.07	169.4	-51.6
93.9	-3.082	0.01357	64.55	170.2	-47.45
93.9166666666667	-3.082	0.01357	58.6	171.1	-39.44
93.9333333333333	-3.067	0.007261	53.03	170.4	-32.13
93.95	-3.033	0.007261	46.58	169.4	-28.26
93.9666666666667	-3.003	0.01041	37.8	169.4	-23.81
93.9833333333333	-2.98	0.01357	27.2	170.4	-17.34
94	-2.942	0.01041	16.68	170.9	-8.135
94.0166666666667	-2.829	0.01041	5.944	170.2	-2.692
94.0333333333333	-2.238	0.01041	2.025	169.2	-3.38
94.05	-0.6058	0.01357	0.1841	169.4	-4.365
94.0666666666667	0.8485	0.01357	8.022	170.6	21.5
94.0833333333333	0.908	0.01357	10.05	170.9	28.88
94.1	0.9627	0.007261	12.49	170	33.2
94.1166666666667	1.021	0.007261	14.33	169.2	36.64
94.1333333333333	1.069	0.01672	15.28	169.6	40.88
94.15	1.095	0.01357	16.44	170.9	48.03
94.1666666666667	1.124	0.01041	18.62	170.4	54.57
94.1833333333333	1.163	0.007261	20.52	169.6	58.06
94.2	1.198	0.01041	21.46	169.2	58.49
94.2166666666667	1.207	0.01357	21.52	169.8	60.38
94.2333333333333	1.206	0.01357	21.57	170.9	63.92
94.25	1.215	0.007261	23.09	170.2	67.36
94.2666666666667	1.234	0.007261	24.15	169.4	67.23
94.2833333333333	1.25	0.01041	23.86	169.2	64.69
94.3	1.242	0.01357	23.07	170	63.98
94.3166666666667	1.227	0.01357	22.57	171.1	65.56
94.3333333333333	1.229	0.01041	23.49	170.4	66.2
94.35	1.243	0.01041	24.07	169.6	64.3
94.3666666666667	1.251	0.01357	23.57	169.4	61.06
94.3833333333333	1.237	0.01357	22.8	170.2	60.04
94.4	1.247	0.01357	23.75	169.8	53.18
94.4166666666667	1.217	0.007261	24.22	170	43.6
94.4333333333333	1.225	0.007261	23.99	169.6	34.01
94.45	1.219	0.01357	22.59	169.4	26.08
94.4666666666667	1.193	0.01988	20.36	170.4	19.91
94.4833333333333	1.169	0.01041	18.89	170.6	15.39
94.5	1.157	0.007261	17.02	170	9.557
94.5166666666667	1.146	0.01041	13.15	169.6	0.7294
94.5333333333333	1.078	0.01357	5.471	169.6	-6.204
94.55	0.6395	0.01672	0.2893	170.4	-6.822
94.5666666666667	-1.568	0.01041	2.946	170.6	-5.998
94.5833333333333	-2.874	0.01041	53.66	170	-42.52
94.6	-2.865	0.01041	52.26	169	-43.09
94.6166666666667	-2.871	0.01357	49.92	170.2	-42.98
94.6333333333333	-2.882	0.01672	48.87	170.6	-40.61
94.65	-2.893	0.007261	49.34	170.6	-39.62
94.6666666666667	-2.912	0.01041	57.5	169.8	-46.43
94.6833333333333	-2.954	0.01041	64.76	169.2	-54.32
94.7	-3.014	0.01357	69.96	169.8	-59.6
94.7166666666667	-3.063	0.01041	74.38	170.9	-60.57
94.7333333333333	-3.086	0.01041	78.28	170.2	-61.24
94.75	-3.082	0.007261	81.17	169.6	-64
94.7666666666667	-3.093	0.01357	81.75	169.6	-67.79
94.7833333333333	-3.109	0.007261	81.12	170.4	-67.62
94.8	-3.124	0.01041	81.27	170.4	-65.17
94.8166666666667	-3.12	0.01041	81.8	170	-63.31
94.8333333333333	-3.105	0.01041	81.48	169.6	-63.95
94.85	-3.101	0.01357	78.7	169.4	-61.89
94.8666666666667	-3.105	0.01672	73.44	170.6	-56.68
94.8833333333333	-3.109	0.01357	68.7	171.1	-48.8
94.9	-3.093	0.007261	65.34	170.2	-43.34
94.9166666666667	-3.067	0.007261	60.23	169.2	-39.79
94.9333333333333	-3.056	0.01357	52.84	169.6	-36.22
94.95	-3.048	0.01357	45.37	170.4	-29.54
94.9666666666667	-3.033	0.01041	37.11	170.6	-20.79
94.9833333333333	-2.984	0.01041	28.7	169.6	-14.01
95	-2.924	0.01357	18.02	169.4	-10.03
95.0166666666667	-2.822	0.01357	6.05	169.4	-6.908
95.0333333333333	-2.304	0.01357	0.4208	170.4	-3.866
95.05	-0.6846	0.007261	0.4471	170.6	-0.4416
95.0666666666667	0.874	0.007261	9.758	169.8	24.44
95.0833333333333	0.9533	0.01041	11.31	169.2	26.92
95.1	0.9825	0.01357	11.31	170	29.76
95.1166666666667	1.015	0.01357	12.73	170.4	37.19
95.1333333333333	1.062	0.01041	15.44	170.6	44.36
95.15	1.12	0.007261	17.86	169.4	49
95.1666666666667	1.163	0.01357	19.23	169	51.4
95.1833333333333	1.181	0.01357	19.49	170	54.87
95.2	1.187	0.01357	20.38	170.4	60.26
95.2166666666667	1.206	0.007261	21.99	170.9	64.24
95.2333333333333	1.236	0.007261	23.15	169.8	64.49
95.25	1.25	0.01357	23.09	169.8	63.41
95.2666666666667	1.244	0.01357	22.75	170.2	64.42
95.2833333333333	1.234	0.01357	22.88	170.2	67.16
95.3	1.246	0.007261	23.7	170.2	67.91
95.3166666666667	1.261	0.01357	24.17	169.8	65.3
95.3333333333333	1.262	0.01357	23.28	169.8	62
95.35	1.247	0.01357	22.59	170.6	62.57
95.3666666666667	1.239	0.01041	22.86	171.1	64.15
95.3833333333333	1.249	0.01041	23.88	170.4	63.27
95.4	1.261	0.007261	24.41	169.2	53.95
95.4166666666667	1.244	0.01672	23.59	169.8	39.4
95.4333333333333	1.218	0.01357	22.59	170.4	33.75
95.45	1.208	0.007261	22.2	170.6	29.49
95.4666666666667	1.212	0.007261	21.73	169.6	22.58
95.4833333333333	1.206	0.007261	19.7	169.6	13.44
95.5	1.18	0.01357	15.91	170.2	5.612
95.5166666666667	1.137	0.01357	11.57	170.9	1.089
95.5333333333333	1.067	0.01041	5.366	170.9	-2.41
95.55	0.6244	0.007261	1.683	169.4	-4.375
95.5666666666667	-1.574	0.01041	3.735	169.6	-9.179
95.5833333333333	-2.856	0.01357	51.39	170	-45.49
95.6	-2.882	0.01357	49.95	170.4	-41.67
95.6166666666667	-2.874	0.01041	49.95	170.4	-38.55
95.6333333333333	-2.859	0.01041	49.76	169.8	-39.2
95.65	-2.856	0.01041	49.9	169	-43.28
95.6666666666667	-2.908	0.01357	55.47	170	-49.28
95.6833333333333	-2.961	0.01357	64.39	169.4	-55.32
95.7	-3.022	0.01041	70.65	170.2	-55.63
95.7166666666667	-3.041	0.01041	75.33	169.4	-60.86
95.7333333333333	-3.063	0.01357	78.01	169.6	-65.06
95.75	-3.097	0.01357	79.38	170.9	-65.83
95.7666666666667	-3.116	0.01357	80.8	170.9	-64.32
95.7833333333333	-3.112	0.01357	82.12	169.8	-64.03
95.8	-3.097	0.01041	82.27	169	-66.26
95.8166666666667	-3.105	0.01357	80.85	169.8	-67.21
95.8333333333333	-3.116	0.01357	79.85	170.4	-65.5
95.85	-3.124	0.01041	78.33	170.4	-58.87
95.8666666666667	-3.105	0.01041	74.07	170	-52.82
95.8833333333333	-3.082	0.01357	69.75	169.4	-50.15
95.9	-3.075	0.01357	64.76	169.8	-47.24
95.9166666666667	-3.078	0.01672	58.81	170.6	-40.36
95.9333333333333	-3.075	0.01041	53.18	171.1	-32.81
95.95	-3.044	0.01041	46.5	170.2	-26.82
95.9666666666667	-3.007	0.01041	38.24	169.4	-23.02
95.9833333333333	-2.976	0.01041	27.93	169.8	-17.85
96	-2.946	0.01357	17.02	170.2	-10.18
96.0166666666667	-2.841	0.01357	6.023	170.2	-3.023
96.0333333333333	-2.304	0.007261	1.946	169.8	-2.473
96.05	-0.7058	0.01357	0.9732	169.4	-3.657
96.0666666666667	0.8957	0.01672	8.601	170.4	21.56
96.0833333333333	0.9438	0.01357	9.837	170.9	27.85
96.1	0.9825	0.01041	11.97	170.6	33.57
96.1166666666667	1.05	0.01041	14.49	169.6	37.64
96.1333333333333	1.102	0.01041	15.89	169.2	41.38
96.15	1.135	0.01357	16.65	170.4	46.62
96.1666666666667	1.156	0.01357	17.91	170.9	53.21
96.1833333333333	1.186	0.01357	20.09	170.6	58.73
96.2	1.221	0.01357	21.65	169.6	60.06
96.2166666666667	1.243	0.01357	21.88	169.8	60.74
96.2333333333333	1.244	0.01357	21.8	171.1	63.2
96.25	1.242	0.01041	22.38	170.6	66.32
96.2666666666667	1.257	0.01041	23.51	169.8	67.65
96.2833333333333	1.276	0.007261	23.99	170	65.92
96.3	1.28	0.01357	23.54	170	64.27
96.3166666666667	1.263	0.01357	22.67	170.9	64.33
96.3333333333333	1.255	0.01041	22.99	171.1	65.47
96.35	1.263	0.004108	24.09	169.8	65.36
96.3666666666667	1.278	0.01041	24.17	169.4	62.76
96.3833333333333	1.277	0.01357	23.25	170	59.7
96.4	1.258	0.01041	23.01	170.9	54.3
96.4166666666667	1.241	0.01357	23.57	171.1	43.45
96.4333333333333	1.245	0.007261	24.01	170	35.65
96.45	1.248	0.01041	23.04	169.6	26.77
96.4666666666667	1.233	0.01672	21.28	169.6	19.15
96.4833333333333	1.205	0.01357	18.23	170.9	13.86
96.5	1.18	0.01041	16.04	170.9	9.35
96.5166666666667	1.157	0.01041	12.6	169.6	2.382
96.5333333333333	1.11	0.01357	5.865	169.8	-5.125
96.55	0.6447	0.01672	0.5523	169.8	-7.258
96.5666666666667	-1.6	0.01357	2.683	170.9	-8.29
96.5833333333333	-2.871	0.01041	51.84	170.6	-41.67
96.6	-2.871	0.01357	51.45	169.8	-40.66
96.6166666666667	-2.852	0.01041	50.29	169	-41.36
96.6333333333333	-2.863	0.01672	48.61	169.6	-42.31
96.65	-2.878	0.01988	48.61	170.9	-41.61
96.6666666666667	-2.927	0.01041	57.02	170.9	-45.93
96.6833333333333	-2.961	0.007261	65.12	169.8	-52.35
96.7	-3.003	0.01041	71.12	169.8	-58.86
96.7166666666667	-3.044	0.01672	74.49	170	-62.8
96.7333333333333	-3.086	0.01357	77.17	171.1	-63.04
96.75	-3.101	0.01041	80.06	170.4	-63.11
96.7666666666667	-3.101	0.007261	82.01	169.8	-64.75
96.7833333333333	-3.097	0.01357	82.22	169.6	-67.53
96.8	-3.109	0.01672	81.01	170.2	-67.62
96.8166666666667	-3.124	0.01357	80.33	170.9	-64.92
96.8333333333333	-3.124	0.007261	80.91	170	-62.31
96.85	-3.105	0.007261	79.33	169.6	-59.58
96.8666666666667	-3.09	0.01041	74.17	169.4	-56.05
96.8833333333333	-3.093	0.01357	68.91	170.6	-51.84
96.9	-3.101	0.01041	64.02	170.6	-44.74
96.9166666666667	-3.082	0.01041	59.23	170.6	-37.84
96.9333333333333	-3.056	0.007261	54.13	169.4	-33.96
96.95	-3.029	0.01357	46.08	169.6	-30.12
96.9666666666667	-3.007	0.007261	37.9	169.6	-21.5
96.9833333333333	-2.995	0.01357	27.51	170.6	-14.89
97	-2.939	0.01041	16.97	170	-7.325
97.0166666666667	-2.818	0.007261	6.128	169	-3.858
97.0333333333333	-2.261	0.01041	1.683	169	-5.218
97.05	-0.6879	0.01357	0.07891	169.8	-4.182
97.0666666666667	0.9051	0.01357	8.811	171.1	24.54
97.0833333333333	0.9561	0.01041	10.65	170.6	29.5
97.1	1.015	0.01041	12.49	169.4	31.99
97.1166666666667	1.066	0.01357	13.94	169.4	35.73
97.1333333333333	1.106	0.01357	14.89	170.2	40.79
97.15	1.135	0.01041	16.68	170.6	49.09
97.1666666666667	1.168	0.01041	18.73	170.4	54.74
97.1833333333333	1.211	0.007261	20.91	169.6	57.46
97.2	1.24	0.01357	21.04	170	58.2
97.2166666666667	1.247	0.01357	21.25	170.4	60.67
97.2333333333333	1.246	0.01041	21.7	170.9	64.47
97.25	1.261	0.007261	23.17	170	67.07
97.2666666666667	1.28	0.007261	23.86	169.8	66.3
97.2833333333333	1.292	0.01041	23.7	169.4	64.91
97.3	1.28	0.01357	22.7	170.4	64.65
97.3166666666667	1.269	0.01041	22.75	171.1	66.04
97.3333333333333	1.274	0.01041	23.67	170.2	66.05
97.35	1.29	0.01041	24.25	169.4	63.58
97.3666666666667	1.293	0.007261	23.96	169.6	60.84
97.3833333333333	1.283	0.01357	22.91	170	60.08
97.4	1.265	0.01357	22.99	170.9	55.89
97.4166666666667	1.258	0.01041	24.15	170.6	43.57
97.4333333333333	1.264	0.01041	23.96	169.4	34.45
97.45	1.261	0.01041	22.38	169.4	25.43
97.4666666666667	1.241	0.01672	20.7	170.2	19.58
97.4833333333333	1.214	0.01357	18.73	171.1	15
97.5	1.2	0.01041	16.83	170.2	9.422
97.5166666666667	1.184	0.01357	13.2	169.6	1.492
97.5333333333333	1.123	0.01357	5.681	169.6	-5.566
97.55	0.6239	0.01357	0.263	170.2	-6.436
97.5666666666667	-1.665	0.01357	3.472	170.9	-7.511
97.5833333333333	-2.867	0.007261	52.18	170.2	-41.72
97.6	-2.867	0.004108	51.29	169.6	-41.51
97.6166666666667	-2.856	0.01357	49.74	169.4	-42.43
97.6333333333333	-2.867	0.01357	48.26	170.4	-41.53
97.65	-2.878	0.01041	48.34	170.9	-40.48
97.6666666666667	-2.912	0.007261	57.23	170	-45.71
97.6833333333333	-2.961	0.007261	65.28	169.2	-52.86
97.7	-3.007	0.01357	71.02	170	-59.33
97.7166666666667	-3.052	0.01357	74.44	170.4	-62.48
97.7333333333333	-3.086	0.01357	77.33	171.1	-62.65
97.75	-3.101	0.01041	80.43	170.4	-62.71
97.7666666666667	-3.097	0.01041	82.33	169	-65.59
97.7833333333333	-3.101	0.01357	82.17	169.2	-67.72
97.8	-3.112	0.01672	81.06	170	-67.95
97.8166666666667	-3.127	0.01357	80.7	170.6	-64.12
97.8333333333333	-3.124	0.01041	80.75	170	-62.45
97.85	-3.109	0.01357	79.33	169.6	-59.85
97.8666666666667	-3.093	0.01041	73.8	169.6	-56.59
97.8833333333333	-3.093	0.01357	68.96	170	-51.62
97.9	-3.101	0.01357	64.13	171.1	-45.08
97.9166666666667	-3.082	0.01041	59.81	170.4	-37.84
97.9333333333333	-3.056	0.007261	54.31	169.6	-33.83
97.95	-3.033	0.01357	46.74	169.2	-29.84
97.9666666666667	-3.018	0.01357	36.9	170.2	-23.76
97.9833333333333	-2.995	0.01357	27.28	170.4	-15.09
98	-2.946	0.01041	17.7	170.4	-7.465
98.0166666666667	-2.824	0.007261	6.576	169.8	-3.94
98.0333333333333	-2.246	0.01357	1.447	169.4	-5.094
98.05	-0.6591	0.01357	-0.1052	170.2	-4.577
98.0666666666667	0.9136	0.01357	8.706	171.1	24.54
98.0833333333333	0.9655	0.01041	10.63	170.4	29.25
98.1	1.02	0.007261	12.47	169.6	32.68
98.1166666666667	1.079	0.01041	14.07	169.4	35.85
98.1333333333333	1.117	0.01357	14.91	169.8	41.49
98.15	1.147	0.01357	16.39	170.4	48.71
98.1666666666667	1.179	0.007261	18.73	170	54.55
98.1833333333333	1.222	0.01041	20.54	169.8	57.39
98.2	1.25	0.01357	21.38	169	58.34
98.2166666666667	1.263	0.01357	21.49	169.8	60.67
98.2333333333333	1.26	0.01041	21.88	170.9	64.52
98.25	1.268	0.01041	22.8	170.9	67.12
98.2666666666667	1.285	0.007261	23.65	170	66.99
98.2833333333333	1.301	0.01357	23.72	168.8	64.85
98.3	1.297	0.01357	22.91	170.2	63.94
98.3166666666667	1.284	0.01672	22.59	170.6	65.02
98.3333333333333	1.281	0.01041	23.3	170.2	66.17
98.35	1.295	0.007261	23.86	169.6	64.77
98.3666666666667	1.305	0.01041	23.91	169	61.73
98.3833333333333	1.298	0.01672	22.65	169.8	59.57
98.4	1.28	0.01357	22.88	170.4	55.57
98.4166666666667	1.264	0.007261	23.57	170.4	43
98.4333333333333	1.27	0.01357	23.78	169.6	35.59
98.45	1.274	0.01041	22.83	169	26.77
98.4666666666667	1.26	0.01041	20.96	170	18.95
98.4833333333333	1.231	0.01357	18.39	171.1	13.28
98.5	1.206	0.01041	16.07	171.1	9.597
98.5166666666667	1.186	0.007261	12.81	169.8	2.822
98.5333333333333	1.126	0.01357	5.471	169.4	-5.053
98.55	0.656	0.01357	0.8417	169.6	-7.253
98.5666666666667	-1.606	0.01357	2.499	170.9	-9.075
98.5833333333333	-2.882	0.01041	52.63	170.9	-42.53
98.6	-2.882	0.007261	52.08	169.6	-40.86
98.6166666666667	-2.871	0.007261	51.13	169.2	-40.84
98.6333333333333	-2.871	0.01357	49.26	170	-42.18
98.65	-2.871	0.007261	49.87	169.4	-42.04
98.6666666666667	-2.927	0.01041	56.5	170.6	-46.19
98.6833333333333	-2.973	0.007261	65.39	170	-51.76
98.7	-3.01	0.007261	71.44	169.4	-58.39
98.7166666666667	-3.044	0.01357	74.75	169.8	-62.8
98.7333333333333	-3.086	0.01672	76.96	170.9	-63.84
98.75	-3.109	0.007261	79.91	171.1	-63.58
98.7666666666667	-3.112	0.007261	82.06	170.2	-64.03
98.7833333333333	-3.101	0.01041	82.43	169.6	-66.4
98.8	-3.105	0.01357	81.7	169.8	-68.07
98.8166666666667	-3.124	0.01357	80.85	170.9	-66.44
98.8333333333333	-3.131	0.007261	80.49	170.4	-62.79
98.85	-3.116	0.01041	79.33	170.2	-58.8
98.8666666666667	-3.097	0.01041	74.49	169.6	-54.73
98.8833333333333	-3.086	0.01357	69.44	169.6	-51.94
98.9	-3.093	0.01357	64.02	170.4	-46.13
98.9166666666667	-3.093	0.007261	58.76	170.6	-38.64
98.9333333333333	-3.071	0.01357	53.55	170.2	-32.46
98.95	-3.037	0.01041	46.71	169.4	-28.32
98.9666666666667	-3.014	0.01357	37.4	169.6	-23.62
98.9833333333333	-2.991	0.01357	27.99	170	-17.4
99	-2.95	0.01357	16.75	171.1	-8.272
99.0166666666667	-2.837	0.007261	5.997	170	-2.754
99.0333333333333	-2.289	0.01041	2.157	169.2	-3.447
99.05	-0.6917	0.01041	0.6313	169.4	-4.369
99.0666666666667	0.9344	0.01357	8.575	170.4	22.12
99.0833333333333	0.9731	0.01357	9.89	170.6	28.1
99.1	1.022	0.007261	12.15	170.4	33.75
99.1166666666667	1.087	0.007261	14.39	169.4	37.75
99.1333333333333	1.141	0.007261	15.83	169.2	41.17
99.15	1.171	0.01357	16.7	170	46.67
99.1666666666667	1.193	0.01357	18.02	171.1	53.44
99.1833333333333	1.22	0.01041	20.2	170.4	58.46
99.2	1.257	0.01041	21.67	169.4	60.74
99.2166666666667	1.284	0.01357	22.15	169.6	60.66
99.2333333333333	1.286	0.01672	21.83	170	62.3
99.25	1.28	0.01357	22.46	170.6	66.23
99.2666666666667	1.29	0.01041	23.46	170.4	67.94
99.2833333333333	1.308	0.007261	24.3	169.6	67.3
99.3	1.318	0.01041	23.94	169.4	64.76
99.3166666666667	1.31	0.01672	22.96	170	63.11
99.3333333333333	1.296	0.01357	22.49	170.6	63.93
99.35	1.294	0.007261	23.3	170.9	65.32
99.3666666666667	1.308	0.007261	24.12	170	63.93
99.3833333333333	1.318	0.01041	23.86	169.2	60.52
99.4	1.311	0.01357	23.36	170	53.21
99.4166666666667	1.283	0.01357	23.04	170.6	41.34
99.4333333333333	1.269	0.007261	22.8	170.4	35.63
99.45	1.272	0.01357	22.8	169.8	28.98
99.4666666666667	1.276	0.01041	21.78	169.4	20.1
99.4833333333333	1.259	0.01672	18.94	170	12.22
99.5	1.225	0.01672	15.6	170.9	6.678
99.5166666666667	1.187	0.01357	11.86	170.6	2.744
99.5333333333333	1.125	0.01041	5.576	169.8	-2.326
99.55	0.6376	0.01041	1.71	169	-5.39
99.5666666666667	-1.668	0.01357	3.84	169.6	-10.37
99.5833333333333	-2.869	0.01357	51.5	170.4	-44.97
99.6	-2.886	0.01041	50.32	170.9	-41.21
99.6166666666667	-2.878	0.01041	50.45	169.8	-39.01
99.6333333333333	-2.859	0.007261	50.05	169.2	-39.91
99.65	-2.859	0.01357	49.03	169.6	-42.97
99.6666666666667	-2.912	0.01357	55.66	170.6	-48.7
99.6833333333333	-2.98	0.01357	63.81	170.9	-52.18
99.7	-3.029	0.007261	70.96	170.4	-55.77
99.7166666666667	-3.044	0.007261	75.54	169.4	-60.66
99.7333333333333	-3.067	0.01357	78.33	169.6	-64.99
99.75	-3.093	0.01672	79.64	170.4	-66.68
99.7666666666667	-3.12	0.01357	81.06	170.4	-64.51
99.7833333333333	-3.124	0.007261	82.01	170	-63.84
99.8	-3.112	0.01041	82.85	169.6	-65.15
99.8166666666667	-3.105	0.01041	81.64	169.6	-67
99.8333333333333	-3.116	0.01357	80.43	170.2	-66.63
99.85	-3.124	0.01357	77.96	171.1	-60.55
99.8666666666667	-3.116	0.01357	74.01	170.2	-52.83
99.8833333333333	-3.093	0.01041	70.17	169.6	-49.16
99.9	-3.075	0.01357	65.44	169.4	-46.37
99.9166666666667	-3.078	0.01357	58.71	170	-41.61
99.9333333333333	-3.056	0.01357	53.24	169.6	-36.42
99.95	-3.059	0.01041	45.87	170.4	-26.36
99.9666666666667	-3.022	0.007261	38.35	169.6	-20.57
99.9833333333333	-2.976	0.01041	28.75	169.6	-16.79
100	-2.931	0.01357	17.15	170	-12.09
