# SAND TRIAXIAL TEST DATABASE | one file per material | empty cell = not available
# ===== [1] FILE_INFO =====
key,value
format_version,1.1
material_id,01
material_name,Karlsruhe fine sand
material_type,natural silica sand
testing_laboratory,"Karlsruhe Institute of Technology (KIT), Germany"
origin,"Rhine valley, Germany"
license,CC-BY-4.0
date_compiled,2026-08-11
compiled_by,"Huan Wang, Norwegian Geotechnical Institute"

# ===== [2] SOURCES =====
source_id,role,citation,doi_or_url,type
S1,data source,"Wichtmann, T. & Triantafyllidis, T. (2016). An experimental database for the development, calibration and verification of constitutive models for sand with focus to cyclic loading: part I - tests with monotonic loading and stress cycles. Acta Geotechnica, 11(4), 739-761.",https://doi.org/10.1007/s11440-015-0402-z,journal article

# ===== [3] INDEX_PROPERTIES =====
property,symbol,value,unit
median grain size,d50,0.14,mm
coefficient of uniformity,Cu,1.5,-
specific gravity,Gs,2.65,-
maximum void ratio,e_max,1.054,-
minimum void ratio,e_min,0.677,-
critical state friction angle,phi_c,33.1,deg

# ===== [4] PARTICLE_SIZE_DISTRIBUTION =====
sieving_id,label,grain_diameter[mm],finer_by_weight[%]
1,,0.0631,1.53
1,,0.0795,4.83
1,,0.1002,11.96
1,,0.1249,28.24
1,,0.1581,84.99
1,,0.2441,99.75
1,,0.3135,100

# ===== [5] TEST_PROGRAMME =====
test_id,source_test_id,test_type,drainage,loading,consolidation,K_c[-],OCR[-],sigma_r0[kPa],sigma_v0[kPa],e_0[-],Dr_0[%],n_points,source_id,notes
TMD1,,triaxial compression,drained,monotonic,isotropic,1,1,50.6,52.7,0.9961,15.3,201,S1,
TMD2,,triaxial compression,drained,monotonic,isotropic,1,1,100.2,100,0.9753,20.9,201,S1,
TMD3,,triaxial compression,drained,monotonic,isotropic,1,1,201,203.5,0.9751,20.9,201,S1,
TMD4,,triaxial compression,drained,monotonic,isotropic,1,1,300,301.2,0.97,22.3,201,S1,
TMD5,,triaxial compression,drained,monotonic,isotropic,1,1,398.3,398.5,0.9598,25,201,S1,
TMD6,,triaxial compression,drained,monotonic,isotropic,1,1,49.9,51.7,0.8798,46.2,201,S1,
TMD7,,triaxial compression,drained,monotonic,isotropic,1,1,100.6,103.7,0.8622,50.9,201,S1,
TMD8,,triaxial compression,drained,monotonic,isotropic,1,1,199.2,202,0.8589,51.7,201,S1,
TMD9,,triaxial compression,drained,monotonic,isotropic,1,1,298.4,300.2,0.8476,54.7,201,S1,
TMD10,,triaxial compression,drained,monotonic,isotropic,1,1,400.5,414,0.8467,55,201,S1,
TMD11,,triaxial compression,drained,monotonic,isotropic,1,1,50.9,52.9,0.8401,56.7,201,S1,
TMD12,,triaxial compression,drained,monotonic,isotropic,1,1,100.6,102,0.8168,62.9,201,S1,
TMD13,,triaxial compression,drained,monotonic,isotropic,1,1,199.8,201.6,0.8178,62.7,201,S1,
TMD14,,triaxial compression,drained,monotonic,isotropic,1,1,298.4,300,0.8136,63.8,201,S1,
TMD15,,triaxial compression,drained,monotonic,isotropic,1,1,392.1,393,0.7993,67.6,201,S1,
TMD16,,triaxial compression,drained,monotonic,isotropic,1,1,50.9,52.6,0.7435,82.4,201,S1,
TMD17,,triaxial compression,drained,monotonic,isotropic,1,1,99.6,101.6,0.7582,78.5,201,S1,
TMD18,,triaxial compression,drained,monotonic,isotropic,1,1,200.3,203.1,0.7483,81.1,201,S1,
TMD19,,triaxial compression,drained,monotonic,isotropic,1,1,299,300.8,0.7341,84.9,201,S1,
TMD20,,triaxial compression,drained,monotonic,isotropic,1,1,401.5,404.4,0.7526,79.9,201,S1,
TMD21,,triaxial compression,drained,monotonic,isotropic,1,1,48.9,50.6,0.7328,85.2,201,S1,
TMD22,,triaxial compression,drained,monotonic,isotropic,1,1,99.2,101.3,0.7351,84.6,201,S1,
TMD23,,triaxial compression,drained,monotonic,isotropic,1,1,199.7,202.2,0.7065,92.2,201,S1,
TMD24,,triaxial compression,drained,monotonic,isotropic,1,1,300.8,302.8,0.697,94.7,201,S1,
TMD25,,triaxial compression,drained,monotonic,isotropic,1,1,398.5,400.6,0.7178,89.2,201,S1,

# ===== [6] TEST_DATA =====
test_id,eps_a[%],eps_v[%],sigma_r[kPa],sigma_v[kPa]
TMD1,0,0,50.58,52.71
TMD1,0.1,0.0586,50.6,66.56
TMD1,0.2,0.1165,50.54,74.06
TMD1,0.3,0.1841,50.47,80.6
TMD1,0.4,0.2368,50.46,84.99
TMD1,0.5,0.2838,50.46,88.72
TMD1,0.6,0.3331,50.49,92.54
TMD1,0.7,0.3817,50.38,95.98
TMD1,0.8,0.4238,50.37,99.02
TMD1,0.9,0.4649,50.36,101.8
TMD1,1,0.5042,50.34,104.45
TMD1,1.1,0.5406,50.32,106.85
TMD1,1.2,0.5733,50.33,109.01
TMD1,1.3,0.6048,50.32,111.07
TMD1,1.4,0.6353,50.32,112.97
TMD1,1.5,0.6592,50.38,112.04
TMD1,1.6,0.6922,50.35,116.82
TMD1,1.7,0.7176,50.38,118.39
TMD1,1.8,0.7436,50.37,119.98
TMD1,1.9,0.768,50.32,121.51
TMD1,2,0.7902,50.33,122.94
TMD1,2.1,0.8122,50.31,124.33
TMD1,2.2,0.8316,50.29,125.55
TMD1,2.3,0.8504,50.32,126.8
TMD1,2.4,0.8689,50.27,127.91
TMD1,2.5,0.888,50.31,129.18
TMD1,2.6,0.9064,50.28,130.28
TMD1,2.7,0.9228,50.32,131.45
TMD1,2.8,0.939,50.3,132.48
TMD1,2.9,0.9541,50.28,133.46
TMD1,3,0.9674,50.22,134.25
TMD1,3.1,0.9815,50.27,135.31
TMD1,3.2,0.9947,50.26,136.21
TMD1,3.3,1.0076,50.24,137.12
TMD1,3.4,1.02,50.27,137.95
TMD1,3.5,1.0316,50.25,138.73
TMD1,3.6,1.0437,50.2,139.51
TMD1,3.7,1.0548,50.19,140.35
TMD1,3.8,1.0649,50.2,141.06
TMD1,3.9,1.075,50.2,141.82
TMD1,4,1.0849,50.15,142.52
TMD1,4.1,1.0922,50.19,143.18
TMD1,4.2,1.1013,50.17,143.81
TMD1,4.3,1.1096,50.19,144.49
TMD1,4.4,1.1171,50.2,145.14
TMD1,4.5,1.1243,50.19,145.7
TMD1,4.6,1.1318,50.2,146.33
TMD1,4.7,1.1385,50.23,146.97
TMD1,4.8,1.1442,50.18,147.5
TMD1,4.9,1.151,50.21,148
TMD1,5,1.1557,50.16,148.48
TMD1,5.1,1.1619,50.16,149.09
TMD1,5.2,1.1675,50.11,149.56
TMD1,5.3,1.1723,50.12,150.1
TMD1,5.4,1.177,50.16,150.6
TMD1,5.5,1.1815,50.14,151.08
TMD1,5.6,1.1853,50.1,151.53
TMD1,5.7,1.1893,50.13,151.99
TMD1,5.8,1.1927,50.12,152.44
TMD1,5.9,1.1968,50.14,152.91
TMD1,6,1.1994,50.14,153.34
TMD1,6.1,1.2025,50.15,153.76
TMD1,6.2,1.2057,50.17,154.24
TMD1,6.3,1.2084,50.19,154.66
TMD1,6.4,1.2106,50.12,155.02
TMD1,6.5,1.2127,50.11,155.41
TMD1,6.6,1.2149,50.14,155.81
TMD1,6.7,1.2169,50.17,156.15
TMD1,6.8,1.2184,50.29,156.73
TMD1,6.9,1.2199,50.27,157.04
TMD1,7,1.2211,50.23,157.43
TMD1,7.1,1.2222,50.24,157.82
TMD1,7.2,1.2234,50.22,158.1
TMD1,7.3,1.2242,50.2,158.46
TMD1,7.4,1.2252,50.21,158.84
TMD1,7.5,1.2262,50.2,159.14
TMD1,7.6,1.2262,50.19,159.45
TMD1,7.7,1.2262,50.15,159.69
TMD1,7.8,1.226,50.18,160.11
TMD1,7.9,1.2262,50.23,160.48
TMD1,8,1.2259,50.25,160.81
TMD1,8.1,1.2257,50.24,161.1
TMD1,8.2,1.2246,50.18,161.33
TMD1,8.3,1.2233,50.19,161.62
TMD1,8.4,1.2227,50.24,161.91
TMD1,8.5,1.2215,50.2,162.14
TMD1,8.6,1.2193,50.2,162.43
TMD1,8.7,1.2181,50.21,162.75
TMD1,8.8,1.2159,50.2,162.94
TMD1,8.9,1.2135,50.25,163.27
TMD1,9,1.2117,50.24,163.54
TMD1,9.1,1.2084,50.2,163.82
TMD1,9.2,1.2059,50.23,164.06
TMD1,9.3,1.203,50.26,164.31
TMD1,9.4,1.2005,50.23,164.47
TMD1,9.5,1.1975,50.25,164.7
TMD1,9.6,1.1945,50.28,164.99
TMD1,9.7,1.1917,50.26,165.24
TMD1,9.8,1.1886,50.24,165.42
TMD1,9.9,1.1861,50.29,165.69
TMD1,10,1.1826,50.27,165.94
TMD1,10.1,1.179,50.32,166.17
TMD1,10.2,1.1759,50.35,166.43
TMD1,10.3,1.1741,50.29,166.57
TMD1,10.4,1.1714,50.31,166.72
TMD1,10.5,1.1694,50.29,166.93
TMD1,10.6,1.1667,50.25,167.15
TMD1,10.7,1.1631,50.37,167.5
TMD1,10.8,1.1602,50.33,167.65
TMD1,10.9,1.1583,50.32,167.8
TMD1,11,1.1546,50.3,168.02
TMD1,11.1,1.1522,50.3,168.2
TMD1,11.2,1.1494,50.36,168.42
TMD1,11.3,1.1459,50.31,168.58
TMD1,11.4,1.1423,50.26,168.73
TMD1,11.5,1.1389,50.33,168.98
TMD1,11.6,1.1355,50.36,169.17
TMD1,11.7,1.1309,50.37,169.41
TMD1,11.8,1.128,50.34,169.53
TMD1,11.9,1.1246,50.39,169.72
TMD1,12,1.1207,50.32,169.83
TMD1,12.1,1.1173,50.41,170.1
TMD1,12.2,1.1135,50.42,170.27
TMD1,12.3,1.1103,50.45,170.46
TMD1,12.4,1.106,50.43,170.6
TMD1,12.5,1.1029,50.36,170.71
TMD1,12.6,1.0985,50.33,170.85
TMD1,12.7,1.0943,50.32,170.94
TMD1,12.8,1.0899,50.44,171.27
TMD1,12.9,1.0861,50.46,171.45
TMD1,13,1.0822,50.41,171.51
TMD1,13.1,1.078,50.39,171.64
TMD1,13.2,1.074,50.42,171.83
TMD1,13.3,1.07,50.4,171.99
TMD1,13.4,1.0666,50.42,172.17
TMD1,13.5,1.0606,50.44,172.28
TMD1,13.6,1.0571,50.36,172.37
TMD1,13.7,1.0527,50.33,172.5
TMD1,13.8,1.0482,50.37,172.64
TMD1,13.9,1.0438,50.39,172.75
TMD1,14,1.0397,50.35,172.78
TMD1,14.1,1.0357,50.37,172.9
TMD1,14.2,1.0311,50.34,172.94
TMD1,14.3,1.0274,50.35,173.12
TMD1,14.4,1.023,50.36,173.2
TMD1,14.5,1.0186,50.36,173.26
TMD1,14.6,1.0143,50.4,173.49
TMD1,14.7,1.0094,50.41,173.7
TMD1,14.8,1.0056,50.42,173.83
TMD1,14.9,1.0016,50.42,173.96
TMD1,15,0.9967,50.45,174.1
TMD1,15.1,0.9919,50.43,174.13
TMD1,15.2,0.9883,50.43,174.24
TMD1,15.3,0.9834,50.37,174.3
TMD1,15.4,0.9793,50.35,174.43
TMD1,15.5,0.9746,50.43,174.63
TMD1,15.6,0.9698,50.46,174.87
TMD1,15.7,0.9657,50.46,174.84
TMD1,15.8,0.9613,50.48,175
TMD1,15.9,0.9564,50.55,175.09
TMD1,16,0.953,50.52,175.1
TMD1,16.1,0.9486,50.49,175.18
TMD1,16.2,0.9437,50.48,175.3
TMD1,16.3,0.9386,50.51,175.46
TMD1,16.4,0.934,50.53,175.57
TMD1,16.5,0.929,50.55,175.7
TMD1,16.6,0.9253,50.52,175.73
TMD1,16.7,0.9197,50.53,175.8
TMD1,16.8,0.9147,50.51,175.92
TMD1,16.9,0.9097,50.52,176
TMD1,17,0.9052,50.55,176.11
TMD1,17.1,0.9006,50.53,176.14
TMD1,17.2,0.8958,50.55,176.23
TMD1,17.3,0.8917,50.56,176.32
TMD1,17.4,0.8862,50.58,176.43
TMD1,17.5,0.8814,50.56,176.5
TMD1,17.6,0.8771,50.55,176.52
TMD1,17.7,0.8721,50.57,176.62
TMD1,17.8,0.8673,50.62,176.7
TMD1,17.9,0.8625,50.6,176.76
TMD1,18,0.858,50.6,176.81
TMD1,18.1,0.8536,50.6,176.89
TMD1,18.2,0.8481,50.64,176.94
TMD1,18.3,0.8433,50.68,177
TMD1,18.4,0.8387,50.68,177.07
TMD1,18.5,0.8331,50.67,177.07
TMD1,18.6,0.8287,50.67,177.12
TMD1,18.7,0.8237,50.6,177.08
TMD1,18.8,0.8189,50.59,177.15
TMD1,18.9,0.8136,50.59,177.13
TMD1,19,0.81,50.54,177.11
TMD1,19.1,0.8047,50.55,177.05
TMD1,19.2,0.8005,50.53,176.88
TMD1,19.3,0.7956,50.5,176.97
TMD1,19.4,0.7915,50.57,177.07
TMD1,19.5,0.7872,50.58,176.97
TMD1,19.6,0.7829,50.6,177.07
TMD1,19.7,0.7781,50.67,177.19
TMD1,19.8,0.7731,50.61,177.11
TMD1,19.9,0.7688,50.61,177.14
TMD1,20,0.7643,50.65,177.17
TMD2,0,0,100.18,100.02
TMD2,0.1,0.0643,100.13,126.35
TMD2,0.2,0.1235,100.11,141.32
TMD2,0.3,0.2098,100.09,155.68
TMD2,0.4,0.2792,99.99,165.93
TMD2,0.5,0.334,99.94,174.63
TMD2,0.6,0.3644,99.97,180.78
TMD2,0.7,0.3969,99.99,187.25
TMD2,0.8,0.4422,99.99,194.77
TMD2,0.9,0.4843,99.91,200.92
TMD2,1,0.5234,99.95,206.51
TMD2,1.1,0.5604,99.97,211.63
TMD2,1.2,0.5951,99.94,216.58
TMD2,1.3,0.6267,99.87,220.65
TMD2,1.4,0.6577,99.83,224.86
TMD2,1.5,0.6876,99.82,228.82
TMD2,1.6,0.7157,99.82,232.31
TMD2,1.7,0.7414,99.86,235.84
TMD2,1.8,0.7658,99.9,238.91
TMD2,1.9,0.7912,99.86,242.14
TMD2,2,0.8159,99.88,245.26
TMD2,2.1,0.8402,99.85,248.23
TMD2,2.2,0.8622,99.89,251.11
TMD2,2.3,0.8814,99.92,253.72
TMD2,2.4,0.9007,99.83,256.15
TMD2,2.5,0.918,99.78,258.34
TMD2,2.6,0.9356,99.8,260.8
TMD2,2.7,0.9543,99.79,263.25
TMD2,2.8,0.9688,99.86,265.21
TMD2,2.9,0.9848,99.78,267.23
TMD2,3,0.9989,99.77,269.08
TMD2,3.1,1.0139,99.77,271.27
TMD2,3.2,1.0267,99.78,273.11
TMD2,3.3,1.0393,99.77,274.87
TMD2,3.4,1.0523,99.72,276.55
TMD2,3.5,1.0618,99.72,277.96
TMD2,3.6,1.0727,99.74,279.59
TMD2,3.7,1.0839,99.69,281.13
TMD2,3.8,1.0938,99.7,282.58
TMD2,3.9,1.1035,99.72,284.14
TMD2,4,1.1129,99.72,285.5
TMD2,4.1,1.122,99.7,286.81
TMD2,4.2,1.1303,99.73,288.15
TMD2,4.3,1.1373,99.75,289.32
TMD2,4.4,1.1452,99.71,290.51
TMD2,4.5,1.1528,99.7,291.85
TMD2,4.6,1.1605,99.68,293.14
TMD2,4.7,1.1672,99.71,294.31
TMD2,4.8,1.1733,99.76,295.44
TMD2,4.9,1.1791,99.71,296.47
TMD2,5,1.1846,99.71,297.59
TMD2,5.1,1.1901,99.71,298.51
TMD2,5.2,1.1956,99.7,299.59
TMD2,5.3,1.2004,99.68,300.6
TMD2,5.4,1.2048,99.72,301.45
TMD2,5.5,1.2094,99.65,302.44
TMD2,5.6,1.2133,99.7,303.48
TMD2,5.7,1.2162,99.71,304.32
TMD2,5.8,1.2202,99.69,305.13
TMD2,5.9,1.2231,99.71,306.07
TMD2,6,1.2266,99.71,306.91
TMD2,6.1,1.2295,99.56,307.62
TMD2,6.2,1.2324,99.65,308.48
TMD2,6.3,1.235,99.63,309.34
TMD2,6.4,1.237,99.63,310.17
TMD2,6.5,1.2391,99.66,311.03
TMD2,6.6,1.2408,99.57,311.67
TMD2,6.7,1.2421,99.65,312.42
TMD2,6.8,1.2432,99.61,313.1
TMD2,6.9,1.2443,99.61,313.72
TMD2,7,1.2452,99.6,314.41
TMD2,7.1,1.2456,99.62,315.11
TMD2,7.2,1.2463,99.67,315.87
TMD2,7.3,1.2468,99.63,316.47
TMD2,7.4,1.2469,99.69,317.07
TMD2,7.5,1.2475,99.69,317.65
TMD2,7.6,1.247,99.62,318.09
TMD2,7.7,1.2463,99.68,318.73
TMD2,7.8,1.2456,99.63,319.24
TMD2,7.9,1.2447,99.63,319.75
TMD2,8,1.2433,99.68,320.26
TMD2,8.1,1.2422,99.7,320.79
TMD2,8.2,1.2405,99.67,321.31
TMD2,8.3,1.2387,99.7,321.84
TMD2,8.4,1.2359,99.67,322.37
TMD2,8.5,1.2337,99.63,322.77
TMD2,8.6,1.2314,99.75,323.42
TMD2,8.7,1.2287,99.66,323.84
TMD2,8.8,1.2258,99.66,324.29
TMD2,8.9,1.222,99.7,324.78
TMD2,9,1.2188,99.7,325.18
TMD2,9.1,1.215,99.67,325.65
TMD2,9.2,1.2115,99.65,326.04
TMD2,9.3,1.2074,99.66,326.41
TMD2,9.4,1.2036,99.64,326.86
TMD2,9.5,1.2002,99.67,327.22
TMD2,9.6,1.1968,99.66,327.71
TMD2,9.7,1.1938,99.66,328.03
TMD2,9.8,1.192,99.69,328.36
TMD2,9.9,1.1879,99.7,328.72
TMD2,10,1.1846,99.69,329.04
TMD2,10.1,1.1814,99.7,329.46
TMD2,10.2,1.1786,99.69,329.82
TMD2,10.3,1.1748,99.7,330.17
TMD2,10.4,1.1713,99.67,330.48
TMD2,10.5,1.1682,99.66,330.76
TMD2,10.6,1.1655,99.66,331.08
TMD2,10.7,1.1618,99.66,331.4
TMD2,10.8,1.1578,99.74,331.84
TMD2,10.9,1.1535,99.71,332.19
TMD2,11,1.1502,99.72,332.53
TMD2,11.1,1.1461,99.74,332.92
TMD2,11.2,1.1427,99.69,333.15
TMD2,11.3,1.1387,99.68,333.36
TMD2,11.4,1.1345,99.71,333.75
TMD2,11.5,1.1305,99.74,334.04
TMD2,11.6,1.1264,99.81,334.5
TMD2,11.7,1.1224,99.76,334.7
TMD2,11.8,1.118,99.69,334.97
TMD2,11.9,1.1137,99.66,335.29
TMD2,12,1.1092,99.73,335.6
TMD2,12.1,1.1044,99.72,335.9
TMD2,12.2,1.0995,99.71,336.09
TMD2,12.3,1.0954,99.77,336.46
TMD2,12.4,1.0915,99.75,336.68
TMD2,12.5,1.0868,99.72,336.87
TMD2,12.6,1.0817,99.77,337.19
TMD2,12.7,1.0774,99.77,337.46
TMD2,12.8,1.0726,99.72,337.66
TMD2,12.9,1.0678,99.76,338.01
TMD2,13,1.0621,99.72,338.16
TMD2,13.1,1.058,99.65,338.44
TMD2,13.2,1.0536,99.68,338.58
TMD2,13.3,1.0482,99.73,338.93
TMD2,13.4,1.0432,99.75,339.13
TMD2,13.5,1.0381,99.76,339.42
TMD2,13.6,1.033,99.78,339.69
TMD2,13.7,1.0277,99.81,339.95
TMD2,13.8,1.0228,99.84,340.14
TMD2,13.9,1.017,99.8,340.36
TMD2,14,1.0124,99.81,340.54
TMD2,14.1,1.0067,99.77,340.77
TMD2,14.2,1.0019,99.75,340.91
TMD2,14.3,0.9966,99.75,341.21
TMD2,14.4,0.9919,99.78,341.36
TMD2,14.5,0.9866,99.75,341.5
TMD2,14.6,0.9813,99.79,341.69
TMD2,14.7,0.9763,99.74,341.78
TMD2,14.8,0.971,99.73,341.87
TMD2,14.9,0.9652,99.8,342.34
TMD2,15,0.9603,99.76,342.49
TMD2,15.1,0.9549,99.74,342.65
TMD2,15.2,0.9495,99.77,342.91
TMD2,15.3,0.945,99.79,342.96
TMD2,15.4,0.9394,99.7,343.03
TMD2,15.5,0.9341,99.71,343.2
TMD2,15.6,0.929,99.81,343.5
TMD2,15.7,0.9236,99.76,343.67
TMD2,15.8,0.9175,99.78,343.94
TMD2,15.9,0.9118,99.76,344.09
TMD2,16,0.9052,99.77,344.23
TMD2,16.1,0.9004,99.76,344.33
TMD2,16.2,0.8948,99.74,344.49
TMD2,16.3,0.8892,99.71,344.71
TMD2,16.4,0.8835,99.74,344.82
TMD2,16.5,0.8777,99.77,344.97
TMD2,16.6,0.8718,99.77,345.12
TMD2,16.7,0.8669,99.82,345.22
TMD2,16.8,0.8615,99.83,345.49
TMD2,16.9,0.8557,99.8,345.55
TMD2,17,0.8495,99.75,345.67
TMD2,17.1,0.844,99.84,345.87
TMD2,17.2,0.8387,99.77,345.96
TMD2,17.3,0.8338,99.79,346.11
TMD2,17.4,0.8281,99.83,346.26
TMD2,17.5,0.8221,99.77,346.37
TMD2,17.6,0.8169,99.8,346.56
TMD2,17.7,0.8118,99.8,346.6
TMD2,17.8,0.8063,99.77,346.72
TMD2,17.9,0.8007,99.77,346.81
TMD2,18,0.7945,99.82,347.01
TMD2,18.1,0.7892,99.76,347.06
TMD2,18.2,0.7829,99.84,347.28
TMD2,18.3,0.7775,99.86,347.31
TMD2,18.4,0.7726,99.86,347.47
TMD2,18.5,0.7663,99.87,347.54
TMD2,18.6,0.7609,99.85,347.62
TMD2,18.7,0.754,99.81,347.75
TMD2,18.8,0.7484,99.75,347.74
TMD2,18.9,0.7428,99.77,347.66
TMD2,19,0.7376,99.79,347.91
TMD2,19.1,0.7316,99.84,348.19
TMD2,19.2,0.7257,99.81,348.2
TMD2,19.3,0.7211,99.84,348.24
TMD2,19.4,0.7153,99.89,348.41
TMD2,19.5,0.7098,99.89,348.48
TMD2,19.6,0.7044,99.84,348.58
TMD2,19.7,0.699,99.84,348.59
TMD2,19.8,0.6924,99.84,348.72
TMD2,19.9,0.6876,99.85,348.77
TMD2,20,0.6815,99.81,348.84
TMD3,0,0,200.98,203.48
TMD3,0.1,0.0623,200.94,251.52
TMD3,0.2,0.1316,200.83,280.07
TMD3,0.3,0.1988,200.81,301.95
TMD3,0.4,0.2619,200.77,320.48
TMD3,0.5,0.3288,200.78,338.29
TMD3,0.6,0.3889,200.75,353.09
TMD3,0.7,0.4435,200.68,365.81
TMD3,0.8,0.4987,200.64,378.33
TMD3,0.9,0.5526,200.59,389.96
TMD3,1,0.5999,200.62,400.09
TMD3,1.1,0.6484,200.62,410.26
TMD3,1.2,0.6953,200.6,419.63
TMD3,1.3,0.7366,200.56,427.78
TMD3,1.4,0.7778,200.56,435.82
TMD3,1.5,0.8187,200.51,443.77
TMD3,1.6,0.8595,200.52,451.57
TMD3,1.7,0.8932,200.46,457.98
TMD3,1.8,0.9327,200.48,465.31
TMD3,1.9,0.9682,200.46,471.89
TMD3,2,1.0003,200.43,477.87
TMD3,2.1,1.0325,200.41,483.73
TMD3,2.2,1.0629,200.37,489.36
TMD3,2.3,1.094,200.38,494.81
TMD3,2.4,1.1209,200.34,500.34
TMD3,2.5,1.148,200.29,505.03
TMD3,2.6,1.1755,200.33,510
TMD3,2.7,1.2038,200.3,515.24
TMD3,2.8,1.2281,200.35,519.62
TMD3,2.9,1.2521,200.29,523.9
TMD3,3,1.2732,200.29,527.79
TMD3,3.1,1.2965,200.27,531.97
TMD3,3.2,1.3188,200.25,535.95
TMD3,3.3,1.3395,200.27,539.92
TMD3,3.4,1.3572,200.24,543.02
TMD3,3.5,1.3755,200.25,546.55
TMD3,3.6,1.3958,200.25,550.38
TMD3,3.7,1.4119,200.21,553.5
TMD3,3.8,1.4293,200.19,556.67
TMD3,3.9,1.4458,200.21,559.86
TMD3,4,1.4625,200.21,562.88
TMD3,4.1,1.4795,200.25,566.21
TMD3,4.2,1.4959,200.28,569.47
TMD3,4.3,1.5114,200.21,572.41
TMD3,4.4,1.525,200.15,574.94
TMD3,4.5,1.5385,200.13,577.55
TMD3,4.6,1.5527,200.1,580.2
TMD3,4.7,1.5655,200.09,582.73
TMD3,4.8,1.5781,200.08,585.43
TMD3,4.9,1.5905,200.14,588.03
TMD3,5,1.6012,200.08,590.32
TMD3,5.1,1.6133,200.46,592.98
TMD3,5.2,1.6233,200.67,595.3
TMD3,5.3,1.6345,200.89,597.98
TMD3,5.4,1.6439,201,600.27
TMD3,5.5,1.6544,200.93,602.62
TMD3,5.6,1.6641,200.9,604.78
TMD3,5.7,1.6722,200.69,606.34
TMD3,5.8,1.6843,200.49,608.41
TMD3,5.9,1.6922,200.45,610.49
TMD3,6,1.702,200.29,612.48
TMD3,6.1,1.7103,200.19,614.55
TMD3,6.2,1.7167,200.07,616.11
TMD3,6.3,1.724,199.95,617.87
TMD3,6.4,1.7308,199.85,619.45
TMD3,6.5,1.7369,199.8,621.11
TMD3,6.6,1.7429,199.76,622.87
TMD3,6.7,1.749,199.76,624.44
TMD3,6.8,1.755,199.72,626.13
TMD3,6.9,1.7595,199.72,627.57
TMD3,7,1.7654,199.75,629.01
TMD3,7.1,1.7708,199.75,630.66
TMD3,7.2,1.7746,199.74,632.12
TMD3,7.3,1.7792,199.75,633.35
TMD3,7.4,1.7843,199.76,635.07
TMD3,7.5,1.7883,199.76,636.57
TMD3,7.6,1.7925,199.76,637.82
TMD3,7.7,1.7959,199.73,639.16
TMD3,7.8,1.7985,199.85,640.62
TMD3,7.9,1.8021,199.98,641.91
TMD3,8,1.8049,200.05,643.43
TMD3,8.1,1.8087,200.04,644.66
TMD3,8.2,1.8114,200.02,645.96
TMD3,8.3,1.8135,200.03,647.25
TMD3,8.4,1.8155,199.93,648.23
TMD3,8.5,1.8175,199.87,649.41
TMD3,8.6,1.8195,199.86,650.58
TMD3,8.7,1.8207,199.75,651.72
TMD3,8.8,1.823,199.7,652.71
TMD3,8.9,1.824,199.66,653.92
TMD3,9,1.8253,199.61,655.08
TMD3,9.1,1.8265,199.62,656.17
TMD3,9.2,1.8277,199.61,657.23
TMD3,9.3,1.8278,199.64,658.31
TMD3,9.4,1.8285,199.65,659.32
TMD3,9.5,1.8287,199.63,660.47
TMD3,9.6,1.8292,199.65,661.56
TMD3,9.7,1.829,199.61,662.3
TMD3,9.8,1.8292,199.62,663.29
TMD3,9.9,1.829,199.59,664.07
TMD3,10,1.8282,199.59,665.16
TMD3,10.1,1.8279,199.62,666.12
TMD3,10.2,1.8271,199.61,666.92
TMD3,10.3,1.8266,199.65,667.88
TMD3,10.4,1.8253,199.63,668.67
TMD3,10.5,1.824,199.64,669.74
TMD3,10.6,1.822,199.65,670.64
TMD3,10.7,1.8211,199.63,671.51
TMD3,10.8,1.8191,199.61,672.11
TMD3,10.9,1.8168,199.58,672.82
TMD3,11,1.8152,199.67,673.69
TMD3,11.1,1.8126,199.64,674.38
TMD3,11.2,1.8095,199.67,675.28
TMD3,11.3,1.8068,199.67,676.01
TMD3,11.4,1.8042,199.69,676.77
TMD3,11.5,1.801,199.7,677.48
TMD3,11.6,1.7981,199.7,678.16
TMD3,11.7,1.7953,199.68,678.8
TMD3,11.8,1.792,199.65,679.61
TMD3,11.9,1.7884,199.69,680.28
TMD3,12,1.7854,199.67,680.74
TMD3,12.1,1.7823,199.67,681.36
TMD3,12.2,1.7793,199.7,682.22
TMD3,12.3,1.7757,199.69,682.81
TMD3,12.4,1.7736,199.74,683.51
TMD3,12.5,1.7713,199.71,684.14
TMD3,12.6,1.7685,199.74,684.75
TMD3,12.7,1.7657,199.76,685.27
TMD3,12.8,1.7633,199.71,685.87
TMD3,12.9,1.7599,199.69,686.6
TMD3,13,1.7572,199.72,687.03
TMD3,13.1,1.7536,199.71,687.62
TMD3,13.2,1.7504,199.71,688.17
TMD3,13.3,1.7473,199.72,688.56
TMD3,13.4,1.7435,199.71,689.15
TMD3,13.5,1.7399,199.66,689.76
TMD3,13.6,1.7367,199.75,690.35
TMD3,13.7,1.7331,199.7,690.58
TMD3,13.8,1.7292,199.74,691.33
TMD3,13.9,1.7249,199.74,691.64
TMD3,14,1.7214,199.75,692.26
TMD3,14.1,1.718,199.76,692.87
TMD3,14.2,1.7146,199.76,693.1
TMD3,14.3,1.7104,199.74,693.65
TMD3,14.4,1.7067,199.77,694.05
TMD3,14.5,1.7026,199.75,694.69
TMD3,14.6,1.6985,199.79,695.05
TMD3,14.7,1.694,199.75,695.57
TMD3,14.8,1.69,199.73,695.8
TMD3,14.9,1.6864,199.75,696.37
TMD3,15,1.6818,199.75,696.64
TMD3,15.1,1.6784,199.75,697.12
TMD3,15.2,1.674,199.77,697.5
TMD3,15.3,1.669,199.77,697.94
TMD3,15.4,1.665,199.76,698.24
TMD3,15.5,1.6608,199.78,698.67
TMD3,15.6,1.6567,199.82,699.32
TMD3,15.7,1.6527,199.88,699.75
TMD3,15.8,1.6483,199.92,700.34
TMD3,15.9,1.6441,199.91,700.55
TMD3,16,1.6396,199.94,701
TMD3,16.1,1.6354,199.88,701.43
TMD3,16.2,1.6309,199.93,701.9
TMD3,16.3,1.6264,199.94,702.31
TMD3,16.4,1.6225,199.97,702.63
TMD3,16.5,1.6177,199.98,702.94
TMD3,16.6,1.6127,199.94,703.13
TMD3,16.7,1.6085,199.91,703.41
TMD3,16.8,1.6042,199.94,703.92
TMD3,16.9,1.5993,199.91,704.09
TMD3,17,1.5949,199.96,704.53
TMD3,17.1,1.5899,200,705
TMD3,17.2,1.586,199.93,705.11
TMD3,17.3,1.5804,199.99,705.46
TMD3,17.4,1.576,199.94,705.91
TMD3,17.5,1.5708,199.93,706.07
TMD3,17.6,1.5668,199.9,706.13
TMD3,17.7,1.5617,199.93,706.6
TMD3,17.8,1.5574,199.93,706.8
TMD3,17.9,1.5527,199.91,707.13
TMD3,18,1.5475,199.98,707.45
TMD3,18.1,1.5428,199.94,707.83
TMD3,18.2,1.5383,199.96,707.94
TMD3,18.3,1.5337,199.94,708.18
TMD3,18.4,1.529,199.96,708.36
TMD3,18.5,1.5244,199.94,708.48
TMD3,18.6,1.5199,199.95,708.82
TMD3,18.7,1.5142,199.99,709.17
TMD3,18.8,1.5099,200,709.13
TMD3,18.9,1.5055,199.93,709.19
TMD3,19,1.5006,199.92,709.45
TMD3,19.1,1.4956,199.91,709.65
TMD3,19.2,1.4909,199.91,709.95
TMD3,19.3,1.4856,199.93,710.25
TMD3,19.4,1.4809,199.94,710.23
TMD3,19.5,1.4766,199.94,710.38
TMD3,19.6,1.4716,199.96,710.36
TMD3,19.7,1.467,199.95,710.56
TMD3,19.8,1.4619,199.91,710.62
TMD3,19.9,1.4575,199.93,710.77
TMD3,20,1.4532,199.89,710.62
TMD4,0,0,300.01,301.17
TMD4,0.1,0.0847,300,380.42
TMD4,0.2,0.155,299.92,422.07
TMD4,0.3,0.2212,299.9,454
TMD4,0.4,0.2887,299.91,483.89
TMD4,0.5,0.3454,299.84,506.78
TMD4,0.6,0.4012,299.83,527.99
TMD4,0.7,0.4589,299.74,548.76
TMD4,0.8,0.5135,299.82,567.17
TMD4,0.9,0.5656,299.82,584.63
TMD4,1,0.6104,299.78,599.06
TMD4,1.1,0.6555,299.72,612.92
TMD4,1.2,0.6985,299.69,625.51
TMD4,1.3,0.7404,299.68,638.53
TMD4,1.4,0.7792,299.65,650.3
TMD4,1.5,0.8192,299.63,661.96
TMD4,1.6,0.8557,299.6,672.63
TMD4,1.7,0.8925,299.65,683.2
TMD4,1.8,0.9268,299.63,693.2
TMD4,1.9,0.9589,299.6,702.19
TMD4,2,0.9917,299.59,711.38
TMD4,2.1,1.0208,299.55,719.32
TMD4,2.2,1.0518,299.54,727.9
TMD4,2.3,1.0811,299.49,735.79
TMD4,2.4,1.1081,299.49,742.99
TMD4,2.5,1.1336,299.45,750.14
TMD4,2.6,1.161,299.48,757.58
TMD4,2.7,1.1858,299.47,764.34
TMD4,2.8,1.2096,299.42,770.59
TMD4,2.9,1.232,299.41,776.55
TMD4,3,1.254,299.4,782.41
TMD4,3.1,1.2749,299.42,788.01
TMD4,3.2,1.2971,299.37,793.84
TMD4,3.3,1.3148,299.36,798.53
TMD4,3.4,1.334,299.36,803.72
TMD4,3.5,1.3524,299.33,808.78
TMD4,3.6,1.3699,299.32,813.31
TMD4,3.7,1.3881,299.33,817.78
TMD4,3.8,1.4044,299.36,822.53
TMD4,3.9,1.4216,299.34,826.77
TMD4,4,1.4388,299.36,831.46
TMD4,4.1,1.4558,299.32,835.96
TMD4,4.2,1.4714,299.29,839.99
TMD4,4.3,1.4852,299.29,843.61
TMD4,4.4,1.4998,299.29,847.6
TMD4,4.5,1.5131,299.33,851.26
TMD4,4.6,1.5256,299.28,854.82
TMD4,4.7,1.5391,299.3,858.62
TMD4,4.8,1.5524,299.27,862.04
TMD4,4.9,1.5639,299.29,865.29
TMD4,5,1.5755,299.26,868.65
TMD4,5.1,1.5861,299.24,871.81
TMD4,5.2,1.5967,299.3,874.98
TMD4,5.3,1.607,299.29,877.92
TMD4,5.4,1.6174,299.3,881.04
TMD4,5.5,1.6261,299.28,883.97
TMD4,5.6,1.6348,299.27,886.5
TMD4,5.7,1.6439,299.22,889.51
TMD4,5.8,1.6523,299.19,892.19
TMD4,5.9,1.6614,299.19,895.16
TMD4,6,1.6698,299.21,897.88
TMD4,6.1,1.6771,299.19,900.2
TMD4,6.2,1.6854,299.15,902.75
TMD4,6.3,1.6927,299.22,905.6
TMD4,6.4,1.6997,299.2,907.83
TMD4,6.5,1.7063,299.22,910.07
TMD4,6.6,1.7125,299.19,912.19
TMD4,6.7,1.7186,299.22,914.57
TMD4,6.8,1.7246,299.28,916.99
TMD4,6.9,1.7298,299.16,918.81
TMD4,7,1.7355,299.15,920.86
TMD4,7.1,1.7406,299.14,923.1
TMD4,7.2,1.7451,299.16,924.61
TMD4,7.3,1.7497,299.17,926.69
TMD4,7.4,1.7545,299.15,928.81
TMD4,7.5,1.7587,299.19,930.85
TMD4,7.6,1.7629,299.23,932.67
TMD4,7.7,1.7666,299.19,934.41
TMD4,7.8,1.7705,299.18,936.19
TMD4,7.9,1.7739,299.08,937.82
TMD4,8,1.7779,299.12,939.78
TMD4,8.1,1.7805,299.16,941.53
TMD4,8.2,1.7843,299.17,943.29
TMD4,8.3,1.7865,299.18,944.77
TMD4,8.4,1.7892,299.2,946.4
TMD4,8.5,1.7917,299.16,947.91
TMD4,8.6,1.7945,299.2,949.83
TMD4,8.7,1.7965,299.18,951.06
TMD4,8.8,1.7984,299.14,952.5
TMD4,8.9,1.8002,299.16,954.09
TMD4,9,1.8019,299.18,955.63
TMD4,9.1,1.8037,299.21,957.23
TMD4,9.2,1.805,299.23,958.57
TMD4,9.3,1.8067,299.21,959.87
TMD4,9.4,1.807,299.19,961.25
TMD4,9.5,1.8082,299.25,962.62
TMD4,9.6,1.8096,299.14,963.96
TMD4,9.7,1.8107,299.15,965.49
TMD4,9.8,1.8116,299.14,966.66
TMD4,9.9,1.8116,299.15,968.01
TMD4,10,1.812,299.2,969.15
TMD4,10.1,1.812,299.13,970.03
TMD4,10.2,1.8119,299.15,971.48
TMD4,10.3,1.8119,299.24,972.71
TMD4,10.4,1.812,299.13,973.58
TMD4,10.5,1.8125,299.14,974.79
TMD4,10.6,1.8117,299.14,975.89
TMD4,10.7,1.811,299.18,976.91
TMD4,10.8,1.8103,299.14,977.91
TMD4,10.9,1.8089,299.09,979.04
TMD4,11,1.8077,299.12,980.12
TMD4,11.1,1.8067,299.15,981.12
TMD4,11.2,1.8053,299.22,981.97
TMD4,11.3,1.8042,299.23,983.16
TMD4,11.4,1.8022,299.16,984.02
TMD4,11.5,1.8001,299.12,984.9
TMD4,11.6,1.7983,299.16,985.86
TMD4,11.7,1.7956,299.12,986.74
TMD4,11.8,1.793,299.11,987.76
TMD4,11.9,1.7911,299.11,988.54
TMD4,12,1.788,299.17,989.42
TMD4,12.1,1.7852,299.22,990.47
TMD4,12.2,1.7822,299.24,991.24
TMD4,12.3,1.7795,299.21,992.04
TMD4,12.4,1.7759,299.23,992.9
TMD4,12.5,1.7728,299.19,993.71
TMD4,12.6,1.7701,299.02,994.18
TMD4,12.7,1.7673,299.1,994.79
TMD4,12.8,1.7641,299.1,995.61
TMD4,12.9,1.7625,299.14,996.44
TMD4,13,1.7601,299.1,997.08
TMD4,13.1,1.7578,299.09,997.73
TMD4,13.2,1.7554,299.09,998.55
TMD4,13.3,1.7534,299.05,999.07
TMD4,13.4,1.7506,299.07,999.8
TMD4,13.5,1.7473,299.06,1000.55
TMD4,13.6,1.7453,299.06,1001.28
TMD4,13.7,1.7426,299.06,1002.12
TMD4,13.8,1.74,299.03,1002.58
TMD4,13.9,1.7374,299.11,1003.32
TMD4,14,1.7348,299.1,1003.91
TMD4,14.1,1.732,299.13,1004.6
TMD4,14.2,1.7291,299.09,1005.04
TMD4,14.3,1.7261,299.06,1005.46
TMD4,14.4,1.7233,299.09,1006.18
TMD4,14.5,1.7207,299.02,1006.73
TMD4,14.6,1.718,299.11,1007.09
TMD4,14.7,1.7153,299.16,1008.04
TMD4,14.8,1.7119,299.11,1008.57
TMD4,14.9,1.709,299.07,1009.04
TMD4,15,1.7062,299.14,1009.47
TMD4,15.1,1.7029,299.14,1009.87
TMD4,15.2,1.7,299.14,1010.46
TMD4,15.3,1.6966,299.09,1011.02
TMD4,15.4,1.693,299.11,1011.48
TMD4,15.5,1.6903,299.08,1011.91
TMD4,15.6,1.6872,299.05,1012.18
TMD4,15.7,1.6841,299.06,1012.65
TMD4,15.8,1.6807,299.09,1013.19
TMD4,15.9,1.6774,299.11,1013.77
TMD4,16,1.6742,299.08,1014.19
TMD4,16.1,1.6699,299.15,1014.65
TMD4,16.2,1.6672,299.19,1014.97
TMD4,16.3,1.6639,299.16,1015.42
TMD4,16.4,1.6603,299.21,1016.05
TMD4,16.5,1.6569,299.22,1016.35
TMD4,16.6,1.6531,299.16,1016.56
TMD4,16.7,1.6495,299.08,1016.82
TMD4,16.8,1.6465,299.09,1017.2
TMD4,16.9,1.6424,299.12,1017.65
TMD4,17,1.6391,299.15,1018.23
TMD4,17.1,1.6353,299.12,1018.46
TMD4,17.2,1.632,299.14,1018.71
TMD4,17.3,1.6288,299.19,1019.09
TMD4,17.4,1.6253,299.11,1019.19
TMD4,17.5,1.6215,299.13,1019.74
TMD4,17.6,1.6176,299.11,1020.32
TMD4,17.7,1.6142,299.2,1020.5
TMD4,17.8,1.6107,299.15,1020.54
TMD4,17.9,1.6061,299.12,1020.86
TMD4,18,1.603,299.12,1020.97
TMD4,18.1,1.5996,299.18,1021.28
TMD4,18.2,1.5956,299.24,1021.81
TMD4,18.3,1.5919,299.21,1021.91
TMD4,18.4,1.5889,299.16,1022.11
TMD4,18.5,1.5843,299.15,1022.4
TMD4,18.6,1.5813,299.21,1022.59
TMD4,18.7,1.5773,299.24,1022.85
TMD4,18.8,1.5734,299.26,1023.09
TMD4,18.9,1.5701,299.18,1022.82
TMD4,19,1.5661,299.22,1023.23
TMD4,19.1,1.563,299.19,1023.27
TMD4,19.2,1.5593,299.22,1023.41
TMD4,19.3,1.5558,299.18,1023.62
TMD4,19.4,1.5513,299.18,1023.74
TMD4,19.5,1.5477,299.19,1023.97
TMD4,19.6,1.5445,299.21,1024.06
TMD4,19.7,1.5411,299.24,1024.12
TMD4,19.8,1.5367,299.22,1024.25
TMD4,19.9,1.5331,299.21,1024.4
TMD4,20,1.5296,299.2,1024.29
TMD5,0,0,398.3,398.5
TMD5,0.1,0.0832,398.35,498
TMD5,0.2,0.154,398.27,552.57
TMD5,0.3,0.2234,397.62,592.74
TMD5,0.4,0.2911,397.69,628.04
TMD5,0.5,0.3607,397.78,661.92
TMD5,0.6,0.4181,397.88,688.15
TMD5,0.7,0.4763,397.94,713.2
TMD5,0.8,0.5323,397.99,735.92
TMD5,0.9,0.5848,398.04,757.08
TMD5,1,0.6384,398.12,777.58
TMD5,1.1,0.6926,398.15,798.04
TMD5,1.2,0.7355,398,813.72
TMD5,1.3,0.7817,397.46,829.41
TMD5,1.4,0.8257,397.55,845
TMD5,1.5,0.8676,397.61,859.3
TMD5,1.6,0.9074,397.64,873.35
TMD5,1.7,0.951,397.75,888.57
TMD5,1.8,0.9908,397.78,902.02
TMD5,1.9,1.0267,397.78,913.91
TMD5,2,1.0645,397.82,926.28
TMD5,2.1,1.0989,397.82,937.08
TMD5,2.2,1.1332,397.86,948.18
TMD5,2.3,1.1635,397.27,957.36
TMD5,2.4,1.1959,397.25,967.57
TMD5,2.5,1.2266,397.3,977.2
TMD5,2.6,1.2576,397.42,987.29
TMD5,2.7,1.2833,397.54,995.69
TMD5,2.8,1.3135,397.57,1005.38
TMD5,2.9,1.341,397.55,1014.02
TMD5,3,1.3671,397.61,1021.64
TMD5,3.1,1.393,397.7,1030.3
TMD5,3.2,1.4151,397.74,1037.5
TMD5,3.3,1.4387,397.78,1045.1
TMD5,3.4,1.4605,397.08,1050.84
TMD5,3.5,1.485,397.16,1058.07
TMD5,3.6,1.5043,397.27,1064.14
TMD5,3.7,1.5271,397.36,1071.21
TMD5,3.8,1.5483,397.36,1077.75
TMD5,3.9,1.5682,397.44,1083.76
TMD5,4,1.5865,397.42,1089.65
TMD5,4.1,1.6025,397.46,1094.78
TMD5,4.2,1.6213,397.48,1100.81
TMD5,4.3,1.6402,397.5,1107.14
TMD5,4.4,1.6587,397.5,1113.08
TMD5,4.5,1.6732,396.89,1116.71
TMD5,4.6,1.6894,396.85,1121.44
TMD5,4.7,1.7058,396.98,1126.82
TMD5,4.8,1.7211,397.07,1131.81
TMD5,4.9,1.7355,397.16,1136.67
TMD5,5,1.7505,397.26,1141.66
TMD5,5.1,1.7633,397.27,1145.9
TMD5,5.2,1.7763,397.28,1149.92
TMD5,5.3,1.79,397.34,1154.51
TMD5,5.4,1.8017,397.36,1158.8
TMD5,5.5,1.8143,397.47,1163.12
TMD5,5.6,1.8247,396.95,1166.18
TMD5,5.7,1.8377,396.9,1169.73
TMD5,5.8,1.8485,396.86,1173.46
TMD5,5.9,1.8588,396.89,1177.31
TMD5,6,1.8695,396.92,1181
TMD5,6.1,1.8802,396.98,1185.07
TMD5,6.2,1.8914,397.04,1189.02
TMD5,6.3,1.9006,397.06,1192.36
TMD5,6.4,1.9099,397.03,1195.82
TMD5,6.5,1.9206,397.11,1199.38
TMD5,6.6,1.9302,397.05,1202.81
TMD5,6.7,1.9384,396.43,1204.39
TMD5,6.8,1.9469,396.54,1207.69
TMD5,6.9,1.9561,396.58,1210.97
TMD5,7,1.9647,396.71,1214.51
TMD5,7.1,1.9719,396.77,1217.59
TMD5,7.2,1.9784,396.84,1220.29
TMD5,7.3,1.9852,396.9,1223.24
TMD5,7.4,1.9929,396.91,1226.05
TMD5,7.5,1.9993,397.01,1228.84
TMD5,7.6,2.0049,397.08,1231.61
TMD5,7.7,2.011,397.06,1234.46
TMD5,7.8,2.0151,396.29,1235.28
TMD5,7.9,2.021,396.36,1237.75
TMD5,8,2.0262,396.5,1240.17
TMD5,8.1,2.0326,396.66,1243.31
TMD5,8.2,2.0372,396.63,1245.7
TMD5,8.3,2.0422,396.65,1248.51
TMD5,8.4,2.0472,396.74,1250.68
TMD5,8.5,2.0519,396.8,1252.89
TMD5,8.6,2.0563,396.83,1255.12
TMD5,8.7,2.0603,396.85,1257.4
TMD5,8.8,2.0645,396.89,1259.71
TMD5,8.9,2.0666,396.3,1260.53
TMD5,9,2.0702,396.32,1262.74
TMD5,9.1,2.0742,396.44,1264.52
TMD5,9.2,2.0774,396.56,1266.83
TMD5,9.3,2.0809,396.54,1269.2
TMD5,9.4,2.084,396.64,1271.42
TMD5,9.5,2.0873,396.79,1273.54
TMD5,9.6,2.0897,396.79,1275.2
TMD5,9.7,2.0923,396.78,1277.08
TMD5,9.8,2.0945,396.9,1279.26
TMD5,9.9,2.0962,396.83,1281.12
TMD5,10,2.0974,396.31,1281.43
TMD5,10.1,2.0996,396.32,1282.88
TMD5,10.2,2.1019,396.43,1284.89
TMD5,10.3,2.1039,396.45,1286.34
TMD5,10.4,2.105,396.51,1288.1
TMD5,10.5,2.1067,396.56,1290.1
TMD5,10.6,2.108,396.64,1291.87
TMD5,10.7,2.1093,396.68,1293.49
TMD5,10.8,2.1106,396.67,1295.2
TMD5,10.9,2.1118,396.76,1296.85
TMD5,11,2.113,396.75,1298.15
TMD5,11.1,2.112,396.18,1298.09
TMD5,11.2,2.1128,396.14,1299.28
TMD5,11.3,2.1139,396.23,1301.15
TMD5,11.4,2.1139,396.3,1302.44
TMD5,11.5,2.1149,396.33,1303.82
TMD5,11.6,2.1149,396.5,1305.64
TMD5,11.7,2.1146,396.58,1307.04
TMD5,11.8,2.115,396.55,1308.27
TMD5,11.9,2.1147,396.7,1309.71
TMD5,12,2.1149,396.7,1310.91
TMD5,12.1,2.1142,396.77,1312.41
TMD5,12.2,2.1111,396.06,1311.88
TMD5,12.3,2.1113,396.06,1312.65
TMD5,12.4,2.1105,396.14,1314.19
TMD5,12.5,2.1097,396.19,1315.49
TMD5,12.6,2.1093,396.39,1316.79
TMD5,12.7,2.1077,396.42,1318.19
TMD5,12.8,2.1063,396.41,1319.33
TMD5,12.9,2.1047,396.4,1320.33
TMD5,13,2.1031,396.49,1321.45
TMD5,13.1,2.1015,396.51,1322.64
TMD5,13.2,2.1,396.58,1323.73
TMD5,13.3,2.0959,395.87,1323.19
TMD5,13.4,2.0935,395.95,1323.96
TMD5,13.5,2.091,396.1,1325.08
TMD5,13.6,2.0891,396.17,1326.29
TMD5,13.7,2.0869,396.25,1327.38
TMD5,13.8,2.0845,396.24,1328.34
TMD5,13.9,2.0822,396.37,1329.49
TMD5,14,2.0789,396.37,1330.62
TMD5,14.1,2.0765,396.41,1331.62
TMD5,14.2,2.0744,396.47,1332.58
TMD5,14.3,2.072,396.53,1333.62
TMD5,14.4,2.0677,395.86,1332.97
TMD5,14.5,2.0658,395.75,1333.23
TMD5,14.6,2.0632,395.93,1334.35
TMD5,14.7,2.0613,396.09,1335.47
TMD5,14.8,2.0594,396.14,1336.45
TMD5,14.9,2.0576,396.2,1337.2
TMD5,15,2.0557,396.22,1338.19
TMD5,15.1,2.0532,396.26,1339.11
TMD5,15.2,2.0511,396.29,1339.71
TMD5,15.3,2.0492,396.37,1340.68
TMD5,15.4,2.0467,396.41,1341.51
TMD5,15.5,2.0432,395.84,1341.05
TMD5,15.6,2.0412,395.83,1341.35
TMD5,15.7,2.039,395.82,1342.07
TMD5,15.8,2.0366,395.91,1342.82
TMD5,15.9,2.0342,396.07,1344.01
TMD5,16,2.0318,396.09,1344.75
TMD5,16.1,2.0293,396.15,1345.47
TMD5,16.2,2.0271,396.17,1346.19
TMD5,16.3,2.0245,396.24,1347.11
TMD5,16.4,2.0218,396.29,1348
TMD5,16.5,2.0193,396.33,1348.56
TMD5,16.6,2.0161,395.73,1347.83
TMD5,16.7,2.0133,395.69,1348.21
TMD5,16.8,2.0109,395.88,1348.99
TMD5,16.9,2.0081,395.95,1349.72
TMD5,17,2.0052,396.03,1350.34
TMD5,17.1,2.0026,396.04,1351.22
TMD5,17.2,2.0004,396.13,1351.89
TMD5,17.3,1.9973,396.19,1352.63
TMD5,17.4,1.9948,396.23,1353.29
TMD5,17.5,1.9917,396.32,1354.19
TMD5,17.6,1.9884,396.32,1354.56
TMD5,17.7,1.9846,395.71,1353.72
TMD5,17.8,1.9819,395.71,1353.99
TMD5,17.9,1.9787,395.75,1354.69
TMD5,18,1.9756,395.87,1355.52
TMD5,18.1,1.9732,395.98,1356.06
TMD5,18.2,1.9707,396.03,1356.68
TMD5,18.3,1.9677,396.09,1357.24
TMD5,18.4,1.9651,396.07,1357.57
TMD5,18.5,1.9619,396.17,1358.31
TMD5,18.6,1.9589,396.2,1358.9
TMD5,18.7,1.9564,396.21,1359.51
TMD5,18.8,1.9517,395.49,1358.1
TMD5,18.9,1.9489,395.61,1358.59
TMD5,19,1.9459,395.69,1359.12
TMD5,19.1,1.9434,395.85,1359.51
TMD5,19.2,1.9401,395.9,1359.89
TMD5,19.3,1.9373,395.94,1360.37
TMD5,19.4,1.9345,396.02,1360.69
TMD5,19.5,1.9319,396.08,1361.14
TMD5,19.6,1.9286,396.1,1361.69
TMD5,19.7,1.9255,396.13,1362.12
TMD5,19.8,1.9226,396.21,1362.47
TMD5,19.9,1.9185,395.5,1361.13
TMD5,20,1.9156,395.55,1360.81
TMD6,0,0,49.94,51.72
TMD6,0.1,0.056,49.82,72.43
TMD6,0.2,0.1191,49.77,80.8
TMD6,0.3,0.1621,49.74,86.88
TMD6,0.4,0.2119,49.7,92.63
TMD6,0.5,0.2499,49.65,97.49
TMD6,0.6,0.2848,49.59,101.95
TMD6,0.7,0.3203,49.53,105.82
TMD6,0.8,0.3504,49.53,109.37
TMD6,0.9,0.3813,49.49,112.81
TMD6,1,0.4107,49.42,116
TMD6,1.1,0.4377,49.46,119
TMD6,1.2,0.4556,49.46,121.83
TMD6,1.3,0.4725,49.45,124.48
TMD6,1.4,0.4866,49.42,126.9
TMD6,1.5,0.5008,49.42,129.22
TMD6,1.6,0.5124,49.39,131.41
TMD6,1.7,0.5258,49.43,133.5
TMD6,1.8,0.5357,49.39,135.63
TMD6,1.9,0.5433,49.4,137.47
TMD6,2,0.552,49.39,139.31
TMD6,2.1,0.5577,49.4,141.14
TMD6,2.2,0.5621,49.33,142.89
TMD6,2.3,0.5673,49.35,144.67
TMD6,2.4,0.5713,49.35,146.35
TMD6,2.5,0.573,49.4,147.96
TMD6,2.6,0.5733,49.4,149.4
TMD6,2.7,0.5716,49.37,150.89
TMD6,2.8,0.5632,49.39,152.43
TMD6,2.9,0.5595,49.42,153.81
TMD6,3,0.5542,49.42,155.15
TMD6,3.1,0.5448,49.41,156.48
TMD6,3.2,0.5419,49.42,157.88
TMD6,3.3,0.5355,49.36,159.07
TMD6,3.4,0.5292,49.45,160.28
TMD6,3.5,0.5204,49.45,161.51
TMD6,3.6,0.5132,49.46,162.6
TMD6,3.7,0.5012,49.46,163.83
TMD6,3.8,0.4914,49.55,165.02
TMD6,3.9,0.4855,49.5,165.97
TMD6,4,0.4701,49.58,167.11
TMD6,4.1,0.4615,49.57,168.1
TMD6,4.2,0.4515,49.49,169.04
TMD6,4.3,0.4414,49.56,170.12
TMD6,4.4,0.4273,49.58,171.02
TMD6,4.5,0.415,49.63,171.86
TMD6,4.6,0.3968,49.55,172.87
TMD6,4.7,0.3829,49.55,173.67
TMD6,4.8,0.3687,49.6,174.56
TMD6,4.9,0.3543,49.63,175.34
TMD6,5,0.3382,49.7,176.17
TMD6,5.1,0.3261,49.77,177.12
TMD6,5.2,0.3102,49.68,177.85
TMD6,5.3,0.2923,49.72,178.57
TMD6,5.4,0.277,49.74,179.25
TMD6,5.5,0.2597,49.82,180.05
TMD6,5.6,0.2393,49.71,180.69
TMD6,5.7,0.2222,49.78,181.43
TMD6,5.8,0.2058,49.82,182.1
TMD6,5.9,0.1842,49.82,182.78
TMD6,6,0.164,49.82,183.43
TMD6,6.1,0.142,49.85,184.06
TMD6,6.2,0.1228,49.86,184.72
TMD6,6.3,0.1027,49.91,185.41
TMD6,6.4,0.0806,49.95,185.97
TMD6,6.5,0.0611,49.97,186.53
TMD6,6.6,0.0423,50.03,187.2
TMD6,6.7,0.0192,50.06,187.9
TMD6,6.8,-0.0026,50.03,188.37
TMD6,6.9,-0.0234,50.04,188.88
TMD6,7,-0.0461,50.07,189.43
TMD6,7.1,-0.069,50.19,190.04
TMD6,7.2,-0.0903,50.18,190.56
TMD6,7.3,-0.1113,50.24,191.01
TMD6,7.4,-0.135,50.25,191.47
TMD6,7.5,-0.1588,50.21,191.86
TMD6,7.6,-0.1822,50.25,192.4
TMD6,7.7,-0.2049,50.23,192.69
TMD6,7.8,-0.2305,50.17,192.96
TMD6,7.9,-0.2512,50.21,193.38
TMD6,8,-0.2758,50.29,193.85
TMD6,8.1,-0.2998,50.29,194.33
TMD6,8.2,-0.3227,50.31,194.64
TMD6,8.3,-0.3461,50.35,195.17
TMD6,8.4,-0.373,50.37,195.53
TMD6,8.5,-0.3982,50.35,195.84
TMD6,8.6,-0.4225,50.41,196.24
TMD6,8.7,-0.4465,50.42,196.66
TMD6,8.8,-0.47,50.46,197.01
TMD6,8.9,-0.4926,50.45,197.24
TMD6,9,-0.5182,50.49,197.65
TMD6,9.1,-0.5446,50.56,198.11
TMD6,9.2,-0.5706,50.58,198.48
TMD6,9.3,-0.5946,50.55,198.71
TMD6,9.4,-0.6207,50.62,198.98
TMD6,9.5,-0.6447,50.61,199.28
TMD6,9.6,-0.6709,50.63,199.68
TMD6,9.7,-0.6962,50.71,200.04
TMD6,9.8,-0.7213,50.72,200.22
TMD6,9.9,-0.7461,50.77,200.54
TMD6,10,-0.7732,50.82,200.87
TMD6,10.1,-0.7987,50.82,201.16
TMD6,10.2,-0.8262,50.83,201.4
TMD6,10.3,-0.8511,50.85,201.6
TMD6,10.4,-0.8754,50.91,201.92
TMD6,10.5,-0.9012,50.96,202.19
TMD6,10.6,-0.9269,50.95,202.35
TMD6,10.7,-0.95,50.96,202.61
TMD6,10.8,-0.975,50.92,202.79
TMD6,10.9,-1.0013,50.94,203
TMD6,11,-1.0284,50.99,203.2
TMD6,11.1,-1.0516,51,203.45
TMD6,11.2,-1.0817,51.08,203.67
TMD6,11.3,-1.1084,51.02,203.8
TMD6,11.4,-1.1349,51.09,204.01
TMD6,11.5,-1.1603,51.15,204.25
TMD6,11.6,-1.186,51.18,204.57
TMD6,11.7,-1.2126,51.16,204.69
TMD6,11.8,-1.2362,51.2,204.87
TMD6,11.9,-1.2626,51.23,205
TMD6,12,-1.2875,51.27,205.3
TMD6,12.1,-1.316,51.29,205.51
TMD6,12.2,-1.341,51.34,205.65
TMD6,12.3,-1.3668,51.4,205.72
TMD6,12.4,-1.3928,51.37,205.87
TMD6,12.5,-1.4187,51.46,206.19
TMD6,12.6,-1.4441,51.41,206.23
TMD6,12.7,-1.4688,51.43,206.3
TMD6,12.8,-1.4947,51.4,206.46
TMD6,12.9,-1.5211,51.43,206.54
TMD6,13,-1.5413,51.52,206.73
TMD6,13.1,-1.5669,51.5,206.83
TMD6,13.2,-1.589,51.5,206.91
TMD6,13.3,-1.6176,51.54,207.03
TMD6,13.4,-1.6444,51.51,207.07
TMD6,13.5,-1.6718,51.6,207.22
TMD6,13.6,-1.6969,51.64,207.39
TMD6,13.7,-1.7221,51.65,207.42
TMD6,13.8,-1.7456,51.6,207.3
TMD6,13.9,-1.7688,51.62,207.43
TMD6,14,-1.7911,51.67,207.56
TMD6,14.1,-1.8188,51.74,207.78
TMD6,14.2,-1.8437,51.72,207.6
TMD6,14.3,-1.87,51.74,207.55
TMD6,14.4,-1.892,51.81,207.75
TMD6,14.5,-1.9167,51.8,207.78
TMD6,14.6,-1.9395,51.86,207.84
TMD6,14.7,-1.963,51.83,207.65
TMD6,14.8,-1.9875,51.86,207.73
TMD6,14.9,-2.0149,51.91,207.76
TMD6,15,-2.0389,51.94,207.82
TMD6,15.1,-2.062,51.94,207.71
TMD6,15.2,-2.0851,52,207.63
TMD6,15.3,-2.1047,51.96,207.54
TMD6,15.4,-2.1274,52.01,207.54
TMD6,15.5,-2.1535,52.06,207.56
TMD6,15.6,-2.1725,52.06,207.28
TMD6,15.7,-2.1957,52.07,207.21
TMD6,15.8,-2.2178,52.12,207.15
TMD6,15.9,-2.2387,52.13,207.08
TMD6,16,-2.2638,52.15,206.88
TMD6,16.1,-2.2802,52.15,206.78
TMD6,16.2,-2.3043,52.19,206.58
TMD6,16.3,-2.3251,52.19,206.4
TMD6,16.4,-2.3468,52.22,206.2
TMD6,16.5,-2.369,52.25,206.16
TMD6,16.6,-2.3874,52.28,206.02
TMD6,16.7,-2.4054,52.28,205.88
TMD6,16.8,-2.426,52.28,205.64
TMD6,16.9,-2.4439,52.28,205.51
TMD6,17,-2.4646,52.35,205.43
TMD6,17.1,-2.4824,52.38,205.25
TMD6,17.2,-2.5018,52.41,205.02
TMD6,17.3,-2.5198,52.41,204.83
TMD6,17.4,-2.5385,52.38,204.68
TMD6,17.5,-2.5577,52.45,204.58
TMD6,17.6,-2.5736,52.48,204.46
TMD6,17.7,-2.591,52.54,204.33
TMD6,17.8,-2.6068,52.54,204.17
TMD6,17.9,-2.6248,52.53,203.98
TMD6,18,-2.6431,52.6,203.75
TMD6,18.1,-2.6573,52.56,203.56
TMD6,18.2,-2.6764,52.62,203.47
TMD6,18.3,-2.6941,52.62,203.35
TMD6,18.4,-2.7116,52.61,203.05
TMD6,18.5,-2.7246,52.62,202.88
TMD6,18.6,-2.7429,52.65,202.68
TMD6,18.7,-2.7598,52.69,202.56
TMD6,18.8,-2.7743,52.69,202.35
TMD6,18.9,-2.7893,52.75,202.27
TMD6,19,-2.8042,52.76,202.15
TMD6,19.1,-2.8162,52.78,201.99
TMD6,19.2,-2.8319,52.79,201.73
TMD6,19.3,-2.8442,52.79,201.64
TMD6,19.4,-2.858,52.86,201.61
TMD6,19.5,-2.8752,52.89,201.49
TMD6,19.6,-2.8897,52.83,201.23
TMD6,19.7,-2.9041,52.84,201.09
TMD6,19.8,-2.9173,52.87,201.08
TMD6,19.9,-2.9313,52.86,200.87
TMD6,20,-2.9455,52.84,200.61
TMD7,0,0,100.6,103.73
TMD7,0.1,0.0569,100.62,130.86
TMD7,0.2,0.1196,100.51,149.88
TMD7,0.3,0.1811,100.48,166.82
TMD7,0.4,0.2342,100.47,180.16
TMD7,0.5,0.2766,100.49,191.29
TMD7,0.6,0.3281,100.41,203.02
TMD7,0.7,0.3675,100.48,212.45
TMD7,0.8,0.4035,100.43,221.29
TMD7,0.9,0.4364,100.44,229.49
TMD7,1,0.4663,100.44,237.02
TMD7,1.1,0.4915,100.4,243.41
TMD7,1.2,0.5163,100.4,250.02
TMD7,1.3,0.5396,100.36,256.57
TMD7,1.4,0.5574,100.39,261.76
TMD7,1.5,0.5767,100.37,267.71
TMD7,1.6,0.5923,100.35,272.95
TMD7,1.7,0.6067,100.4,277.91
TMD7,1.8,0.6179,100.33,282.23
TMD7,1.9,0.6278,100.34,286.38
TMD7,2,0.6362,100.38,290.67
TMD7,2.1,0.6437,100.32,294.6
TMD7,2.2,0.6496,100.32,298.79
TMD7,2.3,0.6538,100.35,302.38
TMD7,2.4,0.6568,100.35,306.15
TMD7,2.5,0.6582,100.36,309.5
TMD7,2.6,0.6588,100.35,312.91
TMD7,2.7,0.6579,100.33,315.99
TMD7,2.8,0.6553,100.35,319.03
TMD7,2.9,0.6511,100.35,321.89
TMD7,3,0.6454,100.37,324.78
TMD7,3.1,0.6385,100.35,327.46
TMD7,3.2,0.63,100.39,330.42
TMD7,3.3,0.6207,100.38,332.96
TMD7,3.4,0.6114,100.42,335.47
TMD7,3.5,0.6014,100.35,338.07
TMD7,3.6,0.5917,100.39,340.44
TMD7,3.7,0.5816,100.4,342.86
TMD7,3.8,0.5702,100.36,345.04
TMD7,3.9,0.5592,100.35,347.23
TMD7,4,0.5454,100.36,349.48
TMD7,4.1,0.532,100.41,351.63
TMD7,4.2,0.5194,100.39,353.31
TMD7,4.3,0.5038,100.37,355.45
TMD7,4.4,0.4886,100.4,357.34
TMD7,4.5,0.4734,100.36,359.11
TMD7,4.6,0.4572,100.41,360.82
TMD7,4.7,0.4423,100.39,362.38
TMD7,4.8,0.4252,100.4,364.1
TMD7,4.9,0.4084,100.43,365.69
TMD7,5,0.3905,100.45,367.29
TMD7,5.1,0.3716,100.48,368.89
TMD7,5.2,0.3537,100.45,370.27
TMD7,5.3,0.3357,100.46,371.62
TMD7,5.4,0.3165,100.47,373.13
TMD7,5.5,0.2966,100.5,374.5
TMD7,5.6,0.2787,100.45,375.56
TMD7,5.7,0.2559,100.44,377.04
TMD7,5.8,0.2337,100.45,378.37
TMD7,5.9,0.2113,100.48,379.68
TMD7,6,0.1915,100.51,380.75
TMD7,6.1,0.169,100.52,381.92
TMD7,6.2,0.1472,100.48,382.93
TMD7,6.3,0.1239,100.5,384.06
TMD7,6.4,0.1008,100.49,385.14
TMD7,6.5,0.0785,100.46,386.13
TMD7,6.6,0.054,100.54,387.15
TMD7,6.7,0.032,100.51,387.93
TMD7,6.8,0.0059,100.54,388.92
TMD7,6.9,-0.0175,100.54,389.86
TMD7,7,-0.0431,100.57,390.81
TMD7,7.1,-0.069,100.56,391.6
TMD7,7.2,-0.0939,100.58,392.43
TMD7,7.3,-0.1185,100.56,393.14
TMD7,7.4,-0.1434,100.6,394.01
TMD7,7.5,-0.1683,100.55,394.7
TMD7,7.6,-0.1959,100.6,395.48
TMD7,7.7,-0.2237,100.62,396.33
TMD7,7.8,-0.2491,100.62,396.74
TMD7,7.9,-0.2741,100.56,397.25
TMD7,8,-0.3024,100.62,398.01
TMD7,8.1,-0.3298,100.64,398.64
TMD7,8.2,-0.3564,100.65,399.21
TMD7,8.3,-0.3849,100.67,399.81
TMD7,8.4,-0.4111,100.69,400.38
TMD7,8.5,-0.4389,100.71,400.97
TMD7,8.6,-0.4644,100.7,401.54
TMD7,8.7,-0.4907,100.7,402.07
TMD7,8.8,-0.5178,100.75,402.55
TMD7,8.9,-0.5428,100.74,403
TMD7,9,-0.5711,100.79,403.52
TMD7,9.1,-0.5989,100.79,403.93
TMD7,9.2,-0.6292,100.83,404.48
TMD7,9.3,-0.6559,100.8,404.88
TMD7,9.4,-0.6846,100.8,405.33
TMD7,9.5,-0.7118,100.82,405.6
TMD7,9.6,-0.7412,100.79,405.86
TMD7,9.7,-0.7708,100.84,406.37
TMD7,9.8,-0.8027,100.79,406.65
TMD7,9.9,-0.8292,100.88,407.02
TMD7,10,-0.8575,100.85,407.29
TMD7,10.1,-0.8867,100.9,407.59
TMD7,10.2,-0.9132,100.92,407.85
TMD7,10.3,-0.9445,100.92,408.23
TMD7,10.4,-0.971,100.95,408.41
TMD7,10.5,-1.0001,100.96,408.74
TMD7,10.6,-1.029,100.96,408.92
TMD7,10.7,-1.0593,101,409.31
TMD7,10.8,-1.0893,101.01,409.62
TMD7,10.9,-1.1164,101,409.88
TMD7,11,-1.1429,101.02,410.15
TMD7,11.1,-1.1714,101,410.31
TMD7,11.2,-1.2036,101.05,410.66
TMD7,11.3,-1.2321,101.09,410.92
TMD7,11.4,-1.2603,101.11,411.15
TMD7,11.5,-1.2865,101.11,411.35
TMD7,11.6,-1.3166,101.12,411.63
TMD7,11.7,-1.3441,101.16,411.84
TMD7,11.8,-1.3705,101.18,411.95
TMD7,11.9,-1.401,101.16,412.13
TMD7,12,-1.4286,101.16,412.3
TMD7,12.1,-1.4589,101.22,412.54
TMD7,12.2,-1.4871,101.19,412.64
TMD7,12.3,-1.5141,101.18,412.74
TMD7,12.4,-1.5407,101.21,412.94
TMD7,12.5,-1.5692,101.2,413.13
TMD7,12.6,-1.5984,101.25,413.27
TMD7,12.7,-1.6282,101.19,413.3
TMD7,12.8,-1.6552,101.26,413.57
TMD7,12.9,-1.6813,101.24,413.53
TMD7,13,-1.7112,101.3,413.75
TMD7,13.1,-1.7364,101.39,414.03
TMD7,13.2,-1.7667,101.33,414.04
TMD7,13.3,-1.7939,101.35,414.19
TMD7,13.4,-1.8207,101.33,414.14
TMD7,13.5,-1.849,101.36,414.3
TMD7,13.6,-1.8732,101.35,414.33
TMD7,13.7,-1.9012,101.36,414.33
TMD7,13.8,-1.9308,101.36,414.53
TMD7,13.9,-1.9579,101.37,414.53
TMD7,14,-1.9843,101.38,414.57
TMD7,14.1,-2.0133,101.43,414.6
TMD7,14.2,-2.0387,101.45,414.69
TMD7,14.3,-2.0646,101.46,414.68
TMD7,14.4,-2.0922,101.43,414.82
TMD7,14.5,-2.1188,101.43,414.69
TMD7,14.6,-2.1442,101.46,414.75
TMD7,14.7,-2.1727,101.46,414.82
TMD7,14.8,-2.1986,101.51,414.93
TMD7,14.9,-2.2241,101.53,415.06
TMD7,15,-2.2485,101.51,414.9
TMD7,15.1,-2.2763,101.54,415.02
TMD7,15.2,-2.3024,101.55,415.03
TMD7,15.3,-2.3294,101.58,415.02
TMD7,15.4,-2.3547,101.55,415.01
TMD7,15.5,-2.3823,101.6,415.08
TMD7,15.6,-2.4082,101.61,415
TMD7,15.7,-2.431,101.61,414.88
TMD7,15.8,-2.4562,101.61,414.82
TMD7,15.9,-2.4838,101.63,414.91
TMD7,16,-2.5081,101.66,414.94
TMD7,16.1,-2.5337,101.71,414.92
TMD7,16.2,-2.561,101.7,414.94
TMD7,16.3,-2.5851,101.71,414.94
TMD7,16.4,-2.609,101.73,414.84
TMD7,16.5,-2.6328,101.76,414.79
TMD7,16.6,-2.6561,101.77,414.82
TMD7,16.7,-2.6802,101.68,414.64
TMD7,16.8,-2.7043,101.7,414.64
TMD7,16.9,-2.729,101.65,414.45
TMD7,17,-2.7541,101.71,414.46
TMD7,17.1,-2.7797,101.76,414.41
TMD7,17.2,-2.8032,101.78,414.37
TMD7,17.3,-2.8251,101.77,414.17
TMD7,17.4,-2.8492,101.84,414.23
TMD7,17.5,-2.8732,101.84,414.13
TMD7,17.6,-2.8967,101.81,413.98
TMD7,17.7,-2.9178,101.81,413.87
TMD7,17.8,-2.9422,101.81,413.74
TMD7,17.9,-2.9638,101.85,413.66
TMD7,18,-2.9878,101.89,413.59
TMD7,18.1,-3.0097,101.9,413.57
TMD7,18.2,-3.0329,101.87,413.39
TMD7,18.3,-3.0563,101.86,413.25
TMD7,18.4,-3.0781,101.89,413.24
TMD7,18.5,-3.0997,101.87,412.99
TMD7,18.6,-3.1213,101.9,412.87
TMD7,18.7,-3.1434,101.96,412.92
TMD7,18.8,-3.1651,101.94,412.79
TMD7,18.9,-3.1862,101.91,412.59
TMD7,19,-3.2073,101.92,412.48
TMD7,19.1,-3.2291,101.93,412.32
TMD7,19.2,-3.2502,101.94,412.25
TMD7,19.3,-3.2717,101.97,412.2
TMD7,19.4,-3.2934,102.01,412.13
TMD7,19.5,-3.3141,101.97,411.99
TMD7,19.6,-3.3336,102.01,411.74
TMD7,19.7,-3.3544,102.02,411.62
TMD7,19.8,-3.3729,102.01,411.35
TMD7,19.9,-3.3939,102.07,411.45
TMD7,20,-3.4151,102.07,411.34
TMD8,0,0,199.17,202
TMD8,0.1,0.0433,199.08,237.4
TMD8,0.2,0.1003,199.03,269.54
TMD8,0.3,0.1632,199.02,298.96
TMD8,0.4,0.2279,199.02,325.89
TMD8,0.5,0.2841,198.98,347.95
TMD8,0.6,0.337,198.92,367.93
TMD8,0.7,0.3834,198.99,385.01
TMD8,0.8,0.4269,198.96,400.89
TMD8,0.9,0.4717,198.92,417.41
TMD8,1,0.5105,198.87,430.99
TMD8,1.1,0.5466,198.84,444.42
TMD8,1.2,0.5813,198.84,456.93
TMD8,1.3,0.6116,198.8,468.33
TMD8,1.4,0.6406,198.84,478.63
TMD8,1.5,0.6656,198.85,488.82
TMD8,1.6,0.6892,198.79,498.41
TMD8,1.7,0.7115,198.78,507.23
TMD8,1.8,0.7345,198.78,516.45
TMD8,1.9,0.7541,198.77,524.39
TMD8,2,0.7713,198.7,532.57
TMD8,2.1,0.7861,198.76,540.18
TMD8,2.2,0.8022,198.73,548.07
TMD8,2.3,0.8141,198.69,554.55
TMD8,2.4,0.8259,198.69,561.29
TMD8,2.5,0.8359,198.67,567.59
TMD8,2.6,0.845,198.67,573.64
TMD8,2.7,0.8521,198.69,579.83
TMD8,2.8,0.8589,198.72,586.09
TMD8,2.9,0.8653,198.7,591.75
TMD8,3,0.8701,198.68,597.06
TMD8,3.1,0.8737,198.68,602.85
TMD8,3.2,0.8765,198.68,607.71
TMD8,3.3,0.8777,198.72,612.88
TMD8,3.4,0.8784,198.71,617.8
TMD8,3.5,0.878,198.68,622.56
TMD8,3.6,0.877,198.66,627.31
TMD8,3.7,0.8732,198.65,631.81
TMD8,3.8,0.8699,198.67,635.7
TMD8,3.9,0.8633,198.71,640.39
TMD8,4,0.8563,198.71,644.49
TMD8,4.1,0.8487,198.73,648.31
TMD8,4.2,0.8406,198.7,652.46
TMD8,4.3,0.8329,198.72,655.49
TMD8,4.4,0.8245,198.69,659.13
TMD8,4.5,0.8165,198.71,662.77
TMD8,4.6,0.8077,198.7,666.15
TMD8,4.7,0.7998,198.76,669.53
TMD8,4.8,0.7897,198.77,672.78
TMD8,4.9,0.78,198.75,675.76
TMD8,5,0.7699,198.76,678.71
TMD8,5.1,0.7586,198.81,681.78
TMD8,5.2,0.7478,198.78,684.46
TMD8,5.3,0.7349,198.81,687.56
TMD8,5.4,0.7213,198.71,690.49
TMD8,5.5,0.7077,198.76,693.29
TMD8,5.6,0.6951,198.76,695.52
TMD8,5.7,0.6813,198.77,698.13
TMD8,5.8,0.6673,198.81,700.78
TMD8,5.9,0.6522,198.82,703.07
TMD8,6,0.6368,198.78,705.46
TMD8,6.1,0.6219,198.78,707.59
TMD8,6.2,0.6065,198.85,709.79
TMD8,6.3,0.5914,198.81,711.82
TMD8,6.4,0.5739,198.8,714.17
TMD8,6.5,0.5577,198.82,716.01
TMD8,6.6,0.5421,198.81,717.85
TMD8,6.7,0.5238,198.86,719.92
TMD8,6.8,0.5062,198.87,721.95
TMD8,6.9,0.4894,198.88,723.63
TMD8,7,0.4711,198.93,725.48
TMD8,7.1,0.4525,198.9,727.21
TMD8,7.2,0.433,198.9,728.99
TMD8,7.3,0.4133,198.95,730.67
TMD8,7.4,0.3953,198.94,732.23
TMD8,7.5,0.3752,198.93,733.96
TMD8,7.6,0.3547,198.91,735.44
TMD8,7.7,0.3341,198.93,736.72
TMD8,7.8,0.3141,198.9,738.06
TMD8,7.9,0.2937,198.93,739.58
TMD8,8,0.2739,198.93,740.9
TMD8,8.1,0.2531,198.98,742.36
TMD8,8.2,0.2319,198.98,743.51
TMD8,8.3,0.2115,198.99,744.79
TMD8,8.4,0.1889,199,746
TMD8,8.5,0.1682,198.98,746.99
TMD8,8.6,0.1478,199.04,748.56
TMD8,8.7,0.1265,199.04,749.52
TMD8,8.8,0.1033,199,750.54
TMD8,8.9,0.0825,199.02,751.43
TMD8,9,0.0602,199.01,752.47
TMD8,9.1,0.0389,199.01,753.48
TMD8,9.2,0.015,199.04,754.66
TMD8,9.3,-0.0079,199.01,755.64
TMD8,9.4,-0.031,199.11,756.82
TMD8,9.5,-0.0539,199.03,757.31
TMD8,9.6,-0.0769,199.06,758.07
TMD8,9.7,-0.0986,199.07,759.12
TMD8,9.8,-0.1217,199.06,760.08
TMD8,9.9,-0.1461,199.12,761.1
TMD8,10,-0.1687,199.12,761.74
TMD8,10.1,-0.1918,199.16,762.42
TMD8,10.2,-0.2149,199.23,763.15
TMD8,10.3,-0.2389,199.17,764.06
TMD8,10.4,-0.2635,199.2,764.81
TMD8,10.5,-0.2872,199.21,765.59
TMD8,10.6,-0.31,199.22,766
TMD8,10.7,-0.3326,199.25,766.47
TMD8,10.8,-0.3561,199.25,767.16
TMD8,10.9,-0.382,199.26,767.81
TMD8,11,-0.4069,199.23,768.38
TMD8,11.1,-0.429,199.23,768.91
TMD8,11.2,-0.4528,199.26,769.44
TMD8,11.3,-0.4757,199.32,769.85
TMD8,11.4,-0.4982,199.36,770.4
TMD8,11.5,-0.5216,199.34,770.83
TMD8,11.6,-0.5457,199.38,771.48
TMD8,11.7,-0.5706,199.35,771.73
TMD8,11.8,-0.5955,199.37,772.26
TMD8,11.9,-0.6201,199.46,772.57
TMD8,12,-0.645,199.42,773.08
TMD8,12.1,-0.6647,199.45,773.32
TMD8,12.2,-0.6904,199.45,773.69
TMD8,12.3,-0.7139,199.44,774.08
TMD8,12.4,-0.7394,199.46,774.38
TMD8,12.5,-0.7628,199.42,774.83
TMD8,12.6,-0.7877,199.47,775.19
TMD8,12.7,-0.8109,199.47,775.36
TMD8,12.8,-0.8358,199.43,775.66
TMD8,12.9,-0.8594,199.48,775.85
TMD8,13,-0.8841,199.48,776
TMD8,13.1,-0.9084,199.5,776.57
TMD8,13.2,-0.9296,199.44,776.67
TMD8,13.3,-0.9538,199.48,776.81
TMD8,13.4,-0.9769,199.47,777.09
TMD8,13.5,-1.0009,199.46,777.13
TMD8,13.6,-1.0245,199.49,777.45
TMD8,13.7,-1.0492,199.55,777.72
TMD8,13.8,-1.0738,199.58,777.9
TMD8,13.9,-1.0962,199.54,778.12
TMD8,14,-1.1189,199.58,778.08
TMD8,14.1,-1.1435,199.6,778.37
TMD8,14.2,-1.1669,199.63,778.82
TMD8,14.3,-1.1897,199.68,778.94
TMD8,14.4,-1.2132,199.66,779
TMD8,14.5,-1.237,199.68,778.93
TMD8,14.6,-1.2587,199.74,778.93
TMD8,14.7,-1.2828,199.71,779.24
TMD8,14.8,-1.3063,199.78,779.4
TMD8,14.9,-1.3288,199.73,779.32
TMD8,15,-1.3518,199.78,779.46
TMD8,15.1,-1.3749,199.8,779.53
TMD8,15.2,-1.3988,199.83,779.5
TMD8,15.3,-1.4203,199.82,779.56
TMD8,15.4,-1.4441,199.8,779.54
TMD8,15.5,-1.466,199.85,779.89
TMD8,15.6,-1.4871,199.85,779.56
TMD8,15.7,-1.5107,199.9,779.64
TMD8,15.8,-1.5337,199.86,779.47
TMD8,15.9,-1.5562,199.89,779.57
TMD8,16,-1.5784,199.92,779.66
TMD8,16.1,-1.5997,199.92,779.39
TMD8,16.2,-1.6206,199.87,779.26
TMD8,16.3,-1.6408,199.97,779.12
TMD8,16.4,-1.6634,199.91,779.12
TMD8,16.5,-1.6855,199.94,779
TMD8,16.6,-1.7089,199.95,779.05
TMD8,16.7,-1.7298,199.97,778.98
TMD8,16.8,-1.7521,199.96,778.96
TMD8,16.9,-1.7719,199.99,778.69
TMD8,17,-1.7938,199.97,778.59
TMD8,17.1,-1.8151,199.98,778.54
TMD8,17.2,-1.8349,200.03,778.39
TMD8,17.3,-1.8564,200.03,778.27
TMD8,17.4,-1.8778,199.99,777.87
TMD8,17.5,-1.8971,200.08,777.75
TMD8,17.6,-1.9177,200.04,777.69
TMD8,17.7,-1.9384,200.06,777.34
TMD8,17.8,-1.9596,200.08,777.21
TMD8,17.9,-1.9805,200.04,776.82
TMD8,18,-2.0009,200.03,776.5
TMD8,18.1,-2.0192,200.02,776.41
TMD8,18.2,-2.0403,200.05,776.14
TMD8,18.3,-2.0606,200.07,775.87
TMD8,18.4,-2.0803,200.1,775.58
TMD8,18.5,-2.0985,200.15,775.2
TMD8,18.6,-2.1184,200.11,774.82
TMD8,18.7,-2.1386,200.09,774.45
TMD8,18.8,-2.1587,200.1,774.25
TMD8,18.9,-2.1783,200.11,774
TMD8,19,-2.1966,200.1,773.49
TMD8,19.1,-2.2148,200.13,773.06
TMD8,19.2,-2.2329,200.09,772.9
TMD8,19.3,-2.2511,200.11,772.51
TMD8,19.4,-2.2698,200.12,772.28
TMD8,19.5,-2.2878,200.07,771.59
TMD8,19.6,-2.3077,200.13,771.33
TMD8,19.7,-2.325,200.13,770.96
TMD8,19.8,-2.3451,200.21,770.78
TMD8,19.9,-2.3639,200.17,770.42
TMD8,20,-2.3821,200.14,769.88
TMD9,0,0,298.45,300.19
TMD9,0.1,0.0623,298.41,366.5
TMD9,0.2,0.1284,298.4,415.73
TMD9,0.3,0.1876,298.35,454.81
TMD9,0.4,0.2472,298.31,491.97
TMD9,0.5,0.306,298.25,526.74
TMD9,0.6,0.3536,298.26,554.75
TMD9,0.7,0.3982,298.26,582.4
TMD9,0.8,0.4477,298.28,607.74
TMD9,0.9,0.4903,298.26,631.38
TMD9,1,0.5271,298.23,652.26
TMD9,1.1,0.5597,298.27,670.99
TMD9,1.2,0.5916,298.24,689.67
TMD9,1.3,0.6235,298.19,708.04
TMD9,1.4,0.6504,298.11,724.52
TMD9,1.5,0.6748,298.14,739.41
TMD9,1.6,0.6992,298.15,755.16
TMD9,1.7,0.7203,298.12,769.02
TMD9,1.8,0.7407,298.09,783.16
TMD9,1.9,0.7579,298.1,795.44
TMD9,2,0.7731,298.11,807.72
TMD9,2.1,0.7864,298.12,818.63
TMD9,2.2,0.8004,298.07,829.86
TMD9,2.3,0.8126,298.06,840.79
TMD9,2.4,0.8243,298.07,851.81
TMD9,2.5,0.8341,298.05,861.77
TMD9,2.6,0.8421,298.07,871.64
TMD9,2.7,0.8488,298.05,881.53
TMD9,2.8,0.8541,298.09,890.03
TMD9,2.9,0.8593,298.06,898.68
TMD9,3,0.8615,298.07,906.86
TMD9,3.1,0.8642,298.11,915.54
TMD9,3.2,0.8658,298.11,923.44
TMD9,3.3,0.8654,298.1,930.89
TMD9,3.4,0.8645,298.09,938.04
TMD9,3.5,0.8614,298.05,945.66
TMD9,3.6,0.8577,298.08,952.34
TMD9,3.7,0.8522,298.07,959.07
TMD9,3.8,0.845,298.08,965.65
TMD9,3.9,0.8384,298.12,971.46
TMD9,4,0.8303,298.12,977.15
TMD9,4.1,0.8214,298.12,983.47
TMD9,4.2,0.8126,298.12,988.67
TMD9,4.3,0.8048,298.12,994.07
TMD9,4.4,0.7967,298.07,999.48
TMD9,4.5,0.7882,298.1,1004.58
TMD9,4.6,0.779,298.11,1009.14
TMD9,4.7,0.7682,298.12,1014.15
TMD9,4.8,0.7585,298.17,1018.58
TMD9,4.9,0.7461,298.09,1023.47
TMD9,5,0.7328,298.16,1028.44
TMD9,5.1,0.7192,298.14,1033.37
TMD9,5.2,0.708,298.16,1036.78
TMD9,5.3,0.6946,298.11,1040.84
TMD9,5.4,0.6805,298.12,1044.76
TMD9,5.5,0.6657,298.16,1048.78
TMD9,5.6,0.6509,298.15,1052.55
TMD9,5.7,0.6356,298.18,1056.12
TMD9,5.8,0.62,298.17,1059.34
TMD9,5.9,0.6045,298.17,1062.7
TMD9,6,0.5883,298.22,1066.08
TMD9,6.1,0.5717,298.16,1069.48
TMD9,6.2,0.5541,298.21,1072.62
TMD9,6.3,0.5366,298.19,1075.87
TMD9,6.4,0.5182,298.19,1078.68
TMD9,6.5,0.502,298.24,1081.13
TMD9,6.6,0.4828,298.25,1084.37
TMD9,6.7,0.4636,298.24,1086.91
TMD9,6.8,0.4439,298.31,1089.89
TMD9,6.9,0.4229,298.23,1092.26
TMD9,7,0.4048,298.26,1094.58
TMD9,7.1,0.3839,298.29,1096.98
TMD9,7.2,0.3627,298.27,1099.45
TMD9,7.3,0.3412,298.24,1101.6
TMD9,7.4,0.3201,298.23,1103.92
TMD9,7.5,0.2996,298.24,1105.92
TMD9,7.6,0.2796,298.28,1107.85
TMD9,7.7,0.2589,298.2,1109.64
TMD9,7.8,0.2379,298.26,1111.82
TMD9,7.9,0.2163,298.3,1113.51
TMD9,8,0.1941,298.32,1115.51
TMD9,8.1,0.1731,298.35,1116.88
TMD9,8.2,0.1497,298.37,1118.6
TMD9,8.3,0.1288,298.38,1120.58
TMD9,8.4,0.105,298.41,1122.25
TMD9,8.5,0.0833,298.41,1123.67
TMD9,8.6,0.0605,298.43,1125.43
TMD9,8.7,0.0376,298.47,1126.54
TMD9,8.8,0.0134,298.45,1128.01
TMD9,8.9,-0.0118,298.46,1129.76
TMD9,9,-0.0362,298.45,1131.33
TMD9,9.1,-0.0599,298.48,1132.47
TMD9,9.2,-0.0826,298.53,1133.85
TMD9,9.3,-0.1077,298.51,1134.86
TMD9,9.4,-0.1292,298.48,1135.92
TMD9,9.5,-0.1559,298.52,1137.41
TMD9,9.6,-0.1786,298.54,1138.66
TMD9,9.7,-0.2019,298.54,1139.59
TMD9,9.8,-0.2274,298.57,1140.71
TMD9,9.9,-0.2519,298.6,1141.71
TMD9,10,-0.2793,298.58,1142.85
TMD9,10.1,-0.304,298.58,1143.8
TMD9,10.2,-0.3274,298.57,1144.75
TMD9,10.3,-0.3529,298.61,1145.63
TMD9,10.4,-0.38,298.62,1146.44
TMD9,10.5,-0.4062,298.62,1147.35
TMD9,10.6,-0.4311,298.63,1148.25
TMD9,10.7,-0.4542,298.66,1148.83
TMD9,10.8,-0.4815,298.67,1149.74
TMD9,10.9,-0.5056,298.71,1150.32
TMD9,11,-0.5276,298.75,1150.84
TMD9,11.1,-0.5546,298.78,1151.51
TMD9,11.2,-0.5799,298.74,1152.17
TMD9,11.3,-0.6059,298.78,1152.86
TMD9,11.4,-0.6304,298.78,1153.17
TMD9,11.5,-0.6569,298.77,1153.83
TMD9,11.6,-0.6818,298.77,1154.24
TMD9,11.7,-0.705,298.77,1154.45
TMD9,11.8,-0.7328,298.76,1155.21
TMD9,11.9,-0.7564,298.85,1155.7
TMD9,12,-0.7843,298.82,1155.88
TMD9,12.1,-0.808,298.8,1156.09
TMD9,12.2,-0.8346,298.85,1156.65
TMD9,12.3,-0.86,298.79,1156.68
TMD9,12.4,-0.8876,298.92,1157.29
TMD9,12.5,-0.9133,298.89,1157.46
TMD9,12.6,-0.9398,298.92,1157.46
TMD9,12.7,-0.9659,298.97,1158
TMD9,12.8,-0.9885,298.99,1158.08
TMD9,12.9,-1.0136,298.92,1158.21
TMD9,13,-1.039,298.91,1158.47
TMD9,13.1,-1.0642,298.94,1158.75
TMD9,13.2,-1.0892,298.97,1158.66
TMD9,13.3,-1.1161,298.99,1158.92
TMD9,13.4,-1.1412,299.02,1159.09
TMD9,13.5,-1.1669,298.98,1159.05
TMD9,13.6,-1.19,299.01,1158.93
TMD9,13.7,-1.2167,299,1159.22
TMD9,13.8,-1.2405,299.11,1159.25
TMD9,13.9,-1.2654,299.06,1159.06
TMD9,14,-1.2891,299.07,1159.25
TMD9,14.1,-1.3146,299.09,1159.27
TMD9,14.2,-1.3374,299.08,1159.06
TMD9,14.3,-1.3639,299.11,1159.02
TMD9,14.4,-1.3875,299.09,1158.97
TMD9,14.5,-1.4131,299.14,1158.97
TMD9,14.6,-1.4378,299.12,1158.86
TMD9,14.7,-1.4628,299.14,1158.91
TMD9,14.8,-1.4866,299.16,1158.72
TMD9,14.9,-1.5104,299.15,1158.47
TMD9,15,-1.5331,299.16,1158.29
TMD9,15.1,-1.5591,299.19,1158.15
TMD9,15.2,-1.5826,299.26,1158.14
TMD9,15.3,-1.608,299.24,1157.94
TMD9,15.4,-1.6318,299.25,1157.87
TMD9,15.5,-1.6565,299.25,1157.7
TMD9,15.6,-1.6805,299.25,1157.37
TMD9,15.7,-1.7037,299.23,1157.3
TMD9,15.8,-1.7254,299.2,1157.28
TMD9,15.9,-1.7463,299.25,1156.59
TMD9,16,-1.7714,299.26,1156.52
TMD9,16.1,-1.7948,299.28,1156.34
TMD9,16.2,-1.8201,299.24,1156
TMD9,16.3,-1.844,299.27,1155.92
TMD9,16.4,-1.8665,299.21,1155.49
TMD9,16.5,-1.8881,299.23,1154.96
TMD9,16.6,-1.9126,299.19,1154.93
TMD9,16.7,-1.9344,299.24,1154.46
TMD9,16.8,-1.9563,299.22,1154.06
TMD9,16.9,-1.9783,299.3,1153.93
TMD9,17,-2.0024,299.32,1153.82
TMD9,17.1,-2.0225,299.36,1153.08
TMD9,17.2,-2.045,299.4,1152.86
TMD9,17.3,-2.0681,299.35,1152.4
TMD9,17.4,-2.0895,299.35,1152.11
TMD9,17.5,-2.1121,299.43,1151.05
TMD9,17.6,-2.1345,299.38,1151.35
TMD9,17.7,-2.1571,299.44,1150.71
TMD9,17.8,-2.1775,299.49,1150.13
TMD9,17.9,-2.1993,299.5,1149.8
TMD9,18,-2.2208,299.51,1149.29
TMD9,18.1,-2.2406,299.51,1148.67
TMD9,18.2,-2.2622,299.52,1147.82
TMD9,18.3,-2.2845,299.55,1147.43
TMD9,18.4,-2.3049,299.53,1146.55
TMD9,18.5,-2.3264,299.54,1146.14
TMD9,18.6,-2.3477,299.48,1145.67
TMD9,18.7,-2.3685,299.51,1145.03
TMD9,18.8,-2.3889,299.49,1144.36
TMD9,18.9,-2.4079,299.55,1143.8
TMD9,19,-2.4275,299.59,1143.19
TMD9,19.1,-2.4477,299.58,1142.76
TMD9,19.2,-2.4688,299.59,1142.07
TMD9,19.3,-2.4882,299.59,1141.34
TMD9,19.4,-2.5085,299.6,1140.83
TMD9,19.5,-2.5289,299.67,1140.14
TMD9,19.6,-2.5482,299.53,1139.41
TMD9,19.7,-2.5668,299.62,1139.01
TMD9,19.8,-2.5829,299.63,1138.36
TMD9,19.9,-2.6033,299.63,1137.89
TMD9,20,-2.6219,299.68,1137.23
TMD10,0,0.0047,400.54,414.03
TMD10,0.1,0.066,400.57,490.63
TMD10,0.2,0.1381,400.46,546.98
TMD10,0.3,0.2004,400.4,594.68
TMD10,0.4,0.2623,400.37,635.8
TMD10,0.5,0.3202,400.26,675.67
TMD10,0.6,0.3742,400.26,711.37
TMD10,0.7,0.4286,400.19,744.92
TMD10,0.8,0.4715,400.11,774
TMD10,0.9,0.5204,400.1,803.82
TMD10,1,0.5597,400.02,830.16
TMD10,1.1,0.6037,399.97,854.93
TMD10,1.2,0.6387,399.92,879.19
TMD10,1.3,0.678,399.9,901.65
TMD10,1.4,0.7167,399.81,923.5
TMD10,1.5,0.7457,399.75,943.81
TMD10,1.6,0.7744,399.74,962.47
TMD10,1.7,0.8024,399.61,981.05
TMD10,1.8,0.8278,399.65,998.7
TMD10,1.9,0.8549,399.54,1016.44
TMD10,2,0.8755,399.48,1032.78
TMD10,2.1,0.8966,399.43,1048.43
TMD10,2.2,0.9174,399.43,1062.47
TMD10,2.3,0.9318,399.44,1076.51
TMD10,2.4,0.9509,399.39,1090.98
TMD10,2.5,0.9649,399.29,1104.81
TMD10,2.6,0.9793,399.24,1117.64
TMD10,2.7,0.9922,399.27,1129.7
TMD10,2.8,1.0038,399.19,1142.47
TMD10,2.9,1.0164,399.15,1153.92
TMD10,3,1.0239,399.13,1165.23
TMD10,3.1,1.0335,399.15,1176.49
TMD10,3.2,1.041,399.08,1186.61
TMD10,3.3,1.0457,399.08,1196.86
TMD10,3.4,1.0525,399.04,1206.66
TMD10,3.5,1.0574,399.04,1216.56
TMD10,3.6,1.0578,399.02,1225.56
TMD10,3.7,1.0607,399.03,1235.42
TMD10,3.8,1.0639,399.07,1243.97
TMD10,3.9,1.0643,398.98,1252.43
TMD10,4,1.0662,399.11,1260.89
TMD10,4.1,1.0625,399.03,1269.07
TMD10,4.2,1.0601,399.03,1276.8
TMD10,4.3,1.0583,399.04,1283.61
TMD10,4.4,1.0506,399.04,1291.04
TMD10,4.5,1.0479,399.07,1298.78
TMD10,4.6,1.0428,399.1,1305.94
TMD10,4.7,1.0395,399.07,1312.18
TMD10,4.8,1.0316,399.11,1319.05
TMD10,4.9,1.0255,399.06,1325.4
TMD10,5,1.0174,399.08,1331.75
TMD10,5.1,1.011,399.07,1337.27
TMD10,5.2,1.0031,399.07,1343.05
TMD10,5.3,0.9958,399.12,1349.2
TMD10,5.4,0.987,399.12,1354.75
TMD10,5.5,0.9791,399.11,1360.58
TMD10,5.6,0.9679,399.11,1365.81
TMD10,5.7,0.9601,399.09,1371.09
TMD10,5.8,0.948,399.15,1376.27
TMD10,5.9,0.9407,399.12,1381.54
TMD10,6,0.9258,399.16,1386.24
TMD10,6.1,0.9178,399.14,1391.26
TMD10,6.2,0.9042,399.19,1395.67
TMD10,6.3,0.8892,399.17,1399.99
TMD10,6.4,0.8752,399.22,1404.59
TMD10,6.5,0.8606,399.23,1408.86
TMD10,6.6,0.8479,399.43,1413.25
TMD10,6.7,0.8329,399.67,1417.21
TMD10,6.8,0.818,399.22,1420.48
TMD10,6.9,0.8061,399.32,1424.22
TMD10,7,0.7912,399.26,1428.08
TMD10,7.1,0.777,399.3,1431.4
TMD10,7.2,0.762,399.31,1434.35
TMD10,7.3,0.749,399.33,1438.03
TMD10,7.4,0.73,399.31,1441.48
TMD10,7.5,0.7145,399.32,1444.61
TMD10,7.6,0.6982,399.31,1447.35
TMD10,7.7,0.678,399.3,1450.09
TMD10,7.8,0.6572,399.26,1452.87
TMD10,7.9,0.638,399.28,1455.8
TMD10,8,0.6192,399.27,1458.65
TMD10,8.1,0.6012,399.28,1461.64
TMD10,8.2,0.5841,399.24,1463.62
TMD10,8.3,0.5659,399.35,1465.83
TMD10,8.4,0.5473,399.32,1468.28
TMD10,8.5,0.5253,399.33,1470.89
TMD10,8.6,0.5077,399.27,1473.13
TMD10,8.7,0.4876,399.36,1474.97
TMD10,8.8,0.4673,399.32,1476.58
TMD10,8.9,0.4474,399.34,1479.07
TMD10,9,0.4286,399.41,1481.45
TMD10,9.1,0.4084,399.39,1483.45
TMD10,9.2,0.3879,399.4,1484.8
TMD10,9.3,0.3672,399.37,1486.45
TMD10,9.4,0.346,399.4,1488.81
TMD10,9.5,0.3236,399.41,1490.5
TMD10,9.6,0.3035,399.45,1492.34
TMD10,9.7,0.2825,399.47,1494.02
TMD10,9.8,0.2619,399.47,1495.57
TMD10,9.9,0.2403,399.49,1497.14
TMD10,10,0.2175,399.5,1498.81
TMD10,10.1,0.1958,399.51,1500.01
TMD10,10.2,0.174,399.53,1501.25
TMD10,10.3,0.1518,399.55,1502.44
TMD10,10.4,0.131,399.55,1503.73
TMD10,10.5,0.1104,399.52,1505.28
TMD10,10.6,0.0873,399.52,1506.31
TMD10,10.7,0.0661,399.58,1507.08
TMD10,10.8,0.0436,399.65,1508.23
TMD10,10.9,0.022,399.61,1509.47
TMD10,11,-0.0025,399.67,1510.6
TMD10,11.1,-0.0264,399.67,1511.54
TMD10,11.2,-0.0484,399.69,1511.98
TMD10,11.3,-0.071,399.66,1512.86
TMD10,11.4,-0.0948,399.72,1514.22
TMD10,11.5,-0.1173,399.67,1515.17
TMD10,11.6,-0.1393,399.68,1515.44
TMD10,11.7,-0.1627,399.72,1515.95
TMD10,11.8,-0.1859,399.75,1516.9
TMD10,11.9,-0.2106,399.78,1518.02
TMD10,12,-0.2314,399.78,1518.78
TMD10,12.1,-0.2552,399.78,1518.75
TMD10,12.2,-0.2792,399.83,1519.21
TMD10,12.3,-0.2989,399.8,1519.9
TMD10,12.4,-0.325,399.79,1520.54
TMD10,12.5,-0.3489,399.84,1520.95
TMD10,12.6,-0.3709,399.83,1521.03
TMD10,12.7,-0.394,399.86,1521.53
TMD10,12.8,-0.4163,399.87,1522.24
TMD10,12.9,-0.4352,399.91,1522.98
TMD10,13,-0.4616,399.91,1522.93
TMD10,13.1,-0.4832,399.9,1523.21
TMD10,13.2,-0.5053,399.95,1523.04
TMD10,13.3,-0.5292,399.98,1523.14
TMD10,13.4,-0.5529,399.97,1523.39
TMD10,13.5,-0.5769,399.97,1523.66
TMD10,13.6,-0.5989,399.99,1523.09
TMD10,13.7,-0.6217,400.02,1523.18
TMD10,13.8,-0.6414,400.05,1523.62
TMD10,13.9,-0.6668,400.06,1523.85
TMD10,14,-0.6888,400.03,1523.85
TMD10,14.1,-0.7117,400.04,1523.06
TMD10,14.2,-0.7356,400.07,1523.35
TMD10,14.3,-0.7578,400.05,1523.67
TMD10,14.4,-0.7823,400.05,1523.86
TMD10,14.5,-0.8044,400.11,1523.4
TMD10,14.6,-0.8267,400.18,1523.26
TMD10,14.7,-0.8499,400.12,1523.22
TMD10,14.8,-0.8733,400.15,1523.44
TMD10,14.9,-0.8965,400.18,1523.37
TMD10,15,-0.9157,400.21,1523
TMD10,15.1,-0.9413,400.22,1522.8
TMD10,15.2,-0.9654,400.22,1522.63
TMD10,15.3,-0.9853,400.23,1522.8
TMD10,15.4,-1.0093,400.27,1522.39
TMD10,15.5,-1.0332,400.35,1522.02
TMD10,15.6,-1.056,400.39,1521.6
TMD10,15.7,-1.0786,400.34,1521.27
TMD10,15.8,-1.1008,400.4,1520.98
TMD10,15.9,-1.1233,400.39,1520.99
TMD10,16,-1.1437,400.41,1520.4
TMD10,16.1,-1.1634,400.43,1519.78
TMD10,16.2,-1.1862,400.48,1519.42
TMD10,16.3,-1.2081,400.52,1519.62
TMD10,16.4,-1.2274,400.6,1519.32
TMD10,16.5,-1.2526,400.61,1518.46
TMD10,16.6,-1.2726,400.62,1517.7
TMD10,16.7,-1.2931,400.62,1517.48
TMD10,16.8,-1.3138,400.58,1517.43
TMD10,16.9,-1.3325,400.72,1516.66
TMD10,17,-1.3566,400.6,1515.19
TMD10,17.1,-1.3781,400.73,1515.39
TMD10,17.2,-1.4003,400.71,1515.02
TMD10,17.3,-1.4217,400.7,1514.97
TMD10,17.4,-1.4418,400.72,1514.44
TMD10,17.5,-1.4578,400.78,1513.68
TMD10,17.6,-1.476,400.78,1513.42
TMD10,17.7,-1.5012,400.76,1513.11
TMD10,17.8,-1.5195,400.76,1512.37
TMD10,17.9,-1.5374,400.84,1511.57
TMD10,18,-1.5579,400.85,1511.03
TMD10,18.1,-1.5775,400.86,1510.59
TMD10,18.2,-1.5996,400.88,1510
TMD10,18.3,-1.6192,400.86,1509.43
TMD10,18.4,-1.6418,401.01,1508.61
TMD10,18.5,-1.6618,400.97,1507.64
TMD10,18.6,-1.681,400.98,1506.88
TMD10,18.7,-1.701,400.96,1506.54
TMD10,18.8,-1.7208,401.02,1505.9
TMD10,18.9,-1.7372,400.92,1504.85
TMD10,19,-1.7573,401.02,1503.7
TMD10,19.1,-1.7746,401.06,1503.24
TMD10,19.2,-1.7952,401.11,1502.91
TMD10,19.3,-1.8144,401.09,1501.87
TMD10,19.4,-1.8375,401.08,1500.6
TMD10,19.5,-1.8543,401.16,1499.65
TMD10,19.6,-1.8714,401.13,1499.12
TMD10,19.7,-1.8906,401.13,1498.59
TMD10,19.8,-1.906,401.18,1497.86
TMD10,19.9,-1.9244,401.19,1496.6
TMD10,20,-1.9407,401.2,1496.01
TMD11,0,0,50.92,52.86
TMD11,0.1,0.059,50.91,72.63
TMD11,0.2,0.1089,50.88,85.36
TMD11,0.3,0.1563,50.85,96.87
TMD11,0.4,0.1988,50.88,107.07
TMD11,0.5,0.2298,50.84,114.78
TMD11,0.6,0.2553,50.85,121.73
TMD11,0.7,0.2789,50.84,128.55
TMD11,0.8,0.2966,50.8,134.67
TMD11,0.9,0.3101,50.83,139.96
TMD11,1,0.3181,50.85,144.64
TMD11,1.1,0.3243,50.82,149.25
TMD11,1.2,0.3261,50.8,153.45
TMD11,1.3,0.3257,50.8,156.92
TMD11,1.4,0.3218,50.84,160.07
TMD11,1.5,0.3142,50.83,163.27
TMD11,1.6,0.3015,50.8,166.52
TMD11,1.7,0.287,50.84,169.41
TMD11,1.8,0.2724,50.86,172.03
TMD11,1.9,0.257,50.93,174.79
TMD11,2,0.2429,50.88,177.16
TMD11,2.1,0.2262,50.83,179.55
TMD11,2.2,0.2084,50.92,181.8
TMD11,2.3,0.1892,50.89,183.93
TMD11,2.4,0.1697,50.9,185.78
TMD11,2.5,0.148,50.92,187.82
TMD11,2.6,0.127,50.89,189.55
TMD11,2.7,0.1014,50.9,191.49
TMD11,2.8,0.0768,50.91,193.21
TMD11,2.9,0.0492,50.94,194.95
TMD11,3,0.0226,50.92,196.46
TMD11,3.1,-0.0056,50.89,197.98
TMD11,3.2,-0.0346,50.88,199.43
TMD11,3.3,-0.0622,50.95,200.94
TMD11,3.4,-0.094,50.97,202.43
TMD11,3.5,-0.1243,50.97,203.81
TMD11,3.6,-0.1551,51.01,205.06
TMD11,3.7,-0.1869,51,206.28
TMD11,3.8,-0.2217,50.99,207.58
TMD11,3.9,-0.2538,51.01,208.78
TMD11,4,-0.2872,51.06,209.96
TMD11,4.1,-0.3192,51.06,210.97
TMD11,4.2,-0.3534,51.08,212.04
TMD11,4.3,-0.3872,51.16,213.1
TMD11,4.4,-0.4219,51.12,214.03
TMD11,4.5,-0.4562,51.13,214.93
TMD11,4.6,-0.4934,51.18,216
TMD11,4.7,-0.5299,51.17,216.87
TMD11,4.8,-0.5652,51.16,217.67
TMD11,4.9,-0.5995,51.23,218.47
TMD11,5,-0.6355,51.22,219.2
TMD11,5.1,-0.6748,51.23,220.07
TMD11,5.2,-0.7167,51.25,220.88
TMD11,5.3,-0.7566,51.27,221.65
TMD11,5.4,-0.7948,51.27,222.28
TMD11,5.5,-0.8304,51.3,222.88
TMD11,5.6,-0.8709,51.35,223.64
TMD11,5.7,-0.9102,51.38,224.3
TMD11,5.8,-0.9489,51.36,224.84
TMD11,5.9,-0.9892,51.38,225.42
TMD11,6,-1.028,51.42,225.99
TMD11,6.1,-1.0661,51.47,226.51
TMD11,6.2,-1.108,51.47,226.99
TMD11,6.3,-1.1453,51.49,227.43
TMD11,6.4,-1.1863,51.47,227.89
TMD11,6.5,-1.2279,51.51,228.31
TMD11,6.6,-1.2693,51.53,228.77
TMD11,6.7,-1.3083,51.57,229.28
TMD11,6.8,-1.3472,51.63,229.71
TMD11,6.9,-1.3903,51.6,230.05
TMD11,7,-1.4326,51.64,230.45
TMD11,7.1,-1.4766,51.66,230.87
TMD11,7.2,-1.5169,51.67,231.18
TMD11,7.3,-1.5541,51.66,231.51
TMD11,7.4,-1.5987,51.72,231.92
TMD11,7.5,-1.6424,51.67,232.22
TMD11,7.6,-1.6813,51.75,232.58
TMD11,7.7,-1.7227,51.81,232.88
TMD11,7.8,-1.7644,51.76,233.1
TMD11,7.9,-1.8086,51.8,233.49
TMD11,8,-1.8481,51.76,233.61
TMD11,8.1,-1.885,51.83,233.92
TMD11,8.2,-1.9278,51.78,234.07
TMD11,8.3,-1.9681,51.85,234.4
TMD11,8.4,-2.0086,51.94,234.65
TMD11,8.5,-2.0492,51.89,234.86
TMD11,8.6,-2.092,51.91,235.14
TMD11,8.7,-2.131,51.96,235.31
TMD11,8.8,-2.1722,51.96,235.55
TMD11,8.9,-2.2111,52.01,235.73
TMD11,9,-2.2542,52.06,236.03
TMD11,9.1,-2.2956,52.04,236.2
TMD11,9.2,-2.3386,52.02,236.4
TMD11,9.3,-2.3788,52.06,236.55
TMD11,9.4,-2.4174,52.08,236.69
TMD11,9.5,-2.4569,52.11,236.84
TMD11,9.6,-2.4972,52.14,236.95
TMD11,9.7,-2.5392,52.14,237.2
TMD11,9.8,-2.578,52.13,237.25
TMD11,9.9,-2.6181,52.18,237.36
TMD11,10,-2.6567,52.18,237.44
TMD11,10.1,-2.6968,52.22,237.64
TMD11,10.2,-2.739,52.19,237.64
TMD11,10.3,-2.7794,52.21,237.81
TMD11,10.4,-2.8185,52.19,237.93
TMD11,10.5,-2.8548,52.26,237.92
TMD11,10.6,-2.894,52.28,238.05
TMD11,10.7,-2.9368,52.26,238.09
TMD11,10.8,-2.976,52.29,238.12
TMD11,10.9,-3.0127,52.26,238.12
TMD11,11,-3.0507,52.33,238.24
TMD11,11.1,-3.0889,52.32,238.16
TMD11,11.2,-3.1233,52.34,238.14
TMD11,11.3,-3.1632,52.42,238.27
TMD11,11.4,-3.2009,52.41,238.25
TMD11,11.5,-3.2408,52.43,238.26
TMD11,11.6,-3.278,52.46,238.2
TMD11,11.7,-3.3189,52.48,238.12
TMD11,11.8,-3.3563,52.38,238.02
TMD11,11.9,-3.3902,52.47,238.07
TMD11,12,-3.4278,52.51,238.09
TMD11,12.1,-3.4643,52.54,238.07
TMD11,12.2,-3.5039,52.58,238.12
TMD11,12.3,-3.5386,52.57,237.97
TMD11,12.4,-3.5752,52.63,237.94
TMD11,12.5,-3.6105,52.61,237.93
TMD11,12.6,-3.6477,52.65,237.95
TMD11,12.7,-3.6835,52.66,237.84
TMD11,12.8,-3.7197,52.69,237.78
TMD11,12.9,-3.7568,52.68,237.63
TMD11,13,-3.7871,52.72,237.52
TMD11,13.1,-3.8232,52.68,237.48
TMD11,13.2,-3.8586,52.72,237.44
TMD11,13.3,-3.8938,52.72,237.39
TMD11,13.4,-3.927,52.77,237.2
TMD11,13.5,-3.9649,52.74,237.07
TMD11,13.6,-3.9979,52.77,237.03
TMD11,13.7,-4.0325,52.82,236.99
TMD11,13.8,-4.0646,52.82,236.9
TMD11,13.9,-4.1,52.83,236.81
TMD11,14,-4.1321,52.86,236.68
TMD11,14.1,-4.1645,52.81,236.46
TMD11,14.2,-4.1978,52.86,236.5
TMD11,14.3,-4.2312,52.9,236.39
TMD11,14.4,-4.2618,52.89,236.14
TMD11,14.5,-4.2957,52.89,235.9
TMD11,14.6,-4.3277,52.93,235.79
TMD11,14.7,-4.3597,52.95,235.66
TMD11,14.8,-4.3913,53.01,235.74
TMD11,14.9,-4.4215,53,235.54
TMD11,15,-4.4548,52.99,235.36
TMD11,15.1,-4.4831,53,235.24
TMD11,15.2,-4.5125,53.08,235.16
TMD11,15.3,-4.5434,53.05,234.94
TMD11,15.4,-4.5741,53.09,234.84
TMD11,15.5,-4.6041,53.11,234.67
TMD11,15.6,-4.6335,53.09,234.44
TMD11,15.7,-4.6634,53.1,234.25
TMD11,15.8,-4.691,53.13,234.1
TMD11,15.9,-4.7203,53.15,233.87
TMD11,16,-4.747,53.15,233.71
TMD11,16.1,-4.7736,53.14,233.46
TMD11,16.2,-4.8014,53.1,233.07
TMD11,16.3,-4.8288,53.19,232.86
TMD11,16.4,-4.8569,53.21,232.72
TMD11,16.5,-4.8853,53.21,232.43
TMD11,16.6,-4.9117,53.24,232.16
TMD11,16.7,-4.9364,53.28,231.83
TMD11,16.8,-4.9632,53.27,231.48
TMD11,16.9,-4.9886,53.3,231.11
TMD11,17,-5.012,53.31,230.8
TMD11,17.1,-5.036,53.33,230.45
TMD11,17.2,-5.0608,53.32,230.11
TMD11,17.3,-5.0831,53.35,229.8
TMD11,17.4,-5.1057,53.36,229.5
TMD11,17.5,-5.1283,53.37,229.08
TMD11,17.6,-5.1507,53.41,228.8
TMD11,17.7,-5.1719,53.4,228.43
TMD11,17.8,-5.1927,53.43,228.14
TMD11,17.9,-5.2119,53.46,227.8
TMD11,18,-5.232,53.45,227.48
TMD11,18.1,-5.2511,53.45,227.19
TMD11,18.2,-5.27,53.46,226.96
TMD11,18.3,-5.2883,53.48,226.57
TMD11,18.4,-5.3068,53.49,226.45
TMD11,18.5,-5.3254,53.49,226.08
TMD11,18.6,-5.3435,53.51,225.89
TMD11,18.7,-5.3612,53.48,225.72
TMD11,18.8,-5.3792,53.52,225.55
TMD11,18.9,-5.3952,53.52,225.32
TMD11,19,-5.4104,53.54,225.21
TMD11,19.1,-5.4266,53.53,225.04
TMD11,19.2,-5.4424,53.51,224.79
TMD11,19.3,-5.4589,53.54,224.73
TMD11,19.4,-5.4738,53.59,224.6
TMD11,19.5,-5.4895,53.54,224.33
TMD11,19.6,-5.5044,53.54,224.3
TMD11,19.7,-5.5206,53.56,224.09
TMD11,19.8,-5.535,53.57,223.98
TMD11,19.9,-5.5483,53.63,224
TMD11,20,-5.5619,53.62,223.91
TMD12,0,0,100.56,101.99
TMD12,0.1,0.048,100.52,130.04
TMD12,0.2,0.12,100.46,160.91
TMD12,0.3,0.164,100.47,184.38
TMD12,0.4,0.2004,100.44,204.58
TMD12,0.5,0.2318,100.35,221.83
TMD12,0.6,0.256,100.33,236.6
TMD12,0.7,0.274,100.42,249.23
TMD12,0.8,0.2872,100.39,260.44
TMD12,0.9,0.2957,100.48,271.23
TMD12,1,0.3005,100.47,281.5
TMD12,1.1,0.3013,100.41,288.91
TMD12,1.2,0.2982,100.36,296.83
TMD12,1.3,0.2886,100.38,304.53
TMD12,1.4,0.2768,100.41,310.9
TMD12,1.5,0.2607,100.38,317.37
TMD12,1.6,0.2431,100.46,323.88
TMD12,1.7,0.2278,100.42,329.77
TMD12,1.8,0.2117,100.37,334.61
TMD12,1.9,0.1906,100.45,340.2
TMD12,2,0.1709,100.46,344.56
TMD12,2.1,0.1474,100.44,349.25
TMD12,2.2,0.1234,100.5,353.31
TMD12,2.3,0.0977,100.51,357.41
TMD12,2.4,0.0717,100.55,361.32
TMD12,2.5,0.0399,100.44,364.98
TMD12,2.6,0.0133,100.47,368.07
TMD12,2.7,-0.0196,100.48,371.63
TMD12,2.8,-0.0518,100.5,374.85
TMD12,2.9,-0.0845,100.57,377.8
TMD12,3,-0.1207,100.49,380.73
TMD12,3.1,-0.1525,100.55,383.19
TMD12,3.2,-0.1884,100.57,385.8
TMD12,3.3,-0.2251,100.64,388.41
TMD12,3.4,-0.261,100.59,390.73
TMD12,3.5,-0.2965,100.58,392.84
TMD12,3.6,-0.3323,100.62,394.97
TMD12,3.7,-0.3715,100.63,397.14
TMD12,3.8,-0.4114,100.63,399.23
TMD12,3.9,-0.4502,100.61,401
TMD12,4,-0.4855,100.61,402.54
TMD12,4.1,-0.5255,100.73,404.44
TMD12,4.2,-0.5681,100.73,406.19
TMD12,4.3,-0.6142,100.74,408
TMD12,4.4,-0.6534,100.77,409.51
TMD12,4.5,-0.6938,100.79,410.77
TMD12,4.6,-0.7387,100.79,412.24
TMD12,4.7,-0.783,100.91,413.66
TMD12,4.8,-0.8259,100.9,414.85
TMD12,4.9,-0.8718,100.95,416.22
TMD12,5,-0.9134,100.96,417.21
TMD12,5.1,-0.9576,100.94,418.26
TMD12,5.2,-1.0041,100.94,419.3
TMD12,5.3,-1.0474,100.96,420.21
TMD12,5.4,-1.0945,101.03,421.33
TMD12,5.5,-1.1396,101.06,422.12
TMD12,5.6,-1.1883,101.03,422.98
TMD12,5.7,-1.2336,101.07,423.72
TMD12,5.8,-1.2784,101.07,424.43
TMD12,5.9,-1.3271,101.09,425.21
TMD12,6,-1.3779,101.13,425.93
TMD12,6.1,-1.4274,101.16,426.54
TMD12,6.2,-1.47,101.19,427.06
TMD12,6.3,-1.5176,101.19,427.4
TMD12,6.4,-1.5656,101.17,427.93
TMD12,6.5,-1.615,101.2,428.38
TMD12,6.6,-1.6622,101.27,428.86
TMD12,6.7,-1.7097,101.33,429.35
TMD12,6.8,-1.7578,101.29,429.73
TMD12,6.9,-1.8041,101.31,430.05
TMD12,7,-1.8522,101.39,430.49
TMD12,7.1,-1.8961,101.38,430.75
TMD12,7.2,-1.9443,101.36,431.07
TMD12,7.3,-1.9894,101.35,431.38
TMD12,7.4,-2.0342,101.38,431.57
TMD12,7.5,-2.0811,101.37,431.64
TMD12,7.6,-2.134,101.46,432.07
TMD12,7.7,-2.1806,101.5,432.21
TMD12,7.8,-2.2263,101.58,432.46
TMD12,7.9,-2.2724,101.56,432.48
TMD12,8,-2.3224,101.58,432.63
TMD12,8.1,-2.3723,101.64,432.82
TMD12,8.2,-2.4192,101.66,432.84
TMD12,8.3,-2.4666,101.69,433.02
TMD12,8.4,-2.5122,101.62,432.9
TMD12,8.5,-2.557,101.65,432.89
TMD12,8.6,-2.6049,101.73,432.95
TMD12,8.7,-2.6585,101.67,432.93
TMD12,8.8,-2.6991,101.71,432.91
TMD12,8.9,-2.7467,101.8,433
TMD12,9,-2.7932,101.82,433
TMD12,9.1,-2.8406,101.9,433.19
TMD12,9.2,-2.8891,101.93,433.11
TMD12,9.3,-2.9363,101.89,433.06
TMD12,9.4,-2.9805,101.94,433.01
TMD12,9.5,-3.0276,101.98,432.97
TMD12,9.6,-3.0733,101.99,433.05
TMD12,9.7,-3.1215,101.97,432.87
TMD12,9.8,-3.1691,101.99,432.94
TMD12,9.9,-3.2104,102.05,432.81
TMD12,10,-3.2557,102.06,432.63
TMD12,10.1,-3.2988,102.03,432.5
TMD12,10.2,-3.3383,102.09,432.4
TMD12,10.3,-3.3854,102.12,432.3
TMD12,10.4,-3.43,102.15,432.26
TMD12,10.5,-3.476,102.15,432.03
TMD12,10.6,-3.5198,102.13,431.78
TMD12,10.7,-3.5665,102.19,431.75
TMD12,10.8,-3.6108,102.14,431.55
TMD12,10.9,-3.6493,102.14,431.32
TMD12,11,-3.6922,102.21,431.25
TMD12,11.1,-3.7366,102.27,431.14
TMD12,11.2,-3.7821,102.35,431.06
TMD12,11.3,-3.8222,102.39,430.91
TMD12,11.4,-3.8667,102.35,430.68
TMD12,11.5,-3.907,102.34,430.49
TMD12,11.6,-3.95,102.4,430.26
TMD12,11.7,-3.9923,102.46,430.15
TMD12,11.8,-4.0352,102.49,429.96
TMD12,11.9,-4.0787,102.49,429.77
TMD12,12,-4.1138,102.55,429.56
TMD12,12.1,-4.1556,102.5,429.18
TMD12,12.2,-4.1966,102.5,428.96
TMD12,12.3,-4.2389,102.58,428.8
TMD12,12.4,-4.2767,102.65,428.63
TMD12,12.5,-4.3203,102.61,428.34
TMD12,12.6,-4.3581,102.61,428.06
TMD12,12.7,-4.398,102.61,427.74
TMD12,12.8,-4.4356,102.61,427.36
TMD12,12.9,-4.4768,102.63,427.06
TMD12,13,-4.5147,102.66,426.75
TMD12,13.1,-4.5537,102.69,426.39
TMD12,13.2,-4.592,102.72,426.04
TMD12,13.3,-4.6311,102.77,425.8
TMD12,13.4,-4.6664,102.78,425.35
TMD12,13.5,-4.7061,102.77,424.96
TMD12,13.6,-4.7429,102.81,424.62
TMD12,13.7,-4.7824,102.79,424.13
TMD12,13.8,-4.8185,102.87,423.82
TMD12,13.9,-4.8562,102.91,423.42
TMD12,14,-4.8939,102.92,422.92
TMD12,14.1,-4.9269,102.98,422.62
TMD12,14.2,-4.9618,102.94,422
TMD12,14.3,-5.0016,102.99,421.6
TMD12,14.4,-5.0325,103.02,421.02
TMD12,14.5,-5.0721,103.03,420.5
TMD12,14.6,-5.1078,102.93,419.87
TMD12,14.7,-5.1416,102.99,419.32
TMD12,14.8,-5.1776,103.03,418.72
TMD12,14.9,-5.2095,103.05,418.05
TMD12,15,-5.2409,103.09,417.43
TMD12,15.1,-5.274,103.12,416.87
TMD12,15.2,-5.3061,103.19,416.24
TMD12,15.3,-5.3389,103.18,415.45
TMD12,15.4,-5.3738,103.12,414.58
TMD12,15.5,-5.4049,103.11,413.89
TMD12,15.6,-5.4355,103.2,413.19
TMD12,15.7,-5.4658,103.17,412.48
TMD12,15.8,-5.4963,103.19,411.63
TMD12,15.9,-5.5255,103.25,410.75
TMD12,16,-5.5536,103.21,409.9
TMD12,16.1,-5.5823,103.18,408.91
TMD12,16.2,-5.6106,103.23,408.22
TMD12,16.3,-5.6367,103.24,407.45
TMD12,16.4,-5.6649,103.22,406.53
TMD12,16.5,-5.6909,103.27,405.66
TMD12,16.6,-5.7164,103.31,404.89
TMD12,16.7,-5.7401,103.28,404.07
TMD12,16.8,-5.7645,103.32,403.18
TMD12,16.9,-5.788,103.37,402.25
TMD12,17,-5.8118,103.33,401.4
TMD12,17.1,-5.8343,103.32,400.46
TMD12,17.2,-5.8554,103.29,399.57
TMD12,17.3,-5.8758,103.34,398.7
TMD12,17.4,-5.8974,103.3,397.52
TMD12,17.5,-5.9172,103.35,396.73
TMD12,17.6,-5.9371,103.39,395.6
TMD12,17.7,-5.9566,103.35,394.26
TMD12,17.8,-5.9749,103.42,393.37
TMD12,17.9,-5.9925,103.43,392.55
TMD12,18,-6.0089,103.47,391.53
TMD12,18.1,-6.0257,103.44,390.52
TMD12,18.2,-6.0402,103.45,389.53
TMD12,18.3,-6.0567,103.48,388.67
TMD12,18.4,-6.0715,103.45,387.55
TMD12,18.5,-6.0864,103.49,386.81
TMD12,18.6,-6.0995,103.52,386
TMD12,18.7,-6.1136,103.47,385.02
TMD12,18.8,-6.1257,103.48,384.4
TMD12,18.9,-6.1366,103.53,383.63
TMD12,19,-6.1472,103.47,382.91
TMD12,19.1,-6.1596,103.46,382.43
TMD12,19.2,-6.1703,103.48,382.08
TMD12,19.3,-6.1801,103.55,381.85
TMD12,19.4,-6.1922,103.54,381.33
TMD12,19.5,-6.2031,103.55,380.84
TMD12,19.6,-6.2135,103.52,380.68
TMD12,19.7,-6.2243,103.58,380.45
TMD12,19.8,-6.2354,103.6,379.92
TMD12,19.9,-6.2452,103.68,379.55
TMD12,20,-6.2559,103.65,379.44
TMD13,0,0,199.82,201.57
TMD13,0.1,0.0564,199.82,254.06
TMD13,0.2,0.1262,199.74,300.29
TMD13,0.3,0.1856,199.71,339.73
TMD13,0.4,0.2338,199.69,370.78
TMD13,0.5,0.2764,199.75,397.24
TMD13,0.6,0.3159,199.69,422.25
TMD13,0.7,0.3482,199.66,443.27
TMD13,0.8,0.3758,199.67,461.91
TMD13,0.9,0.4028,199.66,480.2
TMD13,1,0.4239,199.63,495.54
TMD13,1.1,0.4433,199.62,510.94
TMD13,1.2,0.4587,199.6,524.27
TMD13,1.3,0.4715,199.55,536.89
TMD13,1.4,0.4839,199.48,550.16
TMD13,1.5,0.4905,199.5,560.03
TMD13,1.6,0.4968,199.45,570.95
TMD13,1.7,0.5011,199.49,580.94
TMD13,1.8,0.5033,199.59,590.39
TMD13,1.9,0.5036,199.54,598.66
TMD13,2,0.5018,199.49,606.8
TMD13,2.1,0.4979,199.56,615.25
TMD13,2.2,0.4898,199.49,623.38
TMD13,2.3,0.4801,199.47,630.4
TMD13,2.4,0.4677,199.53,637.77
TMD13,2.5,0.4551,199.52,644.77
TMD13,2.6,0.4447,199.52,650.78
TMD13,2.7,0.4336,199.54,657.02
TMD13,2.8,0.4202,199.57,663.58
TMD13,2.9,0.4081,199.56,668.81
TMD13,3,0.3935,199.52,674.46
TMD13,3.1,0.3785,199.52,679.54
TMD13,3.2,0.3626,199.53,684.51
TMD13,3.3,0.3433,199.55,690.07
TMD13,3.4,0.3267,199.57,694.51
TMD13,3.5,0.3058,199.54,699.33
TMD13,3.6,0.2874,199.61,703.52
TMD13,3.7,0.2688,199.6,707.26
TMD13,3.8,0.2471,199.6,711.42
TMD13,3.9,0.2259,199.63,715.33
TMD13,4,0.2056,199.67,718.8
TMD13,4.1,0.1825,199.68,722.49
TMD13,4.2,0.1591,199.64,725.83
TMD13,4.3,0.1349,199.68,729.14
TMD13,4.4,0.1107,199.64,732.26
TMD13,4.5,0.089,199.7,734.96
TMD13,4.6,0.0622,199.68,737.96
TMD13,4.7,0.0333,199.67,741.09
TMD13,4.8,0.0045,199.71,744.13
TMD13,4.9,-0.023,199.75,746.75
TMD13,5,-0.0487,199.77,748.97
TMD13,5.1,-0.0782,199.73,751.42
TMD13,5.2,-0.1077,199.77,753.92
TMD13,5.3,-0.1346,199.84,756.12
TMD13,5.4,-0.1639,199.78,758.36
TMD13,5.5,-0.1925,199.77,760.34
TMD13,5.6,-0.2205,199.81,762.25
TMD13,5.7,-0.2529,199.79,764.47
TMD13,5.8,-0.2829,199.81,766.32
TMD13,5.9,-0.3145,199.83,768.18
TMD13,6,-0.3451,199.82,769.83
TMD13,6.1,-0.3771,199.82,771.4
TMD13,6.2,-0.4107,199.86,773.15
TMD13,6.3,-0.4425,199.87,774.55
TMD13,6.4,-0.4747,199.94,776.21
TMD13,6.5,-0.5051,199.89,777.69
TMD13,6.6,-0.5408,199.89,779.14
TMD13,6.7,-0.572,199.96,780.6
TMD13,6.8,-0.6032,199.97,781.77
TMD13,6.9,-0.6375,199.99,783.12
TMD13,7,-0.6714,200.03,784.34
TMD13,7.1,-0.7041,199.98,785.42
TMD13,7.2,-0.7371,200.02,786.47
TMD13,7.3,-0.771,200.03,787.35
TMD13,7.4,-0.8057,199.96,788.24
TMD13,7.5,-0.8396,199.96,789.08
TMD13,7.6,-0.8703,199.96,789.79
TMD13,7.7,-0.906,199.97,790.63
TMD13,7.8,-0.9381,200.01,791.46
TMD13,7.9,-0.973,200.04,792.2
TMD13,8,-1.0075,200.01,792.92
TMD13,8.1,-1.0434,200.05,793.71
TMD13,8.2,-1.0752,200.09,794.25
TMD13,8.3,-1.1115,200.1,795.03
TMD13,8.4,-1.145,200.19,795.5
TMD13,8.5,-1.183,200.17,796.13
TMD13,8.6,-1.2177,200.23,796.77
TMD13,8.7,-1.2549,200.19,797.19
TMD13,8.8,-1.289,200.22,797.72
TMD13,8.9,-1.3243,200.23,798.14
TMD13,9,-1.3573,200.21,798.38
TMD13,9.1,-1.3933,200.27,798.88
TMD13,9.2,-1.4304,200.25,799.19
TMD13,9.3,-1.4652,200.3,799.69
TMD13,9.4,-1.4975,200.26,799.91
TMD13,9.5,-1.5319,200.32,800.16
TMD13,9.6,-1.5654,200.35,800.53
TMD13,9.7,-1.6031,200.35,800.93
TMD13,9.8,-1.6388,200.33,801.05
TMD13,9.9,-1.6719,200.37,801.23
TMD13,10,-1.7047,200.43,801.42
TMD13,10.1,-1.7423,200.37,801.58
TMD13,10.2,-1.7789,200.5,801.91
TMD13,10.3,-1.814,200.55,802.1
TMD13,10.4,-1.8477,200.48,802.14
TMD13,10.5,-1.8807,200.51,802.14
TMD13,10.6,-1.9173,200.56,802.38
TMD13,10.7,-1.9483,200.62,802.37
TMD13,10.8,-1.9821,200.58,802.22
TMD13,10.9,-2.0175,200.52,802.14
TMD13,11,-2.0544,200.59,802.31
TMD13,11.1,-2.0886,200.6,802.19
TMD13,11.2,-2.1245,200.65,802.27
TMD13,11.3,-2.1588,200.71,802.2
TMD13,11.4,-2.1907,200.68,802.13
TMD13,11.5,-2.2269,200.72,802.09
TMD13,11.6,-2.2598,200.68,801.95
TMD13,11.7,-2.2965,200.74,802
TMD13,11.8,-2.3291,200.78,801.92
TMD13,11.9,-2.3626,200.72,801.65
TMD13,12,-2.3957,200.77,801.46
TMD13,12.1,-2.4299,200.76,801.18
TMD13,12.2,-2.463,200.81,801.14
TMD13,12.3,-2.4963,200.86,801.01
TMD13,12.4,-2.532,200.77,800.61
TMD13,12.5,-2.5602,200.78,800.38
TMD13,12.6,-2.5931,200.76,799.91
TMD13,12.7,-2.6257,200.75,799.6
TMD13,12.8,-2.6584,200.78,799.25
TMD13,12.9,-2.6905,200.83,798.99
TMD13,13,-2.7232,200.85,798.6
TMD13,13.1,-2.7557,200.85,798.17
TMD13,13.2,-2.7871,200.84,797.68
TMD13,13.3,-2.8175,200.82,797.21
TMD13,13.4,-2.8479,200.83,796.76
TMD13,13.5,-2.8787,200.94,796.47
TMD13,13.6,-2.9094,200.98,796.01
TMD13,13.7,-2.9399,200.97,795.62
TMD13,13.8,-2.9708,200.95,795.08
TMD13,13.9,-2.9961,200.95,794.56
TMD13,14,-3.0288,200.96,794.07
TMD13,14.1,-3.0596,200.95,793.72
TMD13,14.2,-3.0903,200.95,793
TMD13,14.3,-3.1201,200.97,792.48
TMD13,14.4,-3.1512,201.01,792.05
TMD13,14.5,-3.1817,201.04,791.33
TMD13,14.6,-3.2079,201.1,790.88
TMD13,14.7,-3.2356,201.14,790.25
TMD13,14.8,-3.2653,201.09,789.67
TMD13,14.9,-3.294,201.05,789.28
TMD13,15,-3.3224,201.12,788.68
TMD13,15.1,-3.3512,201.13,788.08
TMD13,15.2,-3.3805,201.14,787.48
TMD13,15.3,-3.4075,201.19,787.1
TMD13,15.4,-3.4341,201.18,786.25
TMD13,15.5,-3.4593,201.2,785.72
TMD13,15.6,-3.4856,201.24,785.04
TMD13,15.7,-3.5111,201.26,784.5
TMD13,15.8,-3.5347,201.22,783.9
TMD13,15.9,-3.5645,201.24,783.1
TMD13,16,-3.5928,201.26,782.54
TMD13,16.1,-3.6194,201.29,782.06
TMD13,16.2,-3.6445,201.32,781.43
TMD13,16.3,-3.67,201.3,780.76
TMD13,16.4,-3.6965,201.33,780.06
TMD13,16.5,-3.719,201.3,779.56
TMD13,16.6,-3.7452,201.32,778.92
TMD13,16.7,-3.7703,201.34,778.17
TMD13,16.8,-3.7927,201.39,777.44
TMD13,16.9,-3.8185,201.34,776.91
TMD13,17,-3.8429,201.4,776.3
TMD13,17.1,-3.8659,201.34,775.45
TMD13,17.2,-3.8905,201.36,774.85
TMD13,17.3,-3.9137,201.36,774.12
TMD13,17.4,-3.9358,201.38,773.36
TMD13,17.5,-3.9586,201.42,772.63
TMD13,17.6,-3.9811,201.4,772.06
TMD13,17.7,-4.0041,201.43,771.33
TMD13,17.8,-4.0247,201.41,770.6
TMD13,17.9,-4.0467,201.44,769.82
TMD13,18,-4.0695,201.47,769.11
TMD13,18.1,-4.0913,201.44,768.41
TMD13,18.2,-4.1127,201.58,767.81
TMD13,18.3,-4.1356,201.53,767.15
TMD13,18.4,-4.1562,201.53,766.46
TMD13,18.5,-4.1767,201.55,765.73
TMD13,18.6,-4.1961,201.52,765.04
TMD13,18.7,-4.2165,201.56,764.18
TMD13,18.8,-4.2375,201.6,763.53
TMD13,18.9,-4.2588,201.61,762.76
TMD13,19,-4.2789,201.61,762.05
TMD13,19.1,-4.2983,201.59,761.17
TMD13,19.2,-4.3194,201.62,760.42
TMD13,19.3,-4.3385,201.62,759.56
TMD13,19.4,-4.3567,201.63,758.77
TMD13,19.5,-4.3732,201.64,757.99
TMD13,19.6,-4.3937,201.62,757.32
TMD13,19.7,-4.4112,201.62,756.24
TMD13,19.8,-4.429,201.7,755.69
TMD13,19.9,-4.4487,201.66,754.91
TMD13,20,-4.4666,201.67,754.15
TMD14,0,0,298.44,300.04
TMD14,0.1,0.0673,298.45,393.71
TMD14,0.2,0.1334,298.41,467.45
TMD14,0.3,0.1909,298.42,529.12
TMD14,0.4,0.2367,298.39,578.79
TMD14,0.5,0.278,298.38,623.75
TMD14,0.6,0.3113,298.35,659.53
TMD14,0.7,0.3395,298.37,692.21
TMD14,0.8,0.3661,298.39,723.34
TMD14,0.9,0.3893,298.35,754.15
TMD14,1,0.4072,298.28,781.08
TMD14,1.1,0.4209,298.33,803.58
TMD14,1.2,0.4317,298.29,825.3
TMD14,1.3,0.4398,298.3,845.93
TMD14,1.4,0.4456,298.38,864.27
TMD14,1.5,0.4485,298.24,881.53
TMD14,1.6,0.4496,298.28,897.42
TMD14,1.7,0.4476,298.27,912.84
TMD14,1.8,0.4435,298.27,926.87
TMD14,1.9,0.4361,298.3,940.46
TMD14,2,0.4242,298.28,954.15
TMD14,2.1,0.4107,298.27,967.03
TMD14,2.2,0.3992,298.24,977.89
TMD14,2.3,0.387,298.29,989.17
TMD14,2.4,0.3745,298.29,999.84
TMD14,2.5,0.362,298.34,1008.68
TMD14,2.6,0.3471,298.33,1018.07
TMD14,2.7,0.3305,298.33,1028.19
TMD14,2.8,0.3135,298.35,1037.2
TMD14,2.9,0.2956,298.36,1045.26
TMD14,3,0.2754,298.34,1053.88
TMD14,3.1,0.2559,298.4,1061.49
TMD14,3.2,0.2357,298.41,1068.75
TMD14,3.3,0.2139,298.42,1075.74
TMD14,3.4,0.1906,298.44,1082.83
TMD14,3.5,0.1671,298.42,1089.42
TMD14,3.6,0.1429,298.49,1096.08
TMD14,3.7,0.1198,298.45,1101.34
TMD14,3.8,0.0929,298.49,1107.51
TMD14,3.9,0.0646,298.55,1113.42
TMD14,4,0.039,298.57,1118.15
TMD14,4.1,0.0098,298.52,1123.74
TMD14,4.2,-0.0162,298.57,1128.22
TMD14,4.3,-0.0438,298.56,1133.06
TMD14,4.4,-0.0742,298.58,1137.48
TMD14,4.5,-0.1017,298.57,1141.59
TMD14,4.6,-0.1312,298.62,1145.82
TMD14,4.7,-0.1632,298.62,1149.98
TMD14,4.8,-0.1935,298.57,1153.71
TMD14,4.9,-0.2242,298.59,1157.46
TMD14,5,-0.2552,298.59,1160.81
TMD14,5.1,-0.2825,298.54,1163.57
TMD14,5.2,-0.3143,298.63,1166.86
TMD14,5.3,-0.3511,298.66,1170.68
TMD14,5.4,-0.3861,298.69,1174.08
TMD14,5.5,-0.4208,298.73,1177.18
TMD14,5.6,-0.4472,298.65,1179.08
TMD14,5.7,-0.4818,298.67,1181.83
TMD14,5.8,-0.5164,298.68,1184.61
TMD14,5.9,-0.5508,298.66,1187.04
TMD14,6,-0.5885,298.69,1189.58
TMD14,6.1,-0.62,298.72,1191.38
TMD14,6.2,-0.6569,298.74,1193.73
TMD14,6.3,-0.6938,298.76,1195.98
TMD14,6.4,-0.7312,298.71,1197.92
TMD14,6.5,-0.7666,298.75,1199.81
TMD14,6.6,-0.8007,298.82,1201.58
TMD14,6.7,-0.8381,298.8,1203.25
TMD14,6.8,-0.8759,298.77,1204.81
TMD14,6.9,-0.9113,298.82,1206.39
TMD14,7,-0.9487,298.83,1207.92
TMD14,7.1,-0.9861,298.84,1209.49
TMD14,7.2,-1.0271,298.85,1210.78
TMD14,7.3,-1.0613,298.84,1211.82
TMD14,7.4,-1.0978,298.89,1212.98
TMD14,7.5,-1.1368,298.91,1214.11
TMD14,7.6,-1.1757,298.85,1215.08
TMD14,7.7,-1.2149,298.86,1216.09
TMD14,7.8,-1.252,298.93,1217.22
TMD14,7.9,-1.2918,299,1218.08
TMD14,8,-1.3297,299.07,1218.87
TMD14,8.1,-1.3676,299.08,1219.67
TMD14,8.2,-1.4029,299.05,1220.23
TMD14,8.3,-1.4424,299.07,1220.78
TMD14,8.4,-1.4799,299.13,1221.54
TMD14,8.5,-1.5145,299.12,1221.64
TMD14,8.6,-1.5542,299.14,1222.59
TMD14,8.7,-1.5948,299.13,1223.08
TMD14,8.8,-1.6314,299.11,1223.42
TMD14,8.9,-1.6706,299.09,1223.77
TMD14,9,-1.7084,299.13,1224.3
TMD14,9.1,-1.7469,299.16,1224.43
TMD14,9.2,-1.785,299.21,1224.72
TMD14,9.3,-1.8257,299.19,1225.16
TMD14,9.4,-1.8629,299.2,1225.14
TMD14,9.5,-1.8998,299.2,1225.3
TMD14,9.6,-1.9371,299.19,1225.25
TMD14,9.7,-1.9741,299.23,1225.46
TMD14,9.8,-2.0131,299.35,1225.57
TMD14,9.9,-2.0508,299.31,1225.47
TMD14,10,-2.0862,299.38,1225.67
TMD14,10.1,-2.1258,299.33,1225.42
TMD14,10.2,-2.1622,299.42,1225.46
TMD14,10.3,-2.2019,299.38,1225.19
TMD14,10.4,-2.2413,299.42,1225.16
TMD14,10.5,-2.2776,299.37,1224.77
TMD14,10.6,-2.3145,299.4,1224.57
TMD14,10.7,-2.3523,299.44,1224.39
TMD14,10.8,-2.3927,299.42,1224.13
TMD14,10.9,-2.4326,299.51,1224.19
TMD14,11,-2.4656,299.42,1223.6
TMD14,11.1,-2.504,299.45,1223.42
TMD14,11.2,-2.5417,299.48,1222.88
TMD14,11.3,-2.5729,299.44,1222.49
TMD14,11.4,-2.609,299.5,1222.21
TMD14,11.5,-2.6465,299.51,1221.55
TMD14,11.6,-2.6823,299.53,1221.39
TMD14,11.7,-2.7184,299.61,1220.94
TMD14,11.8,-2.7561,299.6,1220.48
TMD14,11.9,-2.7917,299.62,1220.03
TMD14,12,-2.8238,299.63,1219.38
TMD14,12.1,-2.8595,299.58,1218.73
TMD14,12.2,-2.8969,299.61,1218.32
TMD14,12.3,-2.9349,299.66,1217.97
TMD14,12.4,-2.9691,299.66,1217.21
TMD14,12.5,-3.0038,299.69,1216.62
TMD14,12.6,-3.0375,299.7,1215.97
TMD14,12.7,-3.073,299.7,1215.46
TMD14,12.8,-3.1083,299.75,1214.49
TMD14,12.9,-3.1438,299.77,1213.87
TMD14,13,-3.1795,299.77,1213.09
TMD14,13.1,-3.2102,299.78,1212.19
TMD14,13.2,-3.2445,299.84,1211.51
TMD14,13.3,-3.2787,299.87,1210.87
TMD14,13.4,-3.3145,299.9,1210.1
TMD14,13.5,-3.3492,299.87,1209.26
TMD14,13.6,-3.3848,299.95,1208.49
TMD14,13.7,-3.4206,299.93,1207.8
TMD14,13.8,-3.4537,299.93,1206.68
TMD14,13.9,-3.4843,299.95,1205.74
TMD14,14,-3.5182,300.02,1204.95
TMD14,14.1,-3.5497,299.91,1204.01
TMD14,14.2,-3.5822,299.96,1203.05
TMD14,14.3,-3.6148,299.94,1202.32
TMD14,14.4,-3.6475,299.94,1201.21
TMD14,14.5,-3.6776,299.98,1200.7
TMD14,14.6,-3.7092,299.98,1199.73
TMD14,14.7,-3.7421,299.94,1198.83
TMD14,14.8,-3.7732,299.99,1197.67
TMD14,14.9,-3.8061,300.08,1197.11
TMD14,15,-3.8362,299.97,1195.67
TMD14,15.1,-3.869,300.08,1194.93
TMD14,15.2,-3.8974,300.08,1194.12
TMD14,15.3,-3.9259,300.09,1193.15
TMD14,15.4,-3.9578,300.1,1192.04
TMD14,15.5,-3.9871,300.14,1191.03
TMD14,15.6,-4.0177,300.1,1189.95
TMD14,15.7,-4.0491,300.15,1189.06
TMD14,15.8,-4.0775,300.17,1187.99
TMD14,15.9,-4.1068,300.17,1186.88
TMD14,16,-4.1355,300.2,1185.81
TMD14,16.1,-4.1606,300.24,1184.48
TMD14,16.2,-4.187,300.2,1183.28
TMD14,16.3,-4.2159,300.21,1182.05
TMD14,16.4,-4.2442,300.25,1181
TMD14,16.5,-4.2754,300.24,1179.85
TMD14,16.6,-4.3042,300.26,1178.44
TMD14,16.7,-4.3322,300.27,1177.36
TMD14,16.8,-4.3575,300.27,1176.3
TMD14,16.9,-4.3855,300.24,1175.11
TMD14,17,-4.413,300.29,1174.02
TMD14,17.1,-4.4386,300.27,1172.81
TMD14,17.2,-4.4649,300.3,1171.52
TMD14,17.3,-4.491,300.32,1170.48
TMD14,17.4,-4.5166,300.28,1169.1
TMD14,17.5,-4.541,300.28,1167.89
TMD14,17.6,-4.5676,300.29,1166.7
TMD14,17.7,-4.5934,300.32,1165.51
TMD14,17.8,-4.6185,300.33,1164.28
TMD14,17.9,-4.6424,300.33,1163.05
TMD14,18,-4.6647,300.28,1161.69
TMD14,18.1,-4.6895,300.29,1160.64
TMD14,18.2,-4.714,300.35,1159.22
TMD14,18.3,-4.738,300.37,1157.64
TMD14,18.4,-4.7592,300.35,1156.38
TMD14,18.5,-4.7832,300.33,1155.15
TMD14,18.6,-4.8067,300.35,1153.94
TMD14,18.7,-4.8294,300.39,1152.62
TMD14,18.8,-4.8521,300.42,1151.26
TMD14,18.9,-4.8752,300.41,1149.97
TMD14,19,-4.8973,300.41,1148.6
TMD14,19.1,-4.9182,300.36,1146.87
TMD14,19.2,-4.9386,300.36,1145.54
TMD14,19.3,-4.9592,300.43,1144.33
TMD14,19.4,-4.9803,300.39,1142.68
TMD14,19.5,-5.0022,300.41,1141.29
TMD14,19.6,-5.0226,300.46,1139.85
TMD14,19.7,-5.0444,300.46,1138.64
TMD14,19.8,-5.0649,300.49,1137.24
TMD14,19.9,-5.0844,300.45,1135.56
TMD14,20,-5.1028,300.42,1133.99
TMD15,0,0,392.1,393.04
TMD15,0.1,0.0673,392.16,496.14
TMD15,0.2,0.1348,392.22,584.45
TMD15,0.3,0.1963,392.2,658.79
TMD15,0.4,0.2488,392.24,721.54
TMD15,0.5,0.293,391.9,774.35
TMD15,0.6,0.3345,392,824.51
TMD15,0.7,0.3693,392.07,867.44
TMD15,0.8,0.4025,392.07,908.57
TMD15,0.9,0.4312,392.14,946.15
TMD15,1,0.4555,392.11,980.43
TMD15,1.1,0.4765,392.08,1013
TMD15,1.2,0.493,391.88,1041.49
TMD15,1.3,0.509,391.87,1070.19
TMD15,1.4,0.522,391.91,1095.82
TMD15,1.5,0.532,391.98,1119.54
TMD15,1.6,0.5405,392.03,1142.88
TMD15,1.7,0.5459,392.07,1163.1
TMD15,1.8,0.549,392.02,1183.67
TMD15,1.9,0.5498,392.06,1203.95
TMD15,2,0.548,391.77,1222.92
TMD15,2.1,0.5445,391.85,1239.73
TMD15,2.2,0.5374,391.86,1256.05
TMD15,2.3,0.5275,391.95,1272.06
TMD15,2.4,0.5164,391.96,1286.53
TMD15,2.5,0.5032,391.98,1301.92
TMD15,2.6,0.4922,392.02,1315.41
TMD15,2.7,0.4796,391.78,1328.55
TMD15,2.8,0.4678,391.88,1340.06
TMD15,2.9,0.4544,391.95,1351.95
TMD15,3,0.4389,391.97,1363.9
TMD15,3.1,0.4225,391.93,1375.25
TMD15,3.2,0.4063,391.73,1384.96
TMD15,3.3,0.3889,391.81,1394.95
TMD15,3.4,0.3717,391.88,1403.94
TMD15,3.5,0.3521,391.97,1413.26
TMD15,3.6,0.3293,391.95,1422.29
TMD15,3.7,0.3115,392.02,1430.02
TMD15,3.8,0.2897,392.04,1438.37
TMD15,3.9,0.2667,391.97,1446.06
TMD15,4,0.2435,391.82,1452.82
TMD15,4.1,0.2185,391.9,1460.58
TMD15,4.2,0.1968,392.02,1466.84
TMD15,4.3,0.171,391.97,1473.92
TMD15,4.4,0.1449,392.01,1480.62
TMD15,4.5,0.1168,392.03,1487.37
TMD15,4.6,0.0899,392.01,1493.15
TMD15,4.7,0.065,391.9,1498.03
TMD15,4.8,0.0349,391.89,1503.65
TMD15,4.9,0.0082,391.98,1508.97
TMD15,5,-0.019,391.98,1513.98
TMD15,5.1,-0.05,392.03,1519.25
TMD15,5.2,-0.0802,392.02,1523.58
TMD15,5.3,-0.1093,392.07,1528.21
TMD15,5.4,-0.1399,392.07,1532.86
TMD15,5.5,-0.1688,391.86,1536.19
TMD15,5.6,-0.2011,391.91,1540.22
TMD15,5.7,-0.2313,391.94,1544.13
TMD15,5.8,-0.2627,392.05,1547.86
TMD15,5.9,-0.2952,392.1,1551.6
TMD15,6,-0.3266,392.1,1554.95
TMD15,6.1,-0.3598,392.14,1558.44
TMD15,6.2,-0.3942,392.22,1561.65
TMD15,6.3,-0.4301,391.95,1564.01
TMD15,6.4,-0.4616,392.05,1566.77
TMD15,6.5,-0.4957,392.06,1569.76
TMD15,6.6,-0.5307,392.11,1572.7
TMD15,6.7,-0.5643,392.13,1575.19
TMD15,6.8,-0.5982,392.18,1577.59
TMD15,6.9,-0.6352,392.16,1580.17
TMD15,7,-0.6682,392.25,1582.22
TMD15,7.1,-0.7034,392.02,1583.41
TMD15,7.2,-0.743,392.06,1585.97
TMD15,7.3,-0.7729,392.12,1587.53
TMD15,7.4,-0.808,392.12,1589.38
TMD15,7.5,-0.8439,392.17,1591.15
TMD15,7.6,-0.8782,392.2,1592.66
TMD15,7.7,-0.9155,392.24,1594.12
TMD15,7.8,-0.955,392.16,1595.74
TMD15,7.9,-0.9894,391.96,1596.08
TMD15,8,-1.0243,392.12,1597.61
TMD15,8.1,-1.0568,392.18,1598.7
TMD15,8.2,-1.0944,392.25,1600.43
TMD15,8.3,-1.1314,392.25,1601.46
TMD15,8.4,-1.17,392.33,1602.87
TMD15,8.5,-1.2047,392.35,1603.73
TMD15,8.6,-1.2415,392.11,1604.24
TMD15,8.7,-1.2768,392.09,1604.23
TMD15,8.8,-1.3121,392.18,1605.29
TMD15,8.9,-1.35,392.31,1606.15
TMD15,9,-1.389,392.32,1606.75
TMD15,9.1,-1.4232,392.35,1607.26
TMD15,9.2,-1.4612,392.4,1607.91
TMD15,9.3,-1.4968,392.44,1608.37
TMD15,9.4,-1.5345,392.26,1608.12
TMD15,9.5,-1.5703,392.21,1608.17
TMD15,9.6,-1.6081,392.32,1608.79
TMD15,9.7,-1.641,392.46,1609.39
TMD15,9.8,-1.6781,392.46,1609.45
TMD15,9.9,-1.7142,392.43,1609.37
TMD15,10,-1.7543,392.52,1609.88
TMD15,10.1,-1.7881,392.55,1609.69
TMD15,10.2,-1.8238,392.32,1608.88
TMD15,10.3,-1.8615,392.36,1608.68
TMD15,10.4,-1.8947,392.52,1608.62
TMD15,10.5,-1.9291,392.49,1608.5
TMD15,10.6,-1.9646,392.55,1608.35
TMD15,10.7,-2.0025,392.5,1607.98
TMD15,10.8,-2.0391,392.61,1608.04
TMD15,10.9,-2.0775,392.69,1607.82
TMD15,11,-2.1119,392.32,1606.4
TMD15,11.1,-2.1494,392.48,1606.09
TMD15,11.2,-2.1791,392.54,1605.68
TMD15,11.3,-2.2176,392.63,1605.7
TMD15,11.4,-2.2538,392.62,1605.3
TMD15,11.5,-2.2889,392.66,1604.61
TMD15,11.6,-2.3227,392.64,1604.1
TMD15,11.7,-2.3586,392.63,1603.54
TMD15,11.8,-2.3939,392.46,1602.21
TMD15,11.9,-2.4294,392.6,1601.76
TMD15,12,-2.4634,392.64,1601.41
TMD15,12.1,-2.4999,392.71,1600.96
TMD15,12.2,-2.5348,392.76,1600.28
TMD15,12.3,-2.5674,392.8,1599.44
TMD15,12.4,-2.6029,392.8,1599.17
TMD15,12.5,-2.6366,392.81,1598.18
TMD15,12.6,-2.6718,392.62,1596.54
TMD15,12.7,-2.7045,392.64,1595.87
TMD15,12.8,-2.7409,392.72,1595.19
TMD15,12.9,-2.7729,392.74,1594.42
TMD15,13,-2.8061,392.84,1593.78
TMD15,13.1,-2.8398,392.86,1592.88
TMD15,13.2,-2.8719,392.92,1592.28
TMD15,13.3,-2.9044,392.85,1591
TMD15,13.4,-2.9385,392.65,1589.42
TMD15,13.5,-2.9707,392.71,1588.69
TMD15,13.6,-3.0033,392.83,1587.98
TMD15,13.7,-3.0355,392.84,1586.91
TMD15,13.8,-3.0703,392.9,1586.19
TMD15,13.9,-3.101,392.89,1584.96
TMD15,14,-3.136,392.91,1584
TMD15,14.1,-3.1696,392.83,1582.81
TMD15,14.2,-3.2021,392.79,1581.21
TMD15,14.3,-3.235,392.92,1580.44
TMD15,14.4,-3.2651,393.04,1579.62
TMD15,14.5,-3.2952,393.08,1578.59
TMD15,14.6,-3.3265,393.06,1577.49
TMD15,14.7,-3.356,393.08,1576.32
TMD15,14.8,-3.3893,393.1,1575.37
TMD15,14.9,-3.4212,392.87,1573.7
TMD15,15,-3.4501,392.82,1572.34
TMD15,15.1,-3.4803,392.95,1571.25
TMD15,15.2,-3.5093,392.99,1570.49
TMD15,15.3,-3.5371,393.06,1569.43
TMD15,15.4,-3.5658,393.09,1568.12
TMD15,15.5,-3.5932,393.08,1567
TMD15,15.6,-3.6251,393.06,1565.96
TMD15,15.7,-3.6559,392.75,1563.54
TMD15,15.8,-3.6853,392.89,1562.65
TMD15,15.9,-3.7119,392.98,1561.63
TMD15,16,-3.7405,393.02,1560.41
TMD15,16.1,-3.7703,393.11,1559.1
TMD15,16.2,-3.7963,393.09,1557.81
TMD15,16.3,-3.8226,393.15,1556.58
TMD15,16.4,-3.8512,393.13,1555.12
TMD15,16.5,-3.8807,392.84,1552.98
TMD15,16.6,-3.9051,392.98,1551.47
TMD15,16.7,-3.9332,393.06,1550.17
TMD15,16.8,-3.9596,393.17,1548.85
TMD15,16.9,-3.9873,393.21,1547.66
TMD15,17,-4.0126,393.23,1546.27
TMD15,17.1,-4.0376,393.26,1544.95
TMD15,17.2,-4.0645,393.25,1543.21
TMD15,17.3,-4.0906,392.96,1540.9
TMD15,17.4,-4.1155,393.05,1539.51
TMD15,17.5,-4.1404,393.18,1538.19
TMD15,17.6,-4.1642,393.15,1536.85
TMD15,17.7,-4.1899,393.21,1535.36
TMD15,17.8,-4.214,393.25,1533.58
TMD15,17.9,-4.2391,393.26,1531.91
TMD15,18,-4.264,393.18,1530.3
TMD15,18.1,-4.2886,392.93,1528.02
TMD15,18.2,-4.3119,393.02,1526.15
TMD15,18.3,-4.3361,393.09,1524.61
TMD15,18.4,-4.3588,393.09,1522.91
TMD15,18.5,-4.382,393.23,1521.56
TMD15,18.6,-4.4043,393.33,1519.84
TMD15,18.7,-4.4271,393.28,1518.57
TMD15,18.8,-4.4494,393.21,1516.35
TMD15,18.9,-4.4718,393.02,1514.03
TMD15,19,-4.4936,393.17,1512.3
TMD15,19.1,-4.5148,393.28,1510.7
TMD15,19.2,-4.5359,393.3,1509.21
TMD15,19.3,-4.5575,393.36,1507.7
TMD15,19.4,-4.578,393.36,1505.81
TMD15,19.5,-4.5987,393.5,1504.12
TMD15,19.6,-4.6195,393.29,1501.71
TMD15,19.7,-4.64,393.18,1499.32
TMD15,19.8,-4.6597,393.25,1497.54
TMD15,19.9,-4.6792,393.31,1495.82
TMD15,20,-4.6983,393.4,1493.91
TMD16,0,0,50.86,52.58
TMD16,0.1,0.0617,50.84,89.04
TMD16,0.2,0.0876,50.79,106.98
TMD16,0.3,0.1057,50.82,122.74
TMD16,0.4,0.1119,50.78,135.52
TMD16,0.5,0.1055,50.83,146.13
TMD16,0.6,0.087,50.83,155.09
TMD16,0.7,0.0615,50.83,162.84
TMD16,0.8,0.037,50.9,169.68
TMD16,0.9,0.0082,50.9,175.75
TMD16,1,-0.0254,50.93,181.09
TMD16,1.1,-0.0623,50.92,186.19
TMD16,1.2,-0.0998,50.97,190.33
TMD16,1.3,-0.1441,50.97,194.66
TMD16,1.4,-0.1889,50.97,198.4
TMD16,1.5,-0.2404,51.03,202.03
TMD16,1.6,-0.2911,51.02,205.25
TMD16,1.7,-0.3459,51.09,208.55
TMD16,1.8,-0.3981,51.17,211.32
TMD16,1.9,-0.4536,51.17,213.98
TMD16,2,-0.5106,51.15,216.46
TMD16,2.1,-0.5671,51.18,218.73
TMD16,2.2,-0.631,51.25,221.08
TMD16,2.3,-0.7001,51.25,223.43
TMD16,2.4,-0.7661,51.23,225.45
TMD16,2.5,-0.8288,51.23,227.23
TMD16,2.6,-0.9028,51.33,229.29
TMD16,2.7,-0.9687,51.39,230.93
TMD16,2.8,-1.0358,51.36,232.43
TMD16,2.9,-1.1077,51.43,233.99
TMD16,3,-1.182,51.52,235.56
TMD16,3.1,-1.2518,51.57,236.84
TMD16,3.2,-1.3305,51.52,238.14
TMD16,3.3,-1.3997,51.6,239.37
TMD16,3.4,-1.4792,51.63,240.61
TMD16,3.5,-1.5556,51.58,241.67
TMD16,3.6,-1.6307,51.67,242.78
TMD16,3.7,-1.7129,51.73,243.82
TMD16,3.8,-1.7792,51.72,244.59
TMD16,3.9,-1.8576,51.68,245.39
TMD16,4,-1.932,51.75,246.17
TMD16,4.1,-2.0106,51.78,246.95
TMD16,4.2,-2.0871,51.87,247.69
TMD16,4.3,-2.1681,51.97,248.45
TMD16,4.4,-2.2353,52,248.98
TMD16,4.5,-2.3172,52.02,249.56
TMD16,4.6,-2.3983,52.04,250.13
TMD16,4.7,-2.4692,52.05,250.53
TMD16,4.8,-2.5523,52.05,251.04
TMD16,4.9,-2.6363,52.16,251.61
TMD16,5,-2.7173,52.2,252.02
TMD16,5.1,-2.7901,52.21,252.37
TMD16,5.2,-2.8696,52.23,252.78
TMD16,5.3,-2.946,52.29,253.11
TMD16,5.4,-3.0257,52.29,253.42
TMD16,5.5,-3.1036,52.32,253.68
TMD16,5.6,-3.1841,52.41,254.06
TMD16,5.7,-3.2635,52.45,254.29
TMD16,5.8,-3.3356,52.46,254.45
TMD16,5.9,-3.4123,52.47,254.62
TMD16,6,-3.4903,52.54,254.85
TMD16,6.1,-3.5699,52.56,255
TMD16,6.2,-3.6467,52.57,255.17
TMD16,6.3,-3.728,52.6,255.21
TMD16,6.4,-3.8036,52.68,255.38
TMD16,6.5,-3.8768,52.7,255.41
TMD16,6.6,-3.9566,52.73,255.47
TMD16,6.7,-4.039,52.75,255.5
TMD16,6.8,-4.1224,52.82,255.55
TMD16,6.9,-4.1947,52.84,255.47
TMD16,7,-4.2683,52.87,255.48
TMD16,7.1,-4.3435,52.91,255.48
TMD16,7.2,-4.42,52.94,255.4
TMD16,7.3,-4.4919,52.97,255.34
TMD16,7.4,-4.57,53.02,255.26
TMD16,7.5,-4.6455,53.05,255.17
TMD16,7.6,-4.7191,53.12,255.12
TMD16,7.7,-4.7888,53.14,255.01
TMD16,7.8,-4.8567,53.17,254.86
TMD16,7.9,-4.9314,53.21,254.74
TMD16,8,-5.0004,53.22,254.58
TMD16,8.1,-5.0698,53.23,254.38
TMD16,8.2,-5.1433,53.27,254.22
TMD16,8.3,-5.2122,53.31,254.1
TMD16,8.4,-5.2816,53.31,253.88
TMD16,8.5,-5.3493,53.39,253.71
TMD16,8.6,-5.4163,53.4,253.41
TMD16,8.7,-5.4877,53.49,253.22
TMD16,8.8,-5.5614,53.54,252.96
TMD16,8.9,-5.629,53.56,252.65
TMD16,9,-5.6943,53.64,252.41
TMD16,9.1,-5.7595,53.64,252.12
TMD16,9.2,-5.823,53.71,251.84
TMD16,9.3,-5.8886,53.67,251.49
TMD16,9.4,-5.9572,53.68,251.11
TMD16,9.5,-6.0159,53.72,250.8
TMD16,9.6,-6.0803,53.78,250.47
TMD16,9.7,-6.143,53.77,250.07
TMD16,9.8,-6.2066,53.85,249.7
TMD16,9.9,-6.2697,53.81,249.27
TMD16,10,-6.3314,53.87,248.92
TMD16,10.1,-6.387,53.94,248.5
TMD16,10.2,-6.4477,53.92,247.99
TMD16,10.3,-6.5057,53.95,247.51
TMD16,10.4,-6.5692,53.97,246.95
TMD16,10.5,-6.6258,54.01,246.35
TMD16,10.6,-6.6773,54.04,245.82
TMD16,10.7,-6.7315,54.11,245.15
TMD16,10.8,-6.7827,54.12,244.41
TMD16,10.9,-6.8297,54.13,243.76
TMD16,11,-6.8825,54.22,242.94
TMD16,11.1,-6.9335,54.11,241.97
TMD16,11.2,-6.9813,54.15,241.22
TMD16,11.3,-7.0303,54.2,240.36
TMD16,11.4,-7.076,54.18,239.5
TMD16,11.5,-7.1192,54.24,238.89
TMD16,11.6,-7.1579,54.28,238.28
TMD16,11.7,-7.2004,54.22,237.51
TMD16,11.8,-7.2432,54.22,236.87
TMD16,11.9,-7.2845,54.3,236.21
TMD16,12,-7.3218,54.41,235.72
TMD16,12.1,-7.3592,54.36,235.1
TMD16,12.2,-7.3965,54.33,234.49
TMD16,12.3,-7.4339,54.34,233.9
TMD16,12.4,-7.4681,54.31,233.28
TMD16,12.5,-7.5042,54.29,232.71
TMD16,12.6,-7.5362,54.33,232.28
TMD16,12.7,-7.5654,54.37,231.88
TMD16,12.8,-7.6005,54.37,231.43
TMD16,12.9,-7.6322,54.45,230.87
TMD16,13,-7.6641,54.46,230.38
TMD16,13.1,-7.6934,54.38,229.92
TMD16,13.2,-7.7251,54.47,229.45
TMD16,13.3,-7.7547,54.49,228.86
TMD16,13.4,-7.7839,54.53,228.51
TMD16,13.5,-7.8107,54.43,227.84
TMD16,13.6,-7.839,54.4,227.31
TMD16,13.7,-7.865,54.53,226.91
TMD16,13.8,-7.8918,54.55,226.14
TMD16,13.9,-7.9174,54.4,225.37
TMD16,14,-7.9412,54.52,224.69
TMD16,14.1,-7.9634,54.47,224
TMD16,14.2,-7.9863,54.46,223.21
TMD16,14.3,-8.0087,54.44,222.56
TMD16,14.4,-8.0301,54.48,222.05
TMD16,14.5,-8.0514,54.51,221.59
TMD16,14.6,-8.0718,54.53,220.96
TMD16,14.7,-8.0907,54.54,220.47
TMD16,14.8,-8.1084,54.56,220.05
TMD16,14.9,-8.1272,54.58,219.45
TMD16,15,-8.1451,54.56,218.98
TMD16,15.1,-8.163,54.59,218.68
TMD16,15.2,-8.1821,54.63,218.47
TMD16,15.3,-8.1998,54.69,218.13
TMD16,15.4,-8.2173,54.64,217.76
TMD16,15.5,-8.2342,54.67,217.62
TMD16,15.6,-8.251,54.64,217.36
TMD16,15.7,-8.2674,54.71,217.16
TMD16,15.8,-8.2846,54.7,216.8
TMD16,15.9,-8.3003,54.67,216.55
TMD16,16,-8.317,54.62,216.34
TMD16,16.1,-8.3356,54.63,216.26
TMD16,16.2,-8.3527,54.69,216.23
TMD16,16.3,-8.3686,54.71,216.05
TMD16,16.4,-8.3852,54.65,215.95
TMD16,16.5,-8.4025,54.7,215.87
TMD16,16.6,-8.4183,54.69,215.75
TMD16,16.7,-8.4346,54.62,215.6
TMD16,16.8,-8.4516,54.65,215.58
TMD16,16.9,-8.4693,54.68,215.63
TMD16,17,-8.4856,54.68,215.63
TMD16,17.1,-8.5045,54.76,215.62
TMD16,17.2,-8.5215,54.76,215.61
TMD16,17.3,-8.5395,54.75,215.45
TMD16,17.4,-8.5574,54.82,215.53
TMD16,17.5,-8.5745,54.83,215.54
TMD16,17.6,-8.592,54.7,215.31
TMD16,17.7,-8.6101,54.73,215.35
TMD16,17.8,-8.6281,54.72,215.35
TMD16,17.9,-8.6455,54.82,215.33
TMD16,18,-8.6633,54.77,215.26
TMD16,18.1,-8.682,54.81,215.3
TMD16,18.2,-8.7004,54.85,215.27
TMD16,18.3,-8.719,54.81,215.21
TMD16,18.4,-8.7382,54.88,215.3
TMD16,18.5,-8.7575,54.82,215.23
TMD16,18.6,-8.7763,54.83,215.31
TMD16,18.7,-8.7956,54.84,215.16
TMD16,18.8,-8.8147,54.86,215.15
TMD16,18.9,-8.8331,54.91,215.23
TMD16,19,-8.855,54.93,215.26
TMD16,19.1,-8.8756,54.92,215.15
TMD16,19.2,-8.8972,54.93,215.12
TMD16,19.3,-8.9174,54.91,215.07
TMD16,19.4,-8.938,54.98,215.09
TMD16,19.5,-8.9562,55.02,215.08
TMD16,19.6,-8.9756,54.94,215.01
TMD16,19.7,-8.9959,54.98,215.03
TMD16,19.8,-9.0167,54.94,214.82
TMD16,19.9,-9.0374,54.95,214.91
TMD16,20,-9.0571,54.94,214.77
TMD17,0,0,99.63,101.58
TMD17,0.1,0.0626,99.65,143.06
TMD17,0.2,0.1124,99.62,181.38
TMD17,0.3,0.1479,99.65,213.74
TMD17,0.4,0.1686,99.63,237.17
TMD17,0.5,0.1822,99.63,258.06
TMD17,0.6,0.186,99.62,277.13
TMD17,0.7,0.1819,99.69,293.47
TMD17,0.8,0.1678,99.62,306.91
TMD17,0.9,0.1474,99.66,318.69
TMD17,1,0.1268,99.66,329.3
TMD17,1.1,0.1011,99.66,339.79
TMD17,1.2,0.0753,99.7,348.44
TMD17,1.3,0.0465,99.72,356.54
TMD17,1.4,0.0113,99.71,364.56
TMD17,1.5,-0.0268,99.72,371.56
TMD17,1.6,-0.0651,99.79,378.12
TMD17,1.7,-0.1024,99.82,383.72
TMD17,1.8,-0.1492,99.8,389.69
TMD17,1.9,-0.191,99.81,394.52
TMD17,2,-0.2384,99.82,399.53
TMD17,2.1,-0.289,99.81,404.25
TMD17,2.2,-0.3413,99.85,408.94
TMD17,2.3,-0.3935,99.91,413.12
TMD17,2.4,-0.4517,99.94,417.35
TMD17,2.5,-0.5072,99.97,421.02
TMD17,2.6,-0.5599,99.97,424.29
TMD17,2.7,-0.6195,100.03,427.72
TMD17,2.8,-0.6791,100.04,430.81
TMD17,2.9,-0.742,100.1,434.06
TMD17,3,-0.8046,100.12,436.82
TMD17,3.1,-0.863,100.17,439.07
TMD17,3.2,-0.9274,100.06,441.48
TMD17,3.3,-0.9972,100.22,444.48
TMD17,3.4,-1.0594,100.21,446.59
TMD17,3.5,-1.1275,100.25,448.75
TMD17,3.6,-1.193,100.32,450.63
TMD17,3.7,-1.2582,100.32,452.43
TMD17,3.8,-1.323,100.35,454.1
TMD17,3.9,-1.3891,100.34,455.8
TMD17,4,-1.4513,100.37,457.14
TMD17,4.1,-1.5237,100.43,458.79
TMD17,4.2,-1.5889,100.49,460.05
TMD17,4.3,-1.6534,100.58,461.36
TMD17,4.4,-1.7247,100.57,462.46
TMD17,4.5,-1.7897,100.64,463.6
TMD17,4.6,-1.8611,100.61,464.61
TMD17,4.7,-1.9314,100.68,465.6
TMD17,4.8,-2.0089,100.73,466.64
TMD17,4.9,-2.0781,100.78,467.6
TMD17,5,-2.1433,100.75,468.13
TMD17,5.1,-2.2156,100.76,468.99
TMD17,5.2,-2.2897,100.8,469.57
TMD17,5.3,-2.3611,100.84,470.23
TMD17,5.4,-2.4316,100.91,470.76
TMD17,5.5,-2.503,100.9,471.21
TMD17,5.6,-2.5735,100.94,471.63
TMD17,5.7,-2.6479,100.96,472.06
TMD17,5.8,-2.7169,100.95,472.3
TMD17,5.9,-2.7896,101.06,472.59
TMD17,6,-2.8628,101.05,472.87
TMD17,6.1,-2.9322,101.11,473.12
TMD17,6.2,-3.005,101.15,473.31
TMD17,6.3,-3.0732,101.15,473.37
TMD17,6.4,-3.1448,101.25,473.54
TMD17,6.5,-3.2215,101.2,473.59
TMD17,6.6,-3.2985,101.25,473.78
TMD17,6.7,-3.3746,101.3,473.91
TMD17,6.8,-3.4395,101.34,473.93
TMD17,6.9,-3.5147,101.35,473.91
TMD17,7,-3.5872,101.38,473.93
TMD17,7.1,-3.6581,101.42,473.94
TMD17,7.2,-3.728,101.47,473.77
TMD17,7.3,-3.8002,101.46,473.68
TMD17,7.4,-3.8682,101.52,473.68
TMD17,7.5,-3.9366,101.56,473.5
TMD17,7.6,-4.0045,101.62,473.31
TMD17,7.7,-4.0757,101.66,473.24
TMD17,7.8,-4.1425,101.65,473
TMD17,7.9,-4.2082,101.69,472.84
TMD17,8,-4.28,101.66,472.49
TMD17,8.1,-4.355,101.69,472.33
TMD17,8.2,-4.4201,101.7,472.07
TMD17,8.3,-4.4845,101.73,471.8
TMD17,8.4,-4.5501,101.77,471.55
TMD17,8.5,-4.6225,101.8,471.33
TMD17,8.6,-4.6901,101.83,470.9
TMD17,8.7,-4.7595,101.88,470.54
TMD17,8.8,-4.8249,101.9,470.21
TMD17,8.9,-4.8893,101.89,469.7
TMD17,9,-4.9546,101.97,469.44
TMD17,9.1,-5.0203,102,468.99
TMD17,9.2,-5.0897,102.06,468.62
TMD17,9.3,-5.1555,102.06,468.2
TMD17,9.4,-5.2173,102.08,467.74
TMD17,9.5,-5.2809,102.1,467.24
TMD17,9.6,-5.3465,102.13,466.8
TMD17,9.7,-5.4148,102.19,466.27
TMD17,9.8,-5.4757,102.25,465.83
TMD17,9.9,-5.5376,102.25,465.23
TMD17,10,-5.5994,102.26,464.76
TMD17,10.1,-5.6631,102.29,464.27
TMD17,10.2,-5.7243,102.32,463.77
TMD17,10.3,-5.7932,102.43,463.19
TMD17,10.4,-5.8491,102.43,462.72
TMD17,10.5,-5.9086,102.46,461.99
TMD17,10.6,-5.9698,102.46,461.23
TMD17,10.7,-6.0216,102.49,460.52
TMD17,10.8,-6.0795,102.51,459.88
TMD17,10.9,-6.1446,102.57,459.29
TMD17,11,-6.2052,102.58,458.63
TMD17,11.1,-6.2665,102.56,457.96
TMD17,11.2,-6.3203,102.63,457.48
TMD17,11.3,-6.3765,102.62,456.7
TMD17,11.4,-6.4315,102.69,456.06
TMD17,11.5,-6.4916,102.71,455.31
TMD17,11.6,-6.5465,102.74,454.61
TMD17,11.7,-6.6028,102.76,453.8
TMD17,11.8,-6.6565,102.76,453.08
TMD17,11.9,-6.7129,102.83,452.32
TMD17,12,-6.7627,102.8,451.53
TMD17,12.1,-6.8189,102.85,450.69
TMD17,12.2,-6.8757,102.87,449.78
TMD17,12.3,-6.9254,102.87,448.89
TMD17,12.4,-6.9806,102.87,447.95
TMD17,12.5,-7.0267,102.87,447.09
TMD17,12.6,-7.0765,102.89,446.15
TMD17,12.7,-7.1266,102.94,445.15
TMD17,12.8,-7.1802,102.97,444.09
TMD17,12.9,-7.2286,103.02,443.12
TMD17,13,-7.2756,103,442.09
TMD17,13.1,-7.3252,103.08,440.99
TMD17,13.2,-7.3713,103.09,439.94
TMD17,13.3,-7.4171,103.07,438.8
TMD17,13.4,-7.4625,103.01,437.68
TMD17,13.5,-7.5047,103.05,436.53
TMD17,13.6,-7.5489,103.14,435.42
TMD17,13.7,-7.5939,103.17,434.14
TMD17,13.8,-7.636,103.24,432.93
TMD17,13.9,-7.6746,103.29,431.72
TMD17,14,-7.7157,103.27,430.39
TMD17,14.1,-7.7563,103.27,429.14
TMD17,14.2,-7.7948,103.26,427.63
TMD17,14.3,-7.834,103.25,426.04
TMD17,14.4,-7.8697,103.24,424.59
TMD17,14.5,-7.9035,103.29,423.33
TMD17,14.6,-7.9359,103.26,421.95
TMD17,14.7,-7.9687,103.27,420.59
TMD17,14.8,-8.0015,103.35,419.32
TMD17,14.9,-8.0298,103.31,418.05
TMD17,15,-8.0625,103.33,416.5
TMD17,15.1,-8.0907,103.29,415.37
TMD17,15.2,-8.1191,103.32,414.31
TMD17,15.3,-8.1461,103.41,413.07
TMD17,15.4,-8.1727,103.47,412.07
TMD17,15.5,-8.1979,103.43,410.69
TMD17,15.6,-8.2225,103.41,409.69
TMD17,15.7,-8.2468,103.42,408.39
TMD17,15.8,-8.27,103.36,407.39
TMD17,15.9,-8.2946,103.46,406.31
TMD17,16,-8.3178,103.5,405.36
TMD17,16.1,-8.3398,103.56,404.41
TMD17,16.2,-8.3596,103.52,403.48
TMD17,16.3,-8.3813,103.52,402.19
TMD17,16.4,-8.4027,103.5,401.22
TMD17,16.5,-8.421,103.53,400.42
TMD17,16.6,-8.4401,103.51,399.12
TMD17,16.7,-8.4602,103.43,398.06
TMD17,16.8,-8.4773,103.47,397.2
TMD17,16.9,-8.4954,103.5,396.14
TMD17,17,-8.5125,103.5,395.12
TMD17,17.1,-8.5293,103.59,394.14
TMD17,17.2,-8.5459,103.5,393.2
TMD17,17.3,-8.5603,103.53,391.98
TMD17,17.4,-8.5742,103.56,391.05
TMD17,17.5,-8.5884,103.49,390.14
TMD17,17.6,-8.6019,103.41,389.14
TMD17,17.7,-8.6134,103.56,388.43
TMD17,17.8,-8.6256,103.27,387.11
TMD17,17.9,-8.6365,103.56,386.77
TMD17,18,-8.6483,103.42,385.51
TMD17,18.1,-8.6602,103.3,384.44
TMD17,18.2,-8.6706,103.46,384.25
TMD17,18.3,-8.6812,103.44,383.67
TMD17,18.4,-8.691,103.21,382.7
TMD17,18.5,-8.7012,103.47,382.77
TMD17,18.6,-8.7117,103.49,382.63
TMD17,18.7,-8.7219,103.46,382.53
TMD17,18.8,-8.7324,103.45,382.21
TMD17,18.9,-8.744,103.43,381.87
TMD17,19,-8.7541,103.45,381.45
TMD17,19.1,-8.7645,103.47,381.35
TMD17,19.2,-8.7755,103.49,381.11
TMD17,19.3,-8.7862,103.46,380.89
TMD17,19.4,-8.796,103.4,380.7
TMD17,19.5,-8.8059,103.5,380.75
TMD17,19.6,-8.8167,103.49,380.42
TMD17,19.7,-8.8275,103.38,380.15
TMD17,19.8,-8.8374,103.4,380.07
TMD17,19.9,-8.8495,103.35,379.72
TMD17,20,-8.86,103.68,379.96
TMD18,0,0,200.28,203.11
TMD18,0.1,0.0453,200.28,260.01
TMD18,0.2,0.1024,200.21,325.44
TMD18,0.3,0.1506,200.28,384.92
TMD18,0.4,0.1873,200.2,435.52
TMD18,0.5,0.2137,200.22,476
TMD18,0.6,0.2326,200.17,512.58
TMD18,0.7,0.2439,200.18,543.2
TMD18,0.8,0.2494,200.21,570.41
TMD18,0.9,0.2499,200.22,594.35
TMD18,1,0.2441,200.21,616.94
TMD18,1.1,0.2337,200.21,634.72
TMD18,1.2,0.2163,200.18,654.54
TMD18,1.3,0.1994,200.24,670.9
TMD18,1.4,0.1802,200.21,685.89
TMD18,1.5,0.1566,200.22,700.69
TMD18,1.6,0.1299,200.21,714.52
TMD18,1.7,0.1033,200.27,726.38
TMD18,1.8,0.0739,200.3,737.81
TMD18,1.9,0.0421,200.28,748.7
TMD18,2,0.0093,200.31,758.56
TMD18,2.1,-0.0222,200.31,767.19
TMD18,2.2,-0.064,200.29,777.43
TMD18,2.3,-0.1039,200.35,786.21
TMD18,2.4,-0.1425,200.41,794.12
TMD18,2.5,-0.1864,200.36,802.19
TMD18,2.6,-0.229,200.41,809.27
TMD18,2.7,-0.2751,200.4,816.31
TMD18,2.8,-0.3179,200.42,822.31
TMD18,2.9,-0.3657,200.41,828.58
TMD18,3,-0.4154,200.36,834.54
TMD18,3.1,-0.4662,200.42,840.3
TMD18,3.2,-0.5149,200.41,845.47
TMD18,3.3,-0.5705,200.48,850.81
TMD18,3.4,-0.6237,200.5,855.61
TMD18,3.5,-0.6745,200.55,859.97
TMD18,3.6,-0.7308,200.62,864.44
TMD18,3.7,-0.7802,200.7,868.16
TMD18,3.8,-0.8365,200.67,872
TMD18,3.9,-0.8907,200.7,875.53
TMD18,4,-0.9434,200.68,878.48
TMD18,4.1,-1.0021,200.67,882.04
TMD18,4.2,-1.0613,200.75,885.22
TMD18,4.3,-1.1165,200.73,887.92
TMD18,4.4,-1.1748,200.76,890.72
TMD18,4.5,-1.2342,200.85,893.38
TMD18,4.6,-1.2893,200.91,895.65
TMD18,4.7,-1.3512,200.96,897.98
TMD18,4.8,-1.4168,200.92,900.37
TMD18,4.9,-1.4849,200.97,902.74
TMD18,5,-1.5441,201.05,904.55
TMD18,5.1,-1.6027,201.03,906.15
TMD18,5.2,-1.6625,201.09,907.79
TMD18,5.3,-1.7265,201.08,909.26
TMD18,5.4,-1.7877,201.08,910.65
TMD18,5.5,-1.8498,201.09,912.11
TMD18,5.6,-1.914,201.12,913.3
TMD18,5.7,-1.974,201.26,914.48
TMD18,5.8,-2.0391,201.34,915.71
TMD18,5.9,-2.1003,201.37,916.62
TMD18,6,-2.1589,201.38,917.58
TMD18,6.1,-2.2265,201.36,918.37
TMD18,6.2,-2.2875,201.42,918.95
TMD18,6.3,-2.3539,201.41,919.58
TMD18,6.4,-2.4125,201.39,920.05
TMD18,6.5,-2.4798,201.41,920.69
TMD18,6.6,-2.5438,201.41,921.05
TMD18,6.7,-2.6123,201.48,921.53
TMD18,6.8,-2.6746,201.52,922.02
TMD18,6.9,-2.7361,201.49,922.13
TMD18,7,-2.8024,201.53,922.46
TMD18,7.1,-2.8651,201.66,922.93
TMD18,7.2,-2.9275,201.72,922.98
TMD18,7.3,-2.9923,201.76,923.04
TMD18,7.4,-3.0558,201.76,923.09
TMD18,7.5,-3.1204,201.73,923.1
TMD18,7.6,-3.1831,201.84,923.03
TMD18,7.7,-3.2449,201.87,923
TMD18,7.8,-3.3025,201.84,922.69
TMD18,7.9,-3.3665,201.87,922.57
TMD18,8,-3.4268,201.88,922.25
TMD18,8.1,-3.4896,201.93,922.13
TMD18,8.2,-3.5564,201.99,921.72
TMD18,8.3,-3.6189,202,921.46
TMD18,8.4,-3.6825,201.98,921.12
TMD18,8.5,-3.7412,202.06,920.76
TMD18,8.6,-3.8042,202.05,920.16
TMD18,8.7,-3.8683,202.13,919.87
TMD18,8.8,-3.9355,202.21,919.41
TMD18,8.9,-3.9932,202.16,918.57
TMD18,9,-4.0536,202.25,918.15
TMD18,9.1,-4.112,202.24,917.56
TMD18,9.2,-4.1726,202.21,916.67
TMD18,9.3,-4.2375,202.2,915.99
TMD18,9.4,-4.2982,202.15,915.25
TMD18,9.5,-4.3565,202.25,914.49
TMD18,9.6,-4.4169,202.17,913.61
TMD18,9.7,-4.4776,202.21,912.68
TMD18,9.8,-4.5423,202.31,912
TMD18,9.9,-4.6001,202.38,911.07
TMD18,10,-4.658,202.47,910.3
TMD18,10.1,-4.7148,202.46,909.28
TMD18,10.2,-4.7735,202.43,908.28
TMD18,10.3,-4.8355,202.5,907.4
TMD18,10.4,-4.8966,202.53,906.54
TMD18,10.5,-4.9481,202.56,905.35
TMD18,10.6,-5.0076,202.53,904.25
TMD18,10.7,-5.0632,202.59,903.29
TMD18,10.8,-5.1104,202.58,902.31
TMD18,10.9,-5.1705,202.53,900.98
TMD18,11,-5.227,202.44,899.73
TMD18,11.1,-5.2876,202.56,898.73
TMD18,11.2,-5.3418,202.61,897.51
TMD18,11.3,-5.399,202.58,896.43
TMD18,11.4,-5.4517,202.65,895.27
TMD18,11.5,-5.5026,202.64,894.01
TMD18,11.6,-5.5588,202.65,892.69
TMD18,11.7,-5.6079,202.63,891.44
TMD18,11.8,-5.6646,202.53,890
TMD18,11.9,-5.7148,202.64,888.77
TMD18,12,-5.7678,202.65,887.36
TMD18,12.1,-5.8178,202.71,885.92
TMD18,12.2,-5.8694,202.72,884.44
TMD18,12.3,-5.9203,202.73,882.93
TMD18,12.4,-5.9694,202.72,881.36
TMD18,12.5,-6.0209,202.82,879.83
TMD18,12.6,-6.0676,202.77,878.06
TMD18,12.7,-6.1141,202.82,876.52
TMD18,12.8,-6.1637,202.8,874.55
TMD18,12.9,-6.2138,202.87,872.48
TMD18,13,-6.2565,202.86,870.69
TMD18,13.1,-6.3028,202.92,868.5
TMD18,13.2,-6.346,202.96,866.37
TMD18,13.3,-6.3926,202.97,863.99
TMD18,13.4,-6.4336,202.98,861.99
TMD18,13.5,-6.4757,202.96,859.67
TMD18,13.6,-6.5177,202.93,857.38
TMD18,13.7,-6.5586,203.01,855.1
TMD18,13.8,-6.6019,202.95,852.58
TMD18,13.9,-6.6386,203,850.15
TMD18,14,-6.6732,203.05,847.83
TMD18,14.1,-6.7139,203,845.68
TMD18,14.2,-6.7566,202.99,843.2
TMD18,14.3,-6.7925,203.15,841.22
TMD18,14.4,-6.8324,203.12,838.29
TMD18,14.5,-6.8652,203.05,835.52
TMD18,14.6,-6.9006,203.17,833
TMD18,14.7,-6.9316,203.02,830.88
TMD18,14.8,-6.9628,203.07,827.92
TMD18,14.9,-6.9945,203.16,825.18
TMD18,15,-7.0231,203.16,822.52
TMD18,15.1,-7.0544,203.13,819.1
TMD18,15.2,-7.083,203.13,815.57
TMD18,15.3,-7.108,203.18,811.87
TMD18,15.4,-7.1341,203.11,807.89
TMD18,15.5,-7.1562,203.15,804.22
TMD18,15.6,-7.1761,203.1,799.95
TMD18,15.7,-7.1967,203.29,794.96
TMD18,15.8,-7.2149,203.18,790.15
TMD18,15.9,-7.2303,203.19,786.63
TMD18,16,-7.2476,203.22,782.36
TMD18,16.1,-7.2619,203.19,779.14
TMD18,16.2,-7.2745,203.26,777.31
TMD18,16.3,-7.2872,203.31,775.9
TMD18,16.4,-7.3001,203.3,773.94
TMD18,16.5,-7.3124,203.29,772.78
TMD18,16.6,-7.3229,203.31,771.45
TMD18,16.7,-7.3343,203.4,770.85
TMD18,16.8,-7.3453,203.32,769.84
TMD18,16.9,-7.3549,203.29,768.38
TMD18,17,-7.3653,203.41,767.77
TMD18,17.1,-7.3743,203.35,766.7
TMD18,17.2,-7.3834,203.38,765.48
TMD18,17.3,-7.392,203.34,764.33
TMD18,17.4,-7.4002,203.35,764.11
TMD18,17.5,-7.4077,203.37,763.6
TMD18,17.6,-7.4166,203.38,763.05
TMD18,17.7,-7.4245,203.37,763.31
TMD18,17.8,-7.4319,203.33,762.74
TMD18,17.9,-7.4403,203.36,763.49
TMD18,18,-7.449,203.29,763.41
TMD18,18.1,-7.457,203.44,764.48
TMD18,18.2,-7.466,203.42,764.68
TMD18,18.3,-7.4752,203.28,765.22
TMD18,18.4,-7.4847,203.31,766.12
TMD18,18.5,-7.4949,203.31,766.74
TMD18,18.6,-7.5034,203.36,767.33
TMD18,18.7,-7.5129,203.34,767.92
TMD18,18.8,-7.5223,203.33,768.38
TMD18,18.9,-7.5319,203.3,768.87
TMD18,19,-7.5433,203.24,769.37
TMD18,19.1,-7.5541,203.31,770.04
TMD18,19.2,-7.5645,203.33,770.52
TMD18,19.3,-7.5763,203.27,770.66
TMD18,19.4,-7.5874,203.36,770.97
TMD18,19.5,-7.5979,203.35,771.21
TMD18,19.6,-7.6077,203.31,770.85
TMD18,19.7,-7.6197,203.37,771
TMD18,19.8,-7.6318,203.33,771.12
TMD18,19.9,-7.6429,203.31,770.99
TMD18,20,-7.6541,203.3,771.43
TMD19,0,0,299.04,300.84
TMD19,0.1,0.0476,298.72,375.36
TMD19,0.2,0.0948,298.66,450.43
TMD19,0.3,0.1461,298.61,531.03
TMD19,0.4,0.1886,298.62,599.8
TMD19,0.5,0.2227,298.53,660.61
TMD19,0.6,0.2499,298.53,716.06
TMD19,0.7,0.2696,298.48,763.54
TMD19,0.8,0.2849,298.55,809.97
TMD19,0.9,0.293,298.53,848.34
TMD19,1,0.2967,298.48,884.9
TMD19,1.1,0.2954,298.47,917.75
TMD19,1.2,0.2877,298.6,946.34
TMD19,1.3,0.2737,298.6,973.05
TMD19,1.4,0.2561,298.53,998.62
TMD19,1.5,0.2382,298.62,1023.13
TMD19,1.6,0.2179,298.65,1046.15
TMD19,1.7,0.1974,298.69,1065.89
TMD19,1.8,0.1707,298.62,1086.51
TMD19,1.9,0.1437,298.6,1104.33
TMD19,2,0.1166,298.61,1119.98
TMD19,2.1,0.0833,298.66,1136.54
TMD19,2.2,0.0455,298.63,1153.61
TMD19,2.3,0.0127,298.64,1166.35
TMD19,2.4,-0.0257,298.66,1180.02
TMD19,2.5,-0.0613,298.64,1191.47
TMD19,2.6,-0.1061,298.55,1204.71
TMD19,2.7,-0.1478,298.69,1216.17
TMD19,2.8,-0.1911,298.71,1227.08
TMD19,2.9,-0.2396,298.78,1237.66
TMD19,3,-0.2846,298.78,1246.74
TMD19,3.1,-0.3296,298.83,1255.08
TMD19,3.2,-0.3813,298.82,1264
TMD19,3.3,-0.4303,298.91,1272.16
TMD19,3.4,-0.4785,298.93,1279.74
TMD19,3.5,-0.5285,298.96,1286.96
TMD19,3.6,-0.5781,298.99,1293.76
TMD19,3.7,-0.6334,299.01,1300.68
TMD19,3.8,-0.6857,299.05,1306.89
TMD19,3.9,-0.7325,299.06,1311.97
TMD19,4,-0.7921,299.14,1318.25
TMD19,4.1,-0.8514,299.08,1323.84
TMD19,4.2,-0.91,299.2,1329.27
TMD19,4.3,-0.9652,299.23,1333.93
TMD19,4.4,-1.0226,299.23,1338.41
TMD19,4.5,-1.0809,299.26,1342.72
TMD19,4.6,-1.1377,299.3,1346.65
TMD19,4.7,-1.2005,299.3,1350.5
TMD19,4.8,-1.2607,299.34,1353.97
TMD19,4.9,-1.3178,299.3,1357.16
TMD19,5,-1.3794,299.46,1360.63
TMD19,5.1,-1.4405,299.42,1363.36
TMD19,5.2,-1.5013,299.41,1366.13
TMD19,5.3,-1.563,299.55,1368.83
TMD19,5.4,-1.6232,299.57,1371.2
TMD19,5.5,-1.6875,299.52,1373.35
TMD19,5.6,-1.754,299.43,1375.5
TMD19,5.7,-1.8167,299.53,1377.15
TMD19,5.8,-1.881,299.6,1379.33
TMD19,5.9,-1.9458,299.6,1380.58
TMD19,6,-2.0156,299.61,1382.67
TMD19,6.1,-2.0774,299.69,1383.77
TMD19,6.2,-2.1375,299.76,1385.18
TMD19,6.3,-2.205,299.74,1386.38
TMD19,6.4,-2.27,299.77,1387.4
TMD19,6.5,-2.332,299.8,1388.09
TMD19,6.6,-2.3985,299.93,1389.16
TMD19,6.7,-2.464,299.89,1389.64
TMD19,6.8,-2.5339,299.89,1390.34
TMD19,6.9,-2.5951,299.89,1390.85
TMD19,7,-2.6565,299.96,1391.07
TMD19,7.1,-2.7237,299.93,1391.58
TMD19,7.2,-2.7856,300.02,1391.58
TMD19,7.3,-2.8466,300.05,1391.72
TMD19,7.4,-2.9143,300.07,1391.95
TMD19,7.5,-2.9828,300.11,1392.12
TMD19,7.6,-3.0425,300.23,1391.93
TMD19,7.7,-3.1107,300.28,1392.13
TMD19,7.8,-3.1729,300.25,1391.68
TMD19,7.9,-3.2424,300.29,1391.49
TMD19,8,-3.3063,300.33,1391.27
TMD19,8.1,-3.375,300.43,1391.06
TMD19,8.2,-3.4372,300.39,1390.47
TMD19,8.3,-3.5015,300.48,1390.02
TMD19,8.4,-3.563,300.47,1389.53
TMD19,8.5,-3.6275,300.5,1388.85
TMD19,8.6,-3.6959,300.49,1388.22
TMD19,8.7,-3.7568,300.5,1387.48
TMD19,8.8,-3.8204,300.54,1386.67
TMD19,8.9,-3.8847,300.56,1385.58
TMD19,9,-3.9484,300.6,1384.86
TMD19,9.1,-4.0158,300.65,1383.97
TMD19,9.2,-4.0804,300.72,1383
TMD19,9.3,-4.1379,300.73,1381.8
TMD19,9.4,-4.2001,300.72,1380.65
TMD19,9.5,-4.2643,300.74,1379.75
TMD19,9.6,-4.3333,300.76,1378.42
TMD19,9.7,-4.3976,300.78,1377.33
TMD19,9.8,-4.4548,300.92,1376.28
TMD19,9.9,-4.515,300.79,1374.74
TMD19,10,-4.5785,300.77,1373.1
TMD19,10.1,-4.6326,300.8,1371.67
TMD19,10.2,-4.6964,300.78,1370.17
TMD19,10.3,-4.7575,300.8,1368.83
TMD19,10.4,-4.8218,300.84,1367.35
TMD19,10.5,-4.8793,300.9,1365.97
TMD19,10.6,-4.9452,300.95,1364.18
TMD19,10.7,-5.0036,301.02,1362.65
TMD19,10.8,-5.0577,301.01,1361.26
TMD19,10.9,-5.1156,301.05,1359.5
TMD19,11,-5.1732,301.07,1357.65
TMD19,11.1,-5.2359,301.19,1356.13
TMD19,11.2,-5.2902,301.17,1354.45
TMD19,11.3,-5.35,301.15,1352.61
TMD19,11.4,-5.4083,301.17,1351.18
TMD19,11.5,-5.4658,301.16,1349.45
TMD19,11.6,-5.5227,301.08,1347.42
TMD19,11.7,-5.5817,301.14,1345.21
TMD19,11.8,-5.6398,301.13,1343.28
TMD19,11.9,-5.6909,301.23,1341.77
TMD19,12,-5.7452,301.25,1339.89
TMD19,12.1,-5.8026,301.31,1338.02
TMD19,12.2,-5.8585,301.27,1335.95
TMD19,12.3,-5.913,301.32,1333.96
TMD19,12.4,-5.9672,301.36,1331.82
TMD19,12.5,-6.022,301.33,1330.03
TMD19,12.6,-6.0773,301.39,1327.76
TMD19,12.7,-6.1256,301.41,1325.86
TMD19,12.8,-6.1792,301.42,1323.38
TMD19,12.9,-6.2319,301.5,1321.49
TMD19,13,-6.2831,301.5,1319.36
TMD19,13.1,-6.3368,301.44,1317.17
TMD19,13.2,-6.3912,301.49,1315.16
TMD19,13.3,-6.4351,301.57,1313
TMD19,13.4,-6.4889,301.62,1310.52
TMD19,13.5,-6.541,301.64,1308.35
TMD19,13.6,-6.592,301.64,1306.23
TMD19,13.7,-6.6433,301.71,1303.91
TMD19,13.8,-6.6915,301.75,1301.64
TMD19,13.9,-6.7402,301.74,1299.25
TMD19,14,-6.7864,301.7,1296.91
TMD19,14.1,-6.8352,301.72,1294.38
TMD19,14.2,-6.8858,301.77,1292.19
TMD19,14.3,-6.9294,301.79,1290.11
TMD19,14.4,-6.9805,301.78,1287.33
TMD19,14.5,-7.0269,301.79,1284.76
TMD19,14.6,-7.0749,301.83,1282.11
TMD19,14.7,-7.1196,301.87,1279.91
TMD19,14.8,-7.1657,301.86,1277.45
TMD19,14.9,-7.2065,301.92,1275
TMD19,15,-7.2517,301.98,1272.24
TMD19,15.1,-7.2959,301.95,1269.54
TMD19,15.2,-7.3383,301.96,1266.76
TMD19,15.3,-7.3872,302.02,1264.08
TMD19,15.4,-7.4293,301.99,1260.88
TMD19,15.5,-7.4705,302.03,1257.72
TMD19,15.6,-7.5092,302,1254.05
TMD19,15.7,-7.5511,302.11,1250.73
TMD19,15.8,-7.5927,302.11,1247.05
TMD19,15.9,-7.6258,302.17,1243.31
TMD19,16,-7.664,302.19,1239.44
TMD19,16.1,-7.7008,302.1,1235.25
TMD19,16.2,-7.7353,302.08,1230.96
TMD19,16.3,-7.7711,302.13,1227
TMD19,16.4,-7.8068,302.14,1223.05
TMD19,16.5,-7.8399,302.18,1218.66
TMD19,16.6,-7.8734,302.25,1214.58
TMD19,16.7,-7.9027,302.31,1210.5
TMD19,16.8,-7.9313,302.25,1206.66
TMD19,16.9,-7.9606,302.25,1202.35
TMD19,17,-7.9908,302.31,1198.48
TMD19,17.1,-8.0177,302.35,1194.89
TMD19,17.2,-8.0421,302.25,1190.8
TMD19,17.3,-8.0664,302.27,1186.84
TMD19,17.4,-8.0928,302.33,1182.75
TMD19,17.5,-8.1178,302.32,1178.45
TMD19,17.6,-8.1414,302.34,1174.33
TMD19,17.7,-8.1636,302.35,1169.92
TMD19,17.8,-8.1836,302.32,1165.71
TMD19,17.9,-8.2041,302.41,1162.41
TMD19,18,-8.2233,302.43,1158.14
TMD19,18.1,-8.2409,302.36,1155.6
TMD19,18.2,-8.2597,302.37,1152.52
TMD19,18.3,-8.2773,302.41,1149.12
TMD19,18.4,-8.2941,302.33,1145.62
TMD19,18.5,-8.3094,302.43,1143.77
TMD19,18.6,-8.325,302.42,1141.06
TMD19,18.7,-8.3395,302.46,1138.6
TMD19,18.8,-8.3532,302.48,1136.94
TMD19,18.9,-8.3661,302.43,1135.15
TMD19,19,-8.381,302.47,1132.99
TMD19,19.1,-8.3947,302.47,1130.89
TMD19,19.2,-8.4074,302.51,1129.05
TMD19,19.3,-8.4207,302.5,1126.94
TMD19,19.4,-8.4338,302.47,1124.97
TMD19,19.5,-8.4464,302.56,1123.26
TMD19,19.6,-8.4589,302.56,1120.98
TMD19,19.7,-8.4705,302.63,1119.2
TMD19,19.8,-8.4825,302.61,1117.82
TMD19,19.9,-8.4945,302.66,1116.22
TMD19,20,-8.5061,302.72,1115.32
TMD20,0,0.0003,401.46,404.4
TMD20,0.1,0.0389,401.26,471.1
TMD20,0.2,0.0855,401.26,548.11
TMD20,0.3,0.1325,401.36,624.19
TMD20,0.4,0.1764,401.3,695.61
TMD20,0.5,0.2156,401.37,759.81
TMD20,0.6,0.2518,401.38,822.35
TMD20,0.7,0.2851,401.37,880.44
TMD20,0.8,0.3129,401.25,934.3
TMD20,0.9,0.3356,401.21,984.38
TMD20,1,0.3572,401.07,1030.68
TMD20,1.1,0.3729,401.05,1073.57
TMD20,1.2,0.3844,401.14,1113.42
TMD20,1.3,0.3935,401.2,1150.26
TMD20,1.4,0.3988,401.13,1184.66
TMD20,1.5,0.4008,401.17,1216.86
TMD20,1.6,0.4,401.21,1246.96
TMD20,1.7,0.394,401.2,1274.97
TMD20,1.8,0.3832,401.11,1301.18
TMD20,1.9,0.3686,401.09,1325.81
TMD20,2,0.3523,401.13,1349.33
TMD20,2.1,0.3381,401.15,1371.58
TMD20,2.2,0.3227,401.14,1392.25
TMD20,2.3,0.3056,401.21,1412.06
TMD20,2.4,0.2865,401.18,1430.63
TMD20,2.5,0.2648,401.25,1448.39
TMD20,2.6,0.2427,401.26,1465.56
TMD20,2.7,0.2179,401.24,1481.51
TMD20,2.8,0.1921,401.09,1496.13
TMD20,2.9,0.1649,401.08,1510.54
TMD20,3,0.1364,401.16,1524.39
TMD20,3.1,0.1067,401.17,1537.52
TMD20,3.2,0.0757,401.18,1550.14
TMD20,3.3,0.0436,401.26,1562.14
TMD20,3.4,0.0103,401.26,1573.68
TMD20,3.5,-0.0245,401.25,1584.4
TMD20,3.6,-0.0604,401.28,1594.61
TMD20,3.7,-0.0973,401.18,1604.2
TMD20,3.8,-0.1341,401.17,1613.72
TMD20,3.9,-0.1723,401.22,1622.84
TMD20,4,-0.2107,401.27,1631.61
TMD20,4.1,-0.2499,401.37,1639.95
TMD20,4.2,-0.2908,401.46,1647.91
TMD20,4.3,-0.3321,401.5,1655.38
TMD20,4.4,-0.3735,401.5,1662.53
TMD20,4.5,-0.4163,401.53,1669.64
TMD20,4.6,-0.4597,401.25,1675.45
TMD20,4.7,-0.5037,401.34,1681.66
TMD20,4.8,-0.5487,401.46,1687.68
TMD20,4.9,-0.593,401.47,1693.33
TMD20,5,-0.6387,401.49,1698.95
TMD20,5.1,-0.6841,401.58,1704.17
TMD20,5.2,-0.7311,401.53,1708.9
TMD20,5.3,-0.7782,401.57,1713.5
TMD20,5.4,-0.826,401.59,1718.01
TMD20,5.5,-0.8744,401.49,1721.76
TMD20,5.6,-0.9221,401.45,1725.53
TMD20,5.7,-0.9706,401.59,1729.49
TMD20,5.8,-1.0193,401.57,1733.18
TMD20,5.9,-1.0692,401.65,1736.75
TMD20,6,-1.1184,401.62,1739.78
TMD20,6.1,-1.1689,401.65,1742.76
TMD20,6.2,-1.2189,401.65,1745.52
TMD20,6.3,-1.2691,401.68,1748.16
TMD20,6.4,-1.3199,401.72,1750.54
TMD20,6.5,-1.3708,401.54,1752.29
TMD20,6.6,-1.4222,401.7,1754.64
TMD20,6.7,-1.4734,401.65,1756.67
TMD20,6.8,-1.5249,401.72,1758.75
TMD20,6.9,-1.5761,401.8,1760.51
TMD20,7,-1.6279,401.79,1762.06
TMD20,7.1,-1.6796,401.83,1763.56
TMD20,7.2,-1.7314,401.89,1765.21
TMD20,7.3,-1.7838,401.92,1766.49
TMD20,7.4,-1.8355,401.69,1766.92
TMD20,7.5,-1.889,401.77,1767.71
TMD20,7.6,-1.9408,401.8,1768.64
TMD20,7.7,-1.9935,401.93,1769.62
TMD20,7.8,-2.0456,401.98,1770.46
TMD20,7.9,-2.098,402.02,1771.12
TMD20,8,-2.1502,402.11,1771.5
TMD20,8.1,-2.2033,402.06,1771.86
TMD20,8.2,-2.2559,402.06,1771.95
TMD20,8.3,-2.3092,401.92,1771.49
TMD20,8.4,-2.3615,402,1771.68
TMD20,8.5,-2.4133,402.07,1771.96
TMD20,8.6,-2.4654,402.05,1771.78
TMD20,8.7,-2.5174,402.14,1771.81
TMD20,8.8,-2.5701,402.15,1771.32
TMD20,8.9,-2.6223,402.16,1771.17
TMD20,9,-2.6748,402.22,1770.99
TMD20,9.1,-2.7259,402.25,1770.38
TMD20,9.2,-2.7791,402.21,1769.39
TMD20,9.3,-2.8321,402.25,1768.64
TMD20,9.4,-2.8835,402.29,1767.85
TMD20,9.5,-2.9344,402.28,1767.29
TMD20,9.6,-2.9855,402.38,1766.46
TMD20,9.7,-3.0365,402.4,1765.41
TMD20,9.8,-3.0882,402.39,1764.52
TMD20,9.9,-3.1401,402.49,1763.24
TMD20,10,-3.1908,402.57,1762.31
TMD20,10.1,-3.242,402.38,1760.46
TMD20,10.2,-3.2918,402.36,1759.08
TMD20,10.3,-3.342,402.51,1758.24
TMD20,10.4,-3.3916,402.62,1756.91
TMD20,10.5,-3.4406,402.48,1755.57
TMD20,10.6,-3.4903,402.61,1754.3
TMD20,10.7,-3.5397,402.67,1752.92
TMD20,10.8,-3.5883,402.66,1751.26
TMD20,10.9,-3.6375,402.66,1749.67
TMD20,11,-3.6868,402.42,1747.18
TMD20,11.1,-3.7346,402.53,1746.01
TMD20,11.2,-3.7826,402.52,1744.26
TMD20,11.3,-3.8312,402.64,1742.81
TMD20,11.4,-3.8788,402.67,1741.14
TMD20,11.5,-3.9265,402.69,1738.98
TMD20,11.6,-3.9728,402.79,1737.05
TMD20,11.7,-4.0202,402.79,1735.15
TMD20,11.8,-4.0659,402.78,1733.14
TMD20,11.9,-4.1126,402.74,1730.45
TMD20,12,-4.1585,402.78,1728.38
TMD20,12.1,-4.204,402.86,1726.04
TMD20,12.2,-4.2497,402.9,1723.78
TMD20,12.3,-4.2953,402.92,1721.49
TMD20,12.4,-4.34,403,1718.93
TMD20,12.5,-4.3847,403.02,1716.13
TMD20,12.6,-4.4291,402.99,1713.15
TMD20,12.7,-4.4729,402.94,1710.12
TMD20,12.8,-4.5166,402.9,1706.32
TMD20,12.9,-4.5596,402.87,1702.75
TMD20,13,-4.6029,402.96,1699.32
TMD20,13.1,-4.645,402.96,1695.31
TMD20,13.2,-4.6873,403.06,1690.67
TMD20,13.3,-4.7286,403.09,1685.86
TMD20,13.4,-4.7707,403.1,1680.5
TMD20,13.5,-4.811,403.18,1674.97
TMD20,13.6,-4.8506,403.05,1668.6
TMD20,13.7,-4.8897,402.99,1661.37
TMD20,13.8,-4.9279,403.08,1654.67
TMD20,13.9,-4.9643,403.06,1647.39
TMD20,14,-4.9992,403.12,1640
TMD20,14.1,-5.0331,403.17,1632.04
TMD20,14.2,-5.0661,403.19,1623.5
TMD20,14.3,-5.0985,403.2,1615.65
TMD20,14.4,-5.1286,403.2,1608.21
TMD20,14.5,-5.1591,403.18,1601.07
TMD20,14.6,-5.1878,403.07,1594.55
TMD20,14.7,-5.2158,403.18,1588.28
TMD20,14.8,-5.2432,403.31,1581.47
TMD20,14.9,-5.2696,403.19,1574.52
TMD20,15,-5.2952,403.32,1568.57
TMD20,15.1,-5.3192,403.34,1561.59
TMD20,15.2,-5.3424,403.33,1554.4
TMD20,15.3,-5.3638,403.27,1546.24
TMD20,15.4,-5.3839,403.19,1539.77
TMD20,15.5,-5.4027,403.15,1534.23
TMD20,15.6,-5.4205,403.23,1528.66
TMD20,15.7,-5.4371,403.28,1524.24
TMD20,15.8,-5.4539,403.3,1520.28
TMD20,15.9,-5.4702,403.33,1515.93
TMD20,16,-5.4856,403.4,1512.47
TMD20,16.1,-5.5006,403.34,1508.42
TMD20,16.2,-5.515,403.39,1502.89
TMD20,16.3,-5.5296,403.21,1497.88
TMD20,16.4,-5.5425,403.06,1492.14
TMD20,16.5,-5.554,403.22,1486.86
TMD20,16.6,-5.5644,403.3,1482.68
TMD20,16.7,-5.5744,403.3,1478.9
TMD20,16.8,-5.5836,403.32,1475.06
TMD20,16.9,-5.5916,403.39,1472.73
TMD20,17,-5.5996,403.36,1469.91
TMD20,17.1,-5.6069,403.36,1468.6
TMD20,17.2,-5.6146,403.31,1466.9
TMD20,17.3,-5.6221,403.21,1465.57
TMD20,17.4,-5.6284,403.22,1465.82
TMD20,17.5,-5.6353,403.28,1464.65
TMD20,17.6,-5.6416,403.26,1463.61
TMD20,17.7,-5.6484,403.39,1464.3
TMD20,17.8,-5.6547,403.35,1465.61
TMD20,17.9,-5.6615,403.35,1466.28
TMD20,18,-5.6685,403.33,1467.02
TMD20,18.1,-5.6767,403.28,1467.57
TMD20,18.2,-5.6837,403.12,1467.47
TMD20,18.3,-5.6908,403.18,1468.32
TMD20,18.4,-5.6988,403.32,1469.39
TMD20,18.5,-5.7056,403.35,1469.64
TMD20,18.6,-5.7135,403.36,1469.45
TMD20,18.7,-5.7218,403.5,1470.19
TMD20,18.8,-5.7288,403.41,1469.77
TMD20,18.9,-5.7366,403.38,1468.98
TMD20,19,-5.7445,403.31,1467.95
TMD20,19.1,-5.7527,403.29,1467.17
TMD20,19.2,-5.7598,403.24,1466.12
TMD20,19.3,-5.7674,403.22,1464.7
TMD20,19.4,-5.7747,403.33,1464.75
TMD20,19.5,-5.7819,403.38,1464.03
TMD20,19.6,-5.7892,403.4,1464.08
TMD20,19.7,-5.7955,403.38,1463.93
TMD20,19.8,-5.803,403.35,1464
TMD20,19.9,-5.8109,403.3,1463.65
TMD20,20,-5.8183,403.25,1463.6
TMD21,0,0,48.89,50.61
TMD21,0.1,0.0555,48.86,77.16
TMD21,0.2,0.0865,48.85,98.16
TMD21,0.3,0.1106,48.84,117.62
TMD21,0.4,0.1175,48.83,133.79
TMD21,0.5,0.1093,48.85,147.24
TMD21,0.6,0.0825,48.88,158.49
TMD21,0.7,0.0536,48.9,167.56
TMD21,0.8,0.0206,48.94,176.21
TMD21,0.9,-0.018,48.97,183.02
TMD21,1,-0.057,49,188.88
TMD21,1.1,-0.1068,49.01,194.55
TMD21,1.2,-0.1632,49.09,199.86
TMD21,1.3,-0.2174,49.13,204.4
TMD21,1.4,-0.2745,49.14,208.56
TMD21,1.5,-0.3365,49.16,212.15
TMD21,1.6,-0.3864,49.14,215.46
TMD21,1.7,-0.4589,49.18,218.8
TMD21,1.8,-0.5267,49.24,222.03
TMD21,1.9,-0.5986,49.28,224.75
TMD21,2,-0.6685,49.29,227.26
TMD21,2.1,-0.7442,49.35,229.81
TMD21,2.2,-0.8257,49.35,232.09
TMD21,2.3,-0.8988,49.37,234.24
TMD21,2.4,-0.9766,49.42,236.2
TMD21,2.5,-1.0531,49.46,238.21
TMD21,2.6,-1.1349,49.5,239.87
TMD21,2.7,-1.2124,49.54,241.59
TMD21,2.8,-1.299,49.58,243.24
TMD21,2.9,-1.3763,49.67,244.75
TMD21,3,-1.465,49.68,246.17
TMD21,3.1,-1.5574,49.73,247.48
TMD21,3.2,-1.6375,49.72,248.8
TMD21,3.3,-1.7238,49.81,250.04
TMD21,3.4,-1.813,49.89,251.16
TMD21,3.5,-1.8963,49.91,252.08
TMD21,3.6,-1.985,49.88,253.06
TMD21,3.7,-2.0669,49.99,254
TMD21,3.8,-2.1544,50.04,254.9
TMD21,3.9,-2.2446,50.12,255.62
TMD21,4,-2.3244,50.11,256.34
TMD21,4.1,-2.4189,50.18,257.03
TMD21,4.2,-2.5123,50.24,257.81
TMD21,4.3,-2.5931,50.27,258.31
TMD21,4.4,-2.6776,50.26,258.83
TMD21,4.5,-2.7731,50.3,259.22
TMD21,4.6,-2.8656,50.35,259.64
TMD21,4.7,-2.9563,50.41,260.02
TMD21,4.8,-3.0451,50.43,260.39
TMD21,4.9,-3.1387,50.5,260.92
TMD21,5,-3.2362,50.53,261.04
TMD21,5.1,-3.3198,50.56,261.25
TMD21,5.2,-3.4167,50.61,261.5
TMD21,5.3,-3.5018,50.71,261.91
TMD21,5.4,-3.5889,50.78,262.1
TMD21,5.5,-3.6778,50.79,262.02
TMD21,5.6,-3.7748,50.83,262.25
TMD21,5.7,-3.8685,50.81,262.38
TMD21,5.8,-3.9526,50.93,262.7
TMD21,5.9,-4.0434,50.95,262.66
TMD21,6,-4.1333,50.93,262.58
TMD21,6.1,-4.222,50.93,262.51
TMD21,6.2,-4.3037,50.96,262.57
TMD21,6.3,-4.3925,51.02,262.58
TMD21,6.4,-4.4799,51.08,262.51
TMD21,6.5,-4.5688,51.12,262.46
TMD21,6.6,-4.6561,51.12,262.37
TMD21,6.7,-4.7449,51.19,262.3
TMD21,6.8,-4.829,51.27,262.23
TMD21,6.9,-4.912,51.3,262.14
TMD21,7,-5.004,51.32,261.96
TMD21,7.1,-5.0878,51.35,261.76
TMD21,7.2,-5.1767,51.35,261.61
TMD21,7.3,-5.267,51.43,261.52
TMD21,7.4,-5.3539,51.47,261.36
TMD21,7.5,-5.438,51.53,261.08
TMD21,7.6,-5.5196,51.53,260.89
TMD21,7.7,-5.6017,51.59,260.79
TMD21,7.8,-5.6906,51.68,260.72
TMD21,7.9,-5.7661,51.74,260.35
TMD21,8,-5.8554,51.72,260.02
TMD21,8.1,-5.9395,51.82,259.88
TMD21,8.2,-6.0273,51.8,259.8
TMD21,8.3,-6.1082,51.82,259.56
TMD21,8.4,-6.1911,51.87,259.27
TMD21,8.5,-6.2672,51.9,259.08
TMD21,8.6,-6.339,51.98,259.02
TMD21,8.7,-6.4163,51.96,258.66
TMD21,8.8,-6.505,52.05,258.47
TMD21,8.9,-6.5793,52.11,258.12
TMD21,9,-6.658,52.12,257.9
TMD21,9.1,-6.7336,52.18,257.88
TMD21,9.2,-6.8118,52.2,257.58
TMD21,9.3,-6.8908,52.17,257.08
TMD21,9.4,-6.9663,52.26,257.26
TMD21,9.5,-7.0424,52.32,257.01
TMD21,9.6,-7.1184,52.33,256.67
TMD21,9.7,-7.188,52.37,255.85
TMD21,9.8,-7.2615,52.41,255.56
TMD21,9.9,-7.3355,52.45,255.06
TMD21,10,-7.4065,52.5,254.59
TMD21,10.1,-7.4803,52.53,254.03
TMD21,10.2,-7.5497,52.53,253.77
TMD21,10.3,-7.6263,52.57,253.34
TMD21,10.4,-7.7014,52.58,252.78
TMD21,10.5,-7.7631,52.56,252.27
TMD21,10.6,-7.8308,52.65,252.12
TMD21,10.7,-7.9044,52.64,252.02
TMD21,10.8,-7.9718,52.67,251.6
TMD21,10.9,-8.0386,52.75,251.44
TMD21,11,-8.1093,52.79,250.86
TMD21,11.1,-8.1697,52.8,250.56
TMD21,11.2,-8.2408,52.86,250.33
TMD21,11.3,-8.3083,52.88,249.75
TMD21,11.4,-8.3681,52.9,249.14
TMD21,11.5,-8.4424,52.95,248.94
TMD21,11.6,-8.5025,52.97,248.29
TMD21,11.7,-8.5611,52.99,247.78
TMD21,11.8,-8.6242,53.06,247.17
TMD21,11.9,-8.6803,53.05,246.78
TMD21,12,-8.7437,53.07,246.19
TMD21,12.1,-8.8007,53.14,245.54
TMD21,12.2,-8.8569,53.18,245.16
TMD21,12.3,-8.9173,53.16,244.53
TMD21,12.4,-8.9791,53.21,243.89
TMD21,12.5,-9.0413,53.21,243.2
TMD21,12.6,-9.0907,53.27,242.69
TMD21,12.7,-9.1437,53.27,242.08
TMD21,12.8,-9.1988,53.36,241.37
TMD21,12.9,-9.2407,53.35,240.52
TMD21,13,-9.2974,53.39,239.72
TMD21,13.1,-9.3518,53.38,238.77
TMD21,13.2,-9.3973,53.41,237.87
TMD21,13.3,-9.4493,53.43,236.69
TMD21,13.4,-9.4939,53.42,235.76
TMD21,13.5,-9.5376,53.5,234.81
TMD21,13.6,-9.5807,53.48,233.76
TMD21,13.7,-9.6211,53.51,232.66
TMD21,13.8,-9.6647,53.52,231.53
TMD21,13.9,-9.698,53.58,230.44
TMD21,14,-9.7389,53.54,229.27
TMD21,14.1,-9.7764,53.58,228.3
TMD21,14.2,-9.8062,53.62,227.33
TMD21,14.3,-9.8403,53.64,226.44
TMD21,14.4,-9.8706,53.69,225.55
TMD21,14.5,-9.9016,53.73,224.51
TMD21,14.6,-9.9342,53.73,223.86
TMD21,14.7,-9.9507,53.74,222.97
TMD21,14.8,-9.9789,53.8,222.01
TMD21,14.9,-10.0102,53.77,220.94
TMD21,15,-10.0327,53.77,219.98
TMD21,15.1,-10.0575,53.83,219.16
TMD21,15.2,-10.0912,53.83,218.21
TMD21,15.3,-10.1105,53.81,217.47
TMD21,15.4,-10.1342,53.85,216.53
TMD21,15.5,-10.1565,53.79,215.65
TMD21,15.6,-10.1701,53.83,215.23
TMD21,15.7,-10.1932,53.79,214.6
TMD21,15.8,-10.21,53.87,214.13
TMD21,15.9,-10.2295,53.92,213.74
TMD21,16,-10.2479,53.92,213.39
TMD21,16.1,-10.2695,53.92,212.98
TMD21,16.2,-10.2842,53.86,212.4
TMD21,16.3,-10.3063,53.9,212.08
TMD21,16.4,-10.3245,53.97,211.81
TMD21,16.5,-10.3364,53.88,211.45
TMD21,16.6,-10.3625,53.95,211.1
TMD21,16.7,-10.3761,53.9,210.61
TMD21,16.8,-10.3943,53.97,210.38
TMD21,16.9,-10.4083,53.93,210.19
TMD21,17,-10.4243,53.93,209.65
TMD21,17.1,-10.4392,53.96,209.23
TMD21,17.2,-10.4503,54,208.9
TMD21,17.3,-10.4728,54.04,208.54
TMD21,17.4,-10.4877,53.98,208.01
TMD21,17.5,-10.5017,54,207.87
TMD21,17.6,-10.511,54.07,207.6
TMD21,17.7,-10.5253,54.08,207.34
TMD21,17.8,-10.5404,54.04,206.93
TMD21,17.9,-10.5543,54.07,206.67
TMD21,18,-10.5674,54.04,206.27
TMD21,18.1,-10.579,54.05,206.02
TMD21,18.2,-10.5943,54.04,205.72
TMD21,18.3,-10.6032,54.08,205.52
TMD21,18.4,-10.6247,54.04,205.35
TMD21,18.5,-10.6398,54.13,205.25
TMD21,18.6,-10.6498,54.14,204.89
TMD21,18.7,-10.6628,54.17,204.69
TMD21,18.8,-10.6747,54.12,204.47
TMD21,18.9,-10.6805,54.08,204.17
TMD21,19,-10.69,54.16,204.15
TMD21,19.1,-10.7001,54.13,203.93
TMD21,19.2,-10.7115,54.12,203.83
TMD21,19.3,-10.7227,54.07,203.74
TMD21,19.4,-10.7403,54.15,203.8
TMD21,19.5,-10.7457,54.16,203.75
TMD21,19.6,-10.7578,54.17,203.4
TMD21,19.7,-10.767,54.16,203.35
TMD21,19.8,-10.7813,54.19,203.2
TMD21,19.9,-10.7939,54.22,203.32
TMD21,20,-10.8057,54.23,203.23
TMD22,0,0,99.2,101.35
TMD22,0.1,0.07,99.18,156.84
TMD22,0.2,0.1151,99.14,196.8
TMD22,0.3,0.1496,99.13,229.93
TMD22,0.4,0.1679,99.12,256.21
TMD22,0.5,0.1762,99.11,281.06
TMD22,0.6,0.1738,99.06,301.34
TMD22,0.7,0.1669,99.14,318.96
TMD22,0.8,0.1507,99.13,334.86
TMD22,0.9,0.1276,99.14,348.14
TMD22,1,0.1054,99.16,360.9
TMD22,1.1,0.0781,99.21,371.82
TMD22,1.2,0.0399,99.19,381.52
TMD22,1.3,-0.0091,99.16,390.97
TMD22,1.4,-0.048,99.22,399.18
TMD22,1.5,-0.0935,99.31,407.5
TMD22,1.6,-0.1438,99.28,414.66
TMD22,1.7,-0.1858,99.24,421.04
TMD22,1.8,-0.2335,99.36,427.04
TMD22,1.9,-0.2857,99.34,432.71
TMD22,2,-0.3448,99.4,438.29
TMD22,2.1,-0.401,99.38,443.38
TMD22,2.2,-0.4578,99.42,448.07
TMD22,2.3,-0.5204,99.4,452.19
TMD22,2.4,-0.5858,99.41,456.63
TMD22,2.5,-0.645,99.48,460.69
TMD22,2.6,-0.7068,99.54,464.37
TMD22,2.7,-0.7716,99.56,467.75
TMD22,2.8,-0.838,99.57,470.91
TMD22,2.9,-0.904,99.6,474.01
TMD22,3,-0.9732,99.62,477.01
TMD22,3.1,-1.05,99.67,479.69
TMD22,3.2,-1.1166,99.67,482.2
TMD22,3.3,-1.1904,99.72,484.83
TMD22,3.4,-1.2704,99.77,487.1
TMD22,3.5,-1.3368,99.78,489.28
TMD22,3.6,-1.4126,99.79,491.29
TMD22,3.7,-1.4846,99.85,493.19
TMD22,3.8,-1.5609,99.83,494.96
TMD22,3.9,-1.6336,99.94,496.23
TMD22,4,-1.7105,99.94,497.87
TMD22,4.1,-1.7869,100.02,499.35
TMD22,4.2,-1.857,100.1,500.79
TMD22,4.3,-1.9351,100.07,501.64
TMD22,4.4,-2.0162,100.08,502.7
TMD22,4.5,-2.1009,100.15,503.89
TMD22,4.6,-2.179,100.19,504.88
TMD22,4.7,-2.2515,100.27,505.51
TMD22,4.8,-2.3248,100.27,506.13
TMD22,4.9,-2.409,100.31,507.03
TMD22,5,-2.4909,100.34,507.78
TMD22,5.1,-2.5775,100.36,508.31
TMD22,5.2,-2.6535,100.39,508.65
TMD22,5.3,-2.7333,100.46,509.08
TMD22,5.4,-2.8097,100.46,509.47
TMD22,5.5,-2.8943,100.48,509.95
TMD22,5.6,-2.9723,100.6,510.18
TMD22,5.7,-3.0472,100.62,510.44
TMD22,5.8,-3.1283,100.68,510.64
TMD22,5.9,-3.212,100.62,510.74
TMD22,6,-3.2936,100.71,511.01
TMD22,6.1,-3.3732,100.78,511.2
TMD22,6.2,-3.4474,100.83,511.34
TMD22,6.3,-3.5305,100.78,511.08
TMD22,6.4,-3.6063,100.91,511.18
TMD22,6.5,-3.6869,100.93,511.1
TMD22,6.6,-3.7651,100.93,511.11
TMD22,6.7,-3.8438,100.96,510.77
TMD22,6.8,-3.9157,101.02,510.62
TMD22,6.9,-3.9952,101.08,510.6
TMD22,7,-4.0727,101.08,510.49
TMD22,7.1,-4.1557,101.14,510.31
TMD22,7.2,-4.2302,101.17,509.83
TMD22,7.3,-4.3129,101.2,509.63
TMD22,7.4,-4.3921,101.18,509.29
TMD22,7.5,-4.4696,101.27,509.12
TMD22,7.6,-4.5441,101.29,508.58
TMD22,7.7,-4.6229,101.3,508.15
TMD22,7.8,-4.6963,101.35,507.72
TMD22,7.9,-4.7713,101.43,507.45
TMD22,8,-4.8477,101.47,507.08
TMD22,8.1,-4.9248,101.45,506.57
TMD22,8.2,-5.0025,101.5,505.99
TMD22,8.3,-5.0732,101.56,505.46
TMD22,8.4,-5.1545,101.56,504.97
TMD22,8.5,-5.2305,101.61,504.56
TMD22,8.6,-5.3084,101.64,504.02
TMD22,8.7,-5.3733,101.67,503.26
TMD22,8.8,-5.4444,101.67,502.55
TMD22,8.9,-5.5185,101.73,502.14
TMD22,9,-5.5945,101.77,501.56
TMD22,9.1,-5.6645,101.81,500.93
TMD22,9.2,-5.7364,101.83,500.02
TMD22,9.3,-5.8088,101.82,499.32
TMD22,9.4,-5.8836,101.89,498.79
TMD22,9.5,-5.9536,101.92,498.3
TMD22,9.6,-6.0221,101.99,497.51
TMD22,9.7,-6.0882,102,496.64
TMD22,9.8,-6.1603,102.1,495.95
TMD22,9.9,-6.2225,102.09,495.4
TMD22,10,-6.2885,102.11,494.7
TMD22,10.1,-6.3613,102.15,493.65
TMD22,10.2,-6.4314,102.19,492.72
TMD22,10.3,-6.4947,102.26,492.12
TMD22,10.4,-6.5625,102.31,491.46
TMD22,10.5,-6.6294,102.28,490.39
TMD22,10.6,-6.6949,102.37,489.63
TMD22,10.7,-6.7634,102.36,488.62
TMD22,10.8,-6.8255,102.42,487.75
TMD22,10.9,-6.8909,102.44,486.78
TMD22,11,-6.9494,102.49,486.06
TMD22,11.1,-7.0122,102.51,484.98
TMD22,11.2,-7.0747,102.51,483.88
TMD22,11.3,-7.1347,102.6,482.78
TMD22,11.4,-7.1917,102.58,481.78
TMD22,11.5,-7.2533,102.69,480.75
TMD22,11.6,-7.3082,102.67,479.51
TMD22,11.7,-7.3722,102.67,478.14
TMD22,11.8,-7.4259,102.71,477.04
TMD22,11.9,-7.482,102.76,475.97
TMD22,12,-7.5395,102.74,474.53
TMD22,12.1,-7.593,102.8,473.03
TMD22,12.2,-7.6445,102.81,471.7
TMD22,12.3,-7.7005,102.8,470.66
TMD22,12.4,-7.7539,102.78,469.54
TMD22,12.5,-7.8085,102.82,468.12
TMD22,12.6,-7.8586,102.86,466.62
TMD22,12.7,-7.908,102.93,465.29
TMD22,12.8,-7.9613,102.93,463.6
TMD22,12.9,-7.9976,102.93,462.21
TMD22,13,-8.0368,102.95,460.39
TMD22,13.1,-8.0849,103.02,458.95
TMD22,13.2,-8.1208,102.98,457.45
TMD22,13.3,-8.1681,103.07,456.08
TMD22,13.4,-8.2076,103,454.3
TMD22,13.5,-8.2441,103.01,452.49
TMD22,13.6,-8.2852,103.05,451.05
TMD22,13.7,-8.3159,103.08,449.5
TMD22,13.8,-8.3568,103.05,448.08
TMD22,13.9,-8.3926,103.03,446.64
TMD22,14,-8.4255,103.05,445.24
TMD22,14.1,-8.4632,103.11,444.03
TMD22,14.2,-8.4902,103.17,442.82
TMD22,14.3,-8.5154,103.15,441.66
TMD22,14.4,-8.5471,103.09,440.53
TMD22,14.5,-8.5801,103.15,439.38
TMD22,14.6,-8.6079,103.11,438.13
TMD22,14.7,-8.6325,103.13,437.14
TMD22,14.8,-8.6618,103.17,436.29
TMD22,14.9,-8.6859,103.16,435.4
TMD22,15,-8.7173,103.22,434.14
TMD22,15.1,-8.7442,103.19,433.31
TMD22,15.2,-8.7788,103.19,432.59
TMD22,15.3,-8.7992,103.29,431.68
TMD22,15.4,-8.8319,103.23,430.72
TMD22,15.5,-8.8557,103.24,429.73
TMD22,15.6,-8.8773,103.26,428.89
TMD22,15.7,-8.9057,103.35,428.14
TMD22,15.8,-8.9269,103.37,427.5
TMD22,15.9,-8.9515,103.28,426.35
TMD22,16,-8.9771,103.3,425.64
TMD22,16.1,-8.9948,103.44,424.94
TMD22,16.2,-9.0208,103.37,424.14
TMD22,16.3,-9.0468,103.35,423.31
TMD22,16.4,-9.0652,103.37,422.32
TMD22,16.5,-9.0887,103.3,421.55
TMD22,16.6,-9.113,103.34,420.69
TMD22,16.7,-9.1359,103.31,419.58
TMD22,16.8,-9.1611,103.41,418.79
TMD22,16.9,-9.1793,103.32,417.54
TMD22,17,-9.2001,103.52,416.78
TMD22,17.1,-9.2191,103.56,415.93
TMD22,17.2,-9.2395,103.59,414.93
TMD22,17.3,-9.2609,103.53,414.08
TMD22,17.4,-9.2789,103.67,413.48
TMD22,17.5,-9.2958,103.68,412.63
TMD22,17.6,-9.3186,103.55,411.76
TMD22,17.7,-9.3351,103.52,411.4
TMD22,17.8,-9.3535,103.61,410.99
TMD22,17.9,-9.3714,103.64,410.54
TMD22,18,-9.3969,103.69,409.87
TMD22,18.1,-9.4159,103.62,409.46
TMD22,18.2,-9.4272,103.66,409.29
TMD22,18.3,-9.4485,103.65,408.67
TMD22,18.4,-9.4687,103.7,408.22
TMD22,18.5,-9.4822,103.74,407.82
TMD22,18.6,-9.5061,103.69,407.49
TMD22,18.7,-9.5218,103.69,407.11
TMD22,18.8,-9.5391,103.79,406.77
TMD22,18.9,-9.5632,103.75,406.24
TMD22,19,-9.5791,103.69,405.72
TMD22,19.1,-9.5949,103.69,405.33
TMD22,19.2,-9.6125,103.67,404.94
TMD22,19.3,-9.6278,103.71,404.57
TMD22,19.4,-9.6482,103.79,403.97
TMD22,19.5,-9.6663,103.78,403.47
TMD22,19.6,-9.6853,103.72,402.97
TMD22,19.7,-9.7,103.79,402.71
TMD22,19.8,-9.7158,103.86,402.33
TMD22,19.9,-9.7298,103.76,401.74
TMD22,20,-9.7442,103.71,401.45
TMD23,0,0,199.7,202.23
TMD23,0.1,0.0741,199.7,298.55
TMD23,0.2,0.126,199.65,370.62
TMD23,0.3,0.1594,199.58,437.51
TMD23,0.4,0.1914,199.6,492.81
TMD23,0.5,0.21,199.59,540.85
TMD23,0.6,0.2187,199.61,583.3
TMD23,0.7,0.2189,199.6,620.32
TMD23,0.8,0.2133,199.64,651.81
TMD23,0.9,0.1955,199.61,684.59
TMD23,1,0.173,199.66,710.31
TMD23,1.1,0.149,199.62,734.38
TMD23,1.2,0.1214,199.65,757.07
TMD23,1.3,0.0909,199.69,778.75
TMD23,1.4,0.0604,199.69,796.96
TMD23,1.5,0.0227,199.72,814.62
TMD23,1.6,-0.0089,199.77,829.85
TMD23,1.7,-0.0515,199.81,844.13
TMD23,1.8,-0.0995,199.8,858.5
TMD23,1.9,-0.1457,199.8,871.38
TMD23,2,-0.1987,199.76,883.01
TMD23,2.1,-0.2567,199.81,893.98
TMD23,2.2,-0.3179,199.84,905.16
TMD23,2.3,-0.369,199.91,915.26
TMD23,2.4,-0.4316,199.99,924.35
TMD23,2.5,-0.4799,199.96,932.92
TMD23,2.6,-0.5426,200,941.12
TMD23,2.7,-0.6041,200.05,948.79
TMD23,2.8,-0.6642,200.04,955.71
TMD23,2.9,-0.7299,200.13,963.13
TMD23,3,-0.7867,200.12,968.95
TMD23,3.1,-0.8623,200.18,975.05
TMD23,3.2,-0.9314,200.21,980.93
TMD23,3.3,-1.0036,200.15,986.36
TMD23,3.4,-1.0751,200.23,991.6
TMD23,3.5,-1.1499,200.32,996.43
TMD23,3.6,-1.2174,200.3,1000.32
TMD23,3.7,-1.2936,200.33,1004.07
TMD23,3.8,-1.364,200.35,1008.17
TMD23,3.9,-1.4338,200.39,1011.7
TMD23,4,-1.5067,200.48,1014.88
TMD23,4.1,-1.583,200.5,1017.95
TMD23,4.2,-1.6543,200.51,1020.65
TMD23,4.3,-1.7349,200.56,1024.06
TMD23,4.4,-1.8136,200.63,1026.69
TMD23,4.5,-1.8845,200.66,1028.4
TMD23,4.6,-1.9603,200.7,1030.09
TMD23,4.7,-2.0408,200.61,1031.73
TMD23,4.8,-2.1232,200.66,1033.64
TMD23,4.9,-2.1954,200.76,1035.11
TMD23,5,-2.2714,200.78,1036.55
TMD23,5.1,-2.3519,200.77,1037.87
TMD23,5.2,-2.4341,200.86,1039.04
TMD23,5.3,-2.5112,200.89,1040.2
TMD23,5.4,-2.5984,200.91,1041.12
TMD23,5.5,-2.6715,201.02,1042.09
TMD23,5.6,-2.7501,200.99,1042.22
TMD23,5.7,-2.8343,200.97,1042.58
TMD23,5.8,-2.923,201.05,1043.35
TMD23,5.9,-3.0048,201.11,1043.71
TMD23,6,-3.083,201.16,1044.14
TMD23,6.1,-3.1649,201.14,1043.68
TMD23,6.2,-3.2413,201.2,1043.87
TMD23,6.3,-3.3197,201.25,1044.05
TMD23,6.4,-3.3992,201.32,1044.12
TMD23,6.5,-3.4776,201.34,1043.54
TMD23,6.6,-3.5517,201.35,1043.09
TMD23,6.7,-3.6174,201.4,1043.32
TMD23,6.8,-3.7039,201.42,1043.1
TMD23,6.9,-3.7815,201.47,1042.61
TMD23,7,-3.8598,201.54,1042.02
TMD23,7.1,-3.9381,201.54,1041.75
TMD23,7.2,-4.027,201.64,1041.13
TMD23,7.3,-4.1037,201.56,1040.48
TMD23,7.4,-4.185,201.61,1039.65
TMD23,7.5,-4.2666,201.7,1038.81
TMD23,7.6,-4.3435,201.75,1038.09
TMD23,7.7,-4.4165,201.75,1037.3
TMD23,7.8,-4.496,201.8,1036.55
TMD23,7.9,-4.5752,201.86,1035.63
TMD23,8,-4.6495,201.86,1034.47
TMD23,8.1,-4.7234,201.88,1033.22
TMD23,8.2,-4.8,201.95,1032.65
TMD23,8.3,-4.8812,201.97,1032.65
TMD23,8.4,-4.9572,201.99,1031.39
TMD23,8.5,-5.0378,202.05,1029.19
TMD23,8.6,-5.1252,202.09,1027.85
TMD23,8.7,-5.1947,202.15,1026.43
TMD23,8.8,-5.2744,202.12,1025.3
TMD23,8.9,-5.3461,202.16,1024.01
TMD23,9,-5.4118,202.2,1022.48
TMD23,9.1,-5.4851,202.2,1021.16
TMD23,9.2,-5.5634,202.2,1019.88
TMD23,9.3,-5.637,202.23,1018.79
TMD23,9.4,-5.7012,202.27,1017.12
TMD23,9.5,-5.7781,202.33,1015.64
TMD23,9.6,-5.8559,202.36,1014.12
TMD23,9.7,-5.9256,202.36,1012.99
TMD23,9.8,-5.9921,202.45,1011.48
TMD23,9.9,-6.0651,202.44,1009.72
TMD23,10,-6.1392,202.52,1008.2
TMD23,10.1,-6.2084,202.56,1006.59
TMD23,10.2,-6.2775,202.51,1005.15
TMD23,10.3,-6.3511,202.55,1003.49
TMD23,10.4,-6.4168,202.63,1001.75
TMD23,10.5,-6.4854,202.65,999.89
TMD23,10.6,-6.5556,202.73,998.18
TMD23,10.7,-6.6244,202.68,996.46
TMD23,10.8,-6.6876,202.76,995.11
TMD23,10.9,-6.7545,202.79,993.19
TMD23,11,-6.8224,202.88,991.21
TMD23,11.1,-6.8886,202.89,989.43
TMD23,11.2,-6.9532,202.93,987.97
TMD23,11.3,-7.0182,202.9,985.92
TMD23,11.4,-7.0722,202.97,983.89
TMD23,11.5,-7.1415,203.04,981.92
TMD23,11.6,-7.2057,203,980.48
TMD23,11.7,-7.2632,203.03,978.92
TMD23,11.8,-7.3305,203.1,976.54
TMD23,11.9,-7.3957,203.14,974.72
TMD23,12,-7.4517,203.17,972.96
TMD23,12.1,-7.5201,203.18,971.21
TMD23,12.2,-7.5783,203.2,969.06
TMD23,12.3,-7.6454,203.24,966.76
TMD23,12.4,-7.7055,203.26,964.47
TMD23,12.5,-7.7679,203.33,962.64
TMD23,12.6,-7.8208,203.41,961.1
TMD23,12.7,-7.8783,203.35,958.79
TMD23,12.8,-7.9298,203.39,956.63
TMD23,12.9,-7.9879,203.44,954.45
TMD23,13,-8.0414,203.45,952.38
TMD23,13.1,-8.0966,203.47,950.56
TMD23,13.2,-8.1495,203.56,948.17
TMD23,13.3,-8.2013,203.58,945.81
TMD23,13.4,-8.2538,203.62,943.52
TMD23,13.5,-8.3064,203.64,941.53
TMD23,13.6,-8.3599,203.64,939.43
TMD23,13.7,-8.4176,203.6,936.93
TMD23,13.8,-8.4703,203.69,934.45
TMD23,13.9,-8.5227,203.67,932.22
TMD23,14,-8.5721,203.7,930.06
TMD23,14.1,-8.6232,203.77,928.02
TMD23,14.2,-8.6675,203.81,925.83
TMD23,14.3,-8.7133,203.78,923.07
TMD23,14.4,-8.7632,203.85,921.12
TMD23,14.5,-8.8051,203.88,919.05
TMD23,14.6,-8.8525,203.88,916.64
TMD23,14.7,-8.8981,203.89,914.03
TMD23,14.8,-8.9438,203.88,911.64
TMD23,14.9,-8.9915,203.89,909.22
TMD23,15,-9.0356,203.93,907.48
TMD23,15.1,-9.082,203.98,905.17
TMD23,15.2,-9.1267,203.96,902.42
TMD23,15.3,-9.1677,204.02,900.24
TMD23,15.4,-9.2082,204.06,897.88
TMD23,15.5,-9.2504,204.1,895.68
TMD23,15.6,-9.2898,204.06,893.34
TMD23,15.7,-9.3263,204.13,890.9
TMD23,15.8,-9.3654,204.11,888.46
TMD23,15.9,-9.401,204.16,886.16
TMD23,16,-9.4413,204.17,884.09
TMD23,16.1,-9.4783,204.14,881.81
TMD23,16.2,-9.5147,204.2,879.5
TMD23,16.3,-9.5511,204.18,876.95
TMD23,16.4,-9.5866,204.19,874.7
TMD23,16.5,-9.6161,204.22,872.44
TMD23,16.6,-9.6516,204.17,870.15
TMD23,16.7,-9.6856,204.19,867.28
TMD23,16.8,-9.7146,204.23,864.66
TMD23,16.9,-9.7496,204.24,862.45
TMD23,17,-9.7844,204.23,859.91
TMD23,17.1,-9.8114,204.28,857
TMD23,17.2,-9.8367,204.26,854.16
TMD23,17.3,-9.8642,204.26,851.35
TMD23,17.4,-9.8938,204.33,849.09
TMD23,17.5,-9.916,204.31,847
TMD23,17.6,-9.9369,204.31,844.77
TMD23,17.7,-9.9621,204.33,842.75
TMD23,17.8,-9.9871,204.33,840.93
TMD23,17.9,-10.0044,204.33,839.48
TMD23,18,-10.0281,204.36,837.49
TMD23,18.1,-10.0496,204.41,836.04
TMD23,18.2,-10.0717,204.38,834.68
TMD23,18.3,-10.0955,204.44,833.36
TMD23,18.4,-10.1214,204.41,831.96
TMD23,18.5,-10.1427,204.42,830.32
TMD23,18.6,-10.1647,204.43,828.97
TMD23,18.7,-10.1883,204.42,827.56
TMD23,18.8,-10.2015,204.39,826.65
TMD23,18.9,-10.2217,204.44,825.33
TMD23,19,-10.2465,204.41,824.17
TMD23,19.1,-10.2601,204.46,822.94
TMD23,19.2,-10.2862,204.41,821.29
TMD23,19.3,-10.3026,204.37,820.41
TMD23,19.4,-10.3197,204.38,819.41
TMD23,19.5,-10.3401,204.44,818.06
TMD23,19.6,-10.3649,204.48,816.86
TMD23,19.7,-10.3795,204.5,815.89
TMD23,19.8,-10.4099,204.49,815.04
TMD23,19.9,-10.4248,204.53,813.7
TMD23,20,-10.4459,204.49,812.45
TMD24,0,0,300.84,302.84
TMD24,0.1,0.0729,300.77,437.06
TMD24,0.2,0.1319,300.5,538.4
TMD24,0.3,0.1744,300.46,628.96
TMD24,0.4,0.2052,300.47,704.69
TMD24,0.5,0.2271,300.68,772.77
TMD24,0.6,0.2415,300.59,833.94
TMD24,0.7,0.247,300.37,888.98
TMD24,0.8,0.2498,300.5,938.45
TMD24,0.9,0.2337,300.63,982.11
TMD24,1,0.2243,300.47,1022.56
TMD24,1.1,0.2088,300.32,1059.1
TMD24,1.2,0.1854,300.55,1091.44
TMD24,1.3,0.1619,300.75,1122.23
TMD24,1.4,0.1383,300.56,1148.89
TMD24,1.5,0.1069,300.54,1176.03
TMD24,1.6,0.0727,300.53,1199.47
TMD24,1.7,0.0332,300.61,1220.31
TMD24,1.8,-0.0022,300.58,1241.41
TMD24,1.9,-0.0489,300.44,1259.99
TMD24,2,-0.0985,300.68,1278.64
TMD24,2.1,-0.148,300.65,1295.57
TMD24,2.2,-0.1922,300.75,1310.94
TMD24,2.3,-0.2478,300.56,1324.66
TMD24,2.4,-0.2908,300.66,1338.09
TMD24,2.5,-0.3427,300.56,1351.09
TMD24,2.6,-0.4023,300.66,1363.65
TMD24,2.7,-0.4595,300.69,1375.24
TMD24,2.8,-0.5215,300.61,1385.73
TMD24,2.9,-0.5914,300.71,1395.89
TMD24,3,-0.648,300.66,1405.33
TMD24,3.1,-0.7071,300.62,1414.3
TMD24,3.2,-0.7744,300.71,1423.09
TMD24,3.3,-0.8399,300.85,1430.74
TMD24,3.4,-0.905,300.81,1438.26
TMD24,3.5,-0.9661,300.8,1445.63
TMD24,3.6,-1.0358,300.87,1452.15
TMD24,3.7,-1.1113,301.01,1458.62
TMD24,3.8,-1.1774,300.67,1464.43
TMD24,3.9,-1.253,301.03,1470.61
TMD24,4,-1.3243,300.99,1474.7
TMD24,4.1,-1.3975,301,1479.59
TMD24,4.2,-1.4609,301.05,1484.33
TMD24,4.3,-1.5335,301.09,1488.61
TMD24,4.4,-1.5976,300.88,1491.63
TMD24,4.5,-1.6754,300.97,1495.44
TMD24,4.6,-1.749,301.2,1498.66
TMD24,4.7,-1.8225,301.11,1501.67
TMD24,4.8,-1.9011,301.11,1504.29
TMD24,4.9,-1.9789,301.4,1506.64
TMD24,5,-2.0486,301.07,1508.22
TMD24,5.1,-2.1239,301.32,1510.95
TMD24,5.2,-2.1912,301.11,1512.97
TMD24,5.3,-2.2765,301.19,1514.26
TMD24,5.4,-2.3546,301.41,1515.59
TMD24,5.5,-2.4351,301.19,1516.56
TMD24,5.6,-2.5071,301.46,1518.71
TMD24,5.7,-2.586,301.54,1519.67
TMD24,5.8,-2.665,301.55,1520.26
TMD24,5.9,-2.7422,301.53,1521.02
TMD24,6,-2.8159,301.31,1521.83
TMD24,6.1,-2.8966,301.33,1523.01
TMD24,6.2,-2.9729,301.44,1523.37
TMD24,6.3,-3.0547,301.68,1523.52
TMD24,6.4,-3.1346,301.66,1523.96
TMD24,6.5,-3.2119,301.48,1523.2
TMD24,6.6,-3.2889,301.56,1523.29
TMD24,6.7,-3.3717,301.87,1523.41
TMD24,6.8,-3.4465,301.42,1522.51
TMD24,6.9,-3.5228,301.61,1521.39
TMD24,7,-3.598,301.9,1521.53
TMD24,7.1,-3.672,301.7,1521.15
TMD24,7.2,-3.7556,301.92,1520.58
TMD24,7.3,-3.8253,301.93,1519.49
TMD24,7.4,-3.9071,301.84,1517.93
TMD24,7.5,-3.9788,301.97,1517.95
TMD24,7.6,-4.0593,302.06,1517.37
TMD24,7.7,-4.1323,302.05,1516.1
TMD24,7.8,-4.2101,301.98,1514.58
TMD24,7.9,-4.2921,302.11,1513.48
TMD24,8,-4.381,302.03,1512.36
TMD24,8.1,-4.4505,302.23,1511.62
TMD24,8.2,-4.535,302.25,1510.23
TMD24,8.3,-4.6071,302.26,1508.32
TMD24,8.4,-4.6771,302.16,1506.63
TMD24,8.5,-4.7441,302.39,1505.18
TMD24,8.6,-4.818,302.21,1503.62
TMD24,8.7,-4.8915,302.36,1502.06
TMD24,8.8,-4.9753,302.42,1500.2
TMD24,8.9,-5.0554,302.58,1498
TMD24,9,-5.1302,302.55,1496.3
TMD24,9.1,-5.1974,302.28,1494.53
TMD24,9.2,-5.2749,302.34,1492.97
TMD24,9.3,-5.3494,302.47,1490.8
TMD24,9.4,-5.4253,302.34,1488.12
TMD24,9.5,-5.5004,302.42,1486.61
TMD24,9.6,-5.5786,302.49,1484.74
TMD24,9.7,-5.6525,302.75,1483.17
TMD24,9.8,-5.723,302.87,1480.66
TMD24,9.9,-5.7959,302.97,1478.6
TMD24,10,-5.8608,302.67,1476.1
TMD24,10.1,-5.9336,302.7,1474.21
TMD24,10.2,-6.0026,302.9,1472.03
TMD24,10.3,-6.073,302.99,1469.63
TMD24,10.4,-6.1381,302.72,1467.12
TMD24,10.5,-6.2073,303.01,1465.27
TMD24,10.6,-6.2818,302.81,1462.87
TMD24,10.7,-6.3488,303.12,1460.55
TMD24,10.8,-6.4118,302.88,1457.9
TMD24,10.9,-6.4876,303.14,1455.67
TMD24,11,-6.554,302.87,1453.18
TMD24,11.1,-6.6218,303.21,1451.08
TMD24,11.2,-6.6911,302.99,1448.18
TMD24,11.3,-6.756,303.02,1445.49
TMD24,11.4,-6.8274,303.3,1443.19
TMD24,11.5,-6.8929,303.12,1440.61
TMD24,11.6,-6.9565,303.2,1438.17
TMD24,11.7,-7.0195,303.41,1435.77
TMD24,11.8,-7.0908,303.3,1432.44
TMD24,11.9,-7.1436,303.28,1430.12
TMD24,12,-7.2106,303.31,1427.48
TMD24,12.1,-7.279,303.46,1424.81
TMD24,12.2,-7.3566,303.28,1421.19
TMD24,12.3,-7.4015,303.21,1418.37
TMD24,12.4,-7.4638,303.39,1415.78
TMD24,12.5,-7.5272,303.36,1413.04
TMD24,12.6,-7.5905,303.35,1409.52
TMD24,12.7,-7.6544,303.42,1405.64
TMD24,12.8,-7.7156,303.65,1402.52
TMD24,12.9,-7.7706,303.74,1399.45
TMD24,13,-7.8253,303.47,1395.61
TMD24,13.1,-7.8913,303.53,1390.99
TMD24,13.2,-7.9436,303.78,1386.82
TMD24,13.3,-7.9962,303.48,1382.47
TMD24,13.4,-8.0567,303.83,1379.04
TMD24,13.5,-8.1046,303.55,1374.32
TMD24,13.6,-8.1521,303.72,1370.17
TMD24,13.7,-8.2029,303.58,1365.41
TMD24,13.8,-8.2511,303.82,1361.29
TMD24,13.9,-8.3001,303.77,1356.38
TMD24,14,-8.3562,303.62,1351.45
TMD24,14.1,-8.3966,303.71,1346.84
TMD24,14.2,-8.4411,303.74,1342.11
TMD24,14.3,-8.4812,303.69,1337
TMD24,14.4,-8.532,303.86,1331.74
TMD24,14.5,-8.581,304.04,1326.04
TMD24,14.6,-8.6134,303.9,1319.98
TMD24,14.7,-8.6527,303.79,1313.27
TMD24,14.8,-8.6963,303.83,1307.51
TMD24,14.9,-8.7277,304.06,1302.71
TMD24,15,-8.7583,303.73,1296.94
TMD24,15.1,-8.793,304.1,1291.73
TMD24,15.2,-8.8348,303.66,1286.62
TMD24,15.3,-8.8651,303.89,1282.66
TMD24,15.4,-8.8921,303.96,1278.59
TMD24,15.5,-8.9232,304.08,1273.76
TMD24,15.6,-8.9481,304.13,1268.81
TMD24,15.7,-8.9891,304.02,1263.51
TMD24,15.8,-9.0068,304.03,1260.07
TMD24,15.9,-9.0416,304,1255.49
TMD24,16,-9.0714,303.83,1250.27
TMD24,16.1,-9.0932,303.89,1245.78
TMD24,16.2,-9.1201,304.07,1241.96
TMD24,16.3,-9.1529,303.78,1237.67
TMD24,16.4,-9.1609,304.05,1232.89
TMD24,16.5,-9.1891,304.09,1227.28
TMD24,16.6,-9.2088,304.1,1221.78
TMD24,16.7,-9.2348,304.27,1214.56
TMD24,16.8,-9.2571,304.14,1206.37
TMD24,16.9,-9.2738,304,1196.87
TMD24,17,-9.2922,303.99,1186.73
TMD24,17.1,-9.3053,303.94,1177.15
TMD24,17.2,-9.3177,303.92,1169.31
TMD24,17.3,-9.3275,303.81,1163.46
TMD24,17.4,-9.3401,303.96,1158.93
TMD24,17.5,-9.3456,304.16,1155.38
TMD24,17.6,-9.3554,303.85,1152.08
TMD24,17.7,-9.3644,303.86,1149.78
TMD24,17.8,-9.3704,303.89,1148.14
TMD24,17.9,-9.3803,304.21,1147.17
TMD24,18,-9.3863,303.89,1146.12
TMD24,18.1,-9.3986,303.98,1145.18
TMD24,18.2,-9.3985,304.15,1145.77
TMD24,18.3,-9.4136,303.91,1144.19
TMD24,18.4,-9.4303,304.07,1143.41
TMD24,18.5,-9.4313,304.07,1143.07
TMD24,18.6,-9.4509,303.93,1141.62
TMD24,18.7,-9.4483,304.18,1140.89
TMD24,18.8,-9.4648,303.84,1139.42
TMD24,18.9,-9.4788,304.24,1137.87
TMD24,19,-9.484,304.11,1134.88
TMD24,19.1,-9.4958,303.83,1132.87
TMD24,19.2,-9.5073,304.02,1131.13
TMD24,19.3,-9.5111,304.32,1129.17
TMD24,19.4,-9.521,304.11,1126.98
TMD24,19.5,-9.5285,303.95,1125.62
TMD24,19.6,-9.5379,303.99,1124.74
TMD24,19.7,-9.5459,304.05,1123.67
TMD24,19.8,-9.5522,304.07,1122.72
TMD24,19.9,-9.5575,304.17,1122
TMD24,20,-9.5647,304.12,1121.22
TMD25,0,0,398.49,400.55
TMD25,0.1,0.0847,398.43,541.87
TMD25,0.2,0.1408,398.29,651.17
TMD25,0.3,0.1863,398.31,751.45
TMD25,0.4,0.2263,398.28,840.59
TMD25,0.5,0.2623,398.31,919.66
TMD25,0.6,0.2851,398.25,994.16
TMD25,0.7,0.3033,398.24,1060.38
TMD25,0.8,0.3179,398.32,1121.68
TMD25,0.9,0.3229,398.26,1174.33
TMD25,1,0.3256,398.26,1224.92
TMD25,1.1,0.324,398.24,1270.41
TMD25,1.2,0.314,398.3,1311.22
TMD25,1.3,0.2955,398.32,1349.26
TMD25,1.4,0.278,398.29,1382.92
TMD25,1.5,0.2603,398.32,1415.34
TMD25,1.6,0.2403,398.31,1444.39
TMD25,1.7,0.2171,398.37,1470.9
TMD25,1.8,0.1909,398.39,1495.71
TMD25,1.9,0.1713,398.38,1519.27
TMD25,2,0.1358,398.38,1542.16
TMD25,2.1,0.1034,398.34,1562.95
TMD25,2.2,0.0688,398.4,1582.6
TMD25,2.3,0.039,398.43,1599.74
TMD25,2.4,-0.0135,398.43,1615.67
TMD25,2.5,-0.0535,398.47,1631.73
TMD25,2.6,-0.0961,398.46,1647.32
TMD25,2.7,-0.1416,398.52,1661.51
TMD25,2.8,-0.1803,398.5,1674.75
TMD25,2.9,-0.2283,398.55,1688.17
TMD25,3,-0.2694,398.53,1699.28
TMD25,3.1,-0.3162,398.59,1710.36
TMD25,3.2,-0.3679,398.57,1721.33
TMD25,3.3,-0.4168,398.56,1731.39
TMD25,3.4,-0.4678,398.6,1740.27
TMD25,3.5,-0.5179,398.62,1749.29
TMD25,3.6,-0.5716,398.6,1757.71
TMD25,3.7,-0.6214,398.65,1765.67
TMD25,3.8,-0.6854,398.66,1773.46
TMD25,3.9,-0.7356,398.69,1780.81
TMD25,4,-0.7899,398.72,1787.56
TMD25,4.1,-0.8496,398.8,1793.6
TMD25,4.2,-0.9074,398.85,1799.48
TMD25,4.3,-0.9619,398.83,1805.32
TMD25,4.4,-1.0162,398.84,1810.72
TMD25,4.5,-1.0772,398.89,1815.2
TMD25,4.6,-1.134,398.92,1819.52
TMD25,4.7,-1.1925,398.9,1823.67
TMD25,4.8,-1.255,398.95,1828.19
TMD25,4.9,-1.316,398.92,1832.08
TMD25,5,-1.3735,399.04,1835.02
TMD25,5.1,-1.4262,399.01,1838.12
TMD25,5.2,-1.4853,398.99,1841.14
TMD25,5.3,-1.545,399.04,1844.27
TMD25,5.4,-1.6068,399.05,1846.48
TMD25,5.5,-1.6698,399.09,1848.34
TMD25,5.6,-1.7352,399.11,1850.29
TMD25,5.7,-1.8003,399.13,1853.02
TMD25,5.8,-1.8679,399.17,1854.68
TMD25,5.9,-1.9263,399.13,1856.16
TMD25,6,-1.9913,399.2,1857.25
TMD25,6.1,-2.0493,399.18,1858.89
TMD25,6.2,-2.116,399.24,1859.95
TMD25,6.3,-2.1718,399.26,1861.29
TMD25,6.4,-2.2473,399.27,1862.32
TMD25,6.5,-2.3207,399.3,1862.52
TMD25,6.6,-2.378,399.38,1862.71
TMD25,6.7,-2.4449,399.39,1863.16
TMD25,6.8,-2.5082,399.39,1863.74
TMD25,6.9,-2.5759,399.43,1863.79
TMD25,7,-2.6421,399.44,1863.29
TMD25,7.1,-2.7033,399.48,1863.01
TMD25,7.2,-2.764,399.52,1863.44
TMD25,7.3,-2.8275,399.53,1863.23
TMD25,7.4,-2.889,399.55,1862.99
TMD25,7.5,-2.9494,399.57,1862.05
TMD25,7.6,-3.017,399.57,1861.53
TMD25,7.7,-3.0755,399.59,1861.15
TMD25,7.8,-3.1387,399.65,1860.76
TMD25,7.9,-3.2085,399.67,1859.78
TMD25,8,-3.2741,399.63,1858.58
TMD25,8.1,-3.3359,399.7,1858.07
TMD25,8.2,-3.3965,399.67,1856.95
TMD25,8.3,-3.4647,399.69,1856.29
TMD25,8.4,-3.5222,399.73,1854.86
TMD25,8.5,-3.5838,399.74,1853.83
TMD25,8.6,-3.6463,399.74,1852.36
TMD25,8.7,-3.7068,399.75,1851.14
TMD25,8.8,-3.7745,399.81,1850.01
TMD25,8.9,-3.8353,399.77,1848.54
TMD25,9,-3.8955,399.8,1846.87
TMD25,9.1,-3.9579,399.6,1844.01
TMD25,9.2,-4.0215,399.61,1842.81
TMD25,9.3,-4.0846,399.65,1841.28
TMD25,9.4,-4.1498,399.7,1839.75
TMD25,9.5,-4.2108,399.78,1837.43
TMD25,9.6,-4.2662,399.74,1835.76
TMD25,9.7,-4.341,399.78,1834.16
TMD25,9.8,-4.401,399.76,1832.45
TMD25,9.9,-4.4609,399.8,1830.64
TMD25,10,-4.5216,399.8,1828.35
TMD25,10.1,-4.5779,399.85,1826.61
TMD25,10.2,-4.6337,399.9,1825.49
TMD25,10.3,-4.6893,399.91,1823.36
TMD25,10.4,-4.7464,399.91,1821.16
TMD25,10.5,-4.8024,400,1818.68
TMD25,10.6,-4.8631,399.97,1816.52
TMD25,10.7,-4.9244,399.97,1814.68
TMD25,10.8,-4.9819,400.01,1812.06
TMD25,10.9,-5.0388,400,1810.13
TMD25,11,-5.0975,400.05,1808.23
TMD25,11.1,-5.153,400.1,1805.7
TMD25,11.2,-5.2152,400.11,1803.34
TMD25,11.3,-5.2686,400.05,1801.36
TMD25,11.4,-5.3251,400.14,1798.96
TMD25,11.5,-5.3872,400.18,1796.21
TMD25,11.6,-5.4424,400.19,1794
TMD25,11.7,-5.4973,400.21,1791.62
TMD25,11.8,-5.5516,400.26,1789.35
TMD25,11.9,-5.6057,400.23,1786.38
TMD25,12,-5.6617,400.29,1783.96
TMD25,12.1,-5.7174,400.29,1781.69
TMD25,12.2,-5.7664,400.32,1779.37
TMD25,12.3,-5.8243,400.33,1776.56
TMD25,12.4,-5.8729,400.35,1773.13
TMD25,12.5,-5.9298,400.41,1771.03
TMD25,12.6,-5.9835,400.38,1768.87
TMD25,12.7,-6.0358,400.34,1766.03
TMD25,12.8,-6.089,400.29,1762.94
TMD25,12.9,-6.1405,400.29,1760.28
TMD25,13,-6.1933,400.31,1758.06
TMD25,13.1,-6.248,400.34,1755.59
TMD25,13.2,-6.2954,400.44,1752.76
TMD25,13.3,-6.3499,400.49,1750.12
TMD25,13.4,-6.3965,400.39,1747.16
TMD25,13.5,-6.44,400.45,1745.06
TMD25,13.6,-6.4944,400.5,1741.92
TMD25,13.7,-6.5423,400.52,1739.29
TMD25,13.8,-6.5886,400.49,1736.3
TMD25,13.9,-6.6433,400.48,1732.97
TMD25,14,-6.6884,400.47,1729.76
TMD25,14.1,-6.7415,400.45,1727.03
TMD25,14.2,-6.7868,400.5,1724.08
TMD25,14.3,-6.8314,400.5,1720.69
TMD25,14.4,-6.8818,400.54,1716.96
TMD25,14.5,-6.926,400.59,1713.98
TMD25,14.6,-6.9714,400.61,1711.05
TMD25,14.7,-7.0173,400.65,1707.34
TMD25,14.8,-7.0636,400.71,1703.32
TMD25,14.9,-7.106,400.72,1700.03
TMD25,15,-7.1507,400.73,1696.89
TMD25,15.1,-7.1994,400.73,1693.56
TMD25,15.2,-7.2431,400.77,1689.59
TMD25,15.3,-7.2819,400.86,1686.16
TMD25,15.4,-7.3186,400.84,1682.51
TMD25,15.5,-7.3575,400.82,1679.55
TMD25,15.6,-7.406,400.85,1675.66
TMD25,15.7,-7.4462,400.82,1671.88
TMD25,15.8,-7.4792,400.83,1667.91
TMD25,15.9,-7.5208,400.77,1664.58
TMD25,16,-7.5589,400.87,1660.71
TMD25,16.1,-7.5998,400.85,1657.16
TMD25,16.2,-7.6364,400.82,1652.89
TMD25,16.3,-7.6851,400.82,1649.02
TMD25,16.4,-7.7198,400.85,1645.12
TMD25,16.5,-7.7586,400.83,1641.27
TMD25,16.6,-7.7903,400.85,1637.59
TMD25,16.7,-7.8217,400.86,1633.49
TMD25,16.8,-7.8593,400.87,1629.38
TMD25,16.9,-7.8918,400.94,1625.24
TMD25,17,-7.9289,400.94,1621.36
TMD25,17.1,-7.9582,400.92,1617.06
TMD25,17.2,-7.9944,400.91,1613.1
TMD25,17.3,-8.0324,400.95,1608.57
TMD25,17.4,-8.0659,400.99,1604.79
TMD25,17.5,-8.0997,401.02,1600.67
TMD25,17.6,-8.1263,401.01,1596.4
TMD25,17.7,-8.1549,401.02,1591.88
TMD25,17.8,-8.1856,400.97,1587.99
TMD25,17.9,-8.2158,401.06,1583.83
TMD25,18,-8.2459,401.08,1579.79
TMD25,18.1,-8.2745,401.05,1574.86
TMD25,18.2,-8.3002,401.05,1570.26
TMD25,18.3,-8.3329,401.11,1566.68
TMD25,18.4,-8.3599,401.14,1562.86
TMD25,18.5,-8.3901,401.11,1558.26
TMD25,18.6,-8.4206,401.16,1554.14
TMD25,18.7,-8.4459,401.18,1550.14
TMD25,18.8,-8.4756,401.17,1546.23
TMD25,18.9,-8.5012,401.17,1541.95
TMD25,19,-8.5302,401.15,1537.56
TMD25,19.1,-8.5562,401.22,1533.49
TMD25,19.2,-8.5786,401.2,1529.53
TMD25,19.3,-8.6043,401.21,1525.39
TMD25,19.4,-8.63,401.21,1521.22
TMD25,19.5,-8.6504,401.18,1517.4
TMD25,19.6,-8.6764,401.19,1513.2
TMD25,19.7,-8.7002,401.18,1508.73
TMD25,19.8,-8.722,401.23,1505.09
TMD25,19.9,-8.7423,401.17,1501.08
TMD25,20,-8.7485,401.21,1497.08
